transaction_id,date,period,account_name,account_type,subsidiary,department,debit,credit
TXN50000,2024-11-23,Nov 2024,Cash - Payroll,Bank,UK Operations,Engineering,37103.37,0.0
TXN50000,2024-11-23,Nov 2024,Product Sales,Income,UK Operations,Engineering,0.0,37103.37
TXN50001,2024-12-12,Dec 2024,Cash - Payroll,Bank,UK Operations,Operations,21153.9,0.0
TXN50001,2024-12-12,Dec 2024,Service Revenue,Income,UK Operations,Operations,0.0,21153.9
TXN50002,2024-09-15,Sep 2024,Professional Fees,Expense,US Headquarters,Operations,10022.0,0.0
TXN50002,2024-09-15,Sep 2024,Prepaid Expenses,OthCurrAsset,US Headquarters,Operations,0.0,10022.0
TXN50003,2024-04-22,Apr 2024,Prepaid Expenses,OthCurrAsset,Singapore Pte Ltd,Operations,13981.72,0.0
TXN50003,2024-04-22,Apr 2024,Prepaid Expenses,OthCurrAsset,Singapore Pte Ltd,Operations,0.0,13981.72
TXN50004,2024-03-22,Mar 2024,Prepaid Expenses,OthCurrAsset,Japan KK,Marketing,13965.78,0.0
TXN50004,2024-03-22,Mar 2024,Consulting Revenue,Income,Japan KK,Marketing,0.0,13965.78
TXN50005,2024-02-22,Feb 2024,Short-term Loans,OthCurrLiab,UK Operations,Finance,4926.15,0.0
TXN50005,2024-02-22,Feb 2024,Accounts Receivable,AcctRec,UK Operations,Finance,0.0,4926.15
TXN50006,2024-01-23,Jan 2024,Cash - Operating,Bank,Singapore Pte Ltd,Operations,6328.83,0.0
TXN50006,2024-01-23,Jan 2024,Inventory - Raw Materials,OthCurrAsset,Singapore Pte Ltd,Operations,0.0,6328.83
TXN50007,2024-05-30,May 2024,Inventory - Finished Goods,OthCurrAsset,Australia Pty Ltd,Operations,9695.2,0.0
TXN50007,2024-05-30,May 2024,Service Revenue,Income,Australia Pty Ltd,Operations,0.0,9695.2
TXN50008,2024-05-28,May 2024,Travel and Entertainment,Expense,UK Operations,Sales,43337.53,0.0
TXN50008,2024-05-28,May 2024,Payroll Liabilities,OthCurrLiab,UK Operations,Sales,0.0,43337.53
TXN50009,2024-07-05,Jul 2024,Interest Expense,OthExpense,Germany GmbH,Marketing,17828.01,0.0
TXN50009,2024-07-05,Jul 2024,Payroll Liabilities,OthCurrLiab,Germany GmbH,Marketing,0.0,17828.01
TXN50010,2024-02-06,Feb 2024,Allowance for Doubtful Accounts,AcctRec,Germany GmbH,Operations,36483.43,0.0
TXN50010,2024-02-06,Feb 2024,Consulting Revenue,Income,Germany GmbH,Operations,0.0,36483.43
TXN50011,2024-11-23,Nov 2024,Accounts Payable,AcctPay,France SAS,,16281.71,0.0
TXN50011,2024-11-23,Nov 2024,Cash - Payroll,Bank,France SAS,,0.0,16281.71
TXN50012,2024-01-17,Jan 2024,Inventory - Raw Materials,OthCurrAsset,Australia Pty Ltd,Finance,13460.27,0.0
TXN50012,2024-01-17,Jan 2024,Consulting Revenue,Income,Australia Pty Ltd,Finance,0.0,13460.27
TXN50013,2024-04-18,Apr 2024,Salaries and Wages,Expense,Singapore Pte Ltd,Finance,44245.69,0.0
TXN50013,2024-04-18,Apr 2024,Inventory - Raw Materials,OthCurrAsset,Singapore Pte Ltd,Finance,0.0,44245.69
TXN50014,2024-03-12,Mar 2024,Inventory - Raw Materials,OthCurrAsset,France SAS,,28112.27,0.0
TXN50014,2024-03-12,Mar 2024,Interest Income,OthIncome,France SAS,,0.0,28112.27
TXN50015,2024-10-25,Oct 2024,Inventory - Raw Materials,OthCurrAsset,Japan KK,Marketing,11044.11,0.0
TXN50015,2024-10-25,Oct 2024,Allowance for Doubtful Accounts,AcctRec,Japan KK,Marketing,0.0,11044.11
TXN50016,2024-02-16,Feb 2024,Inventory - Finished Goods,OthCurrAsset,US Headquarters,Engineering,7726.78,0.0
TXN50016,2024-02-16,Feb 2024,Interest Income,OthIncome,US Headquarters,Engineering,0.0,7726.78
TXN50017,2024-11-01,Nov 2024,Inventory - Raw Materials,OthCurrAsset,UK Operations,Finance,19142.8,0.0
TXN50017,2024-11-01,Nov 2024,Accounts Receivable,AcctRec,UK Operations,Finance,0.0,19142.8
TXN50018,2024-10-10,Oct 2024,Professional Fees,Expense,US Headquarters,,36064.02,0.0
TXN50018,2024-10-10,Oct 2024,Inventory - Raw Materials,OthCurrAsset,US Headquarters,,0.0,36064.02
TXN50019,2024-11-24,Nov 2024,Cash - Operating,Bank,Australia Pty Ltd,Engineering,14745.66,0.0
TXN50019,2024-11-24,Nov 2024,Consulting Revenue,Income,Australia Pty Ltd,Engineering,0.0,14745.66
TXN50020,2024-09-13,Sep 2024,Accounts Receivable,AcctRec,Germany GmbH,Operations,45640.13,0.0
TXN50020,2024-09-13,Sep 2024,Prepaid Expenses,OthCurrAsset,Germany GmbH,Operations,0.0,45640.13
TXN50021,2024-11-23,Nov 2024,Prepaid Expenses,OthCurrAsset,France SAS,Sales,18758.3,0.0
TXN50021,2024-11-23,Nov 2024,Product Sales,Income,France SAS,Sales,0.0,18758.3
TXN50022,2024-11-02,Nov 2024,Prepaid Expenses,OthCurrAsset,Australia Pty Ltd,Finance,1071.89,0.0
TXN50022,2024-11-02,Nov 2024,Prepaid Expenses,OthCurrAsset,Australia Pty Ltd,Finance,0.0,1071.89
TXN50023,2024-06-06,Jun 2024,Cost of Goods Sold - Services,COGS,France SAS,Engineering,12119.49,0.0
TXN50023,2024-06-06,Jun 2024,Cash - Payroll,Bank,France SAS,Engineering,0.0,12119.49
TXN50024,2024-09-05,Sep 2024,Allowance for Doubtful Accounts,AcctRec,UK Operations,Operations,38315.14,0.0
TXN50024,2024-09-05,Sep 2024,Service Revenue,Income,UK Operations,Operations,0.0,38315.14
TXN50025,2024-05-15,May 2024,Accrued Expenses,AcctPay,Japan KK,Sales,46452.78,0.0
TXN50025,2024-05-15,May 2024,Inventory - Finished Goods,OthCurrAsset,Japan KK,Sales,0.0,46452.78
TXN50026,2024-06-08,Jun 2024,Professional Fees,Expense,Japan KK,,32528.92,0.0
TXN50026,2024-06-08,Jun 2024,Accounts Payable,AcctPay,Japan KK,,0.0,32528.92
TXN50027,2024-03-02,Mar 2024,Inventory - Raw Materials,OthCurrAsset,France SAS,Sales,3294.89,0.0
TXN50027,2024-03-02,Mar 2024,Service Revenue,Income,France SAS,Sales,0.0,3294.89
TXN50028,2024-10-28,Oct 2024,Rent Expense,Expense,France SAS,Engineering,3642.55,0.0
TXN50028,2024-10-28,Oct 2024,Cash - Payroll,Bank,France SAS,Engineering,0.0,3642.55
TXN50029,2024-01-17,Jan 2024,Allowance for Doubtful Accounts,AcctRec,Australia Pty Ltd,Engineering,25756.39,0.0
TXN50029,2024-01-17,Jan 2024,Service Revenue,Income,Australia Pty Ltd,Engineering,0.0,25756.39
TXN50030,2024-10-03,Oct 2024,Travel and Entertainment,Expense,Germany GmbH,,46782.16,0.0
TXN50030,2024-10-03,Oct 2024,Allowance for Doubtful Accounts,AcctRec,Germany GmbH,,0.0,46782.16
TXN50031,2024-08-30,Aug 2024,Office Supplies,Expense,Japan KK,Sales,4806.86,0.0
TXN50031,2024-08-30,Aug 2024,Prepaid Expenses,OthCurrAsset,Japan KK,Sales,0.0,4806.86
TXN50032,2024-07-29,Jul 2024,Interest Expense,OthExpense,Singapore Pte Ltd,,2803.14,0.0
TXN50032,2024-07-29,Jul 2024,Cash - Payroll,Bank,Singapore Pte Ltd,,0.0,2803.14
TXN50033,2024-02-01,Feb 2024,Cash - Payroll,Bank,Japan KK,,17031.2,0.0
TXN50033,2024-02-01,Feb 2024,Cash - Payroll,Bank,Japan KK,,0.0,17031.2
TXN50034,2024-04-07,Apr 2024,Cash - Payroll,Bank,Singapore Pte Ltd,Sales,21151.89,0.0
TXN50034,2024-04-07,Apr 2024,Product Sales,Income,Singapore Pte Ltd,Sales,0.0,21151.89
TXN50035,2024-08-14,Aug 2024,Cost of Goods Sold - Products,COGS,UK Operations,Engineering,32642.03,0.0
TXN50035,2024-08-14,Aug 2024,Cash - Payroll,Bank,UK Operations,Engineering,0.0,32642.03
TXN50036,2024-05-01,May 2024,Allowance for Doubtful Accounts,AcctRec,Germany GmbH,Finance,24333.49,0.0
TXN50036,2024-05-01,May 2024,Product Sales,Income,Germany GmbH,Finance,0.0,24333.49
TXN50037,2024-03-25,Mar 2024,Prepaid Expenses,OthCurrAsset,Japan KK,Engineering,49266.91,0.0
TXN50037,2024-03-25,Mar 2024,Interest Income,OthIncome,Japan KK,Engineering,0.0,49266.91
TXN50038,2024-05-26,May 2024,Inventory - Raw Materials,OthCurrAsset,Japan KK,,47870.15,0.0
TXN50038,2024-05-26,May 2024,Inventory - Finished Goods,OthCurrAsset,Japan KK,,0.0,47870.15
TXN50039,2024-09-06,Sep 2024,Inventory - Raw Materials,OthCurrAsset,Germany GmbH,Sales,14905.72,0.0
TXN50039,2024-09-06,Sep 2024,Inventory - Finished Goods,OthCurrAsset,Germany GmbH,Sales,0.0,14905.72
TXN50040,2024-10-04,Oct 2024,Allowance for Doubtful Accounts,AcctRec,US Headquarters,,15748.88,0.0
TXN50040,2024-10-04,Oct 2024,Service Revenue,Income,US Headquarters,,0.0,15748.88
TXN50041,2024-01-30,Jan 2024,Prepaid Expenses,OthCurrAsset,UK Operations,Sales,3519.21,0.0
TXN50041,2024-01-30,Jan 2024,Service Revenue,Income,UK Operations,Sales,0.0,3519.21
TXN50042,2024-07-25,Jul 2024,IT and Software,Expense,UK Operations,Operations,12386.15,0.0
TXN50042,2024-07-25,Jul 2024,Cash - Payroll,Bank,UK Operations,Operations,0.0,12386.15
TXN50043,2024-08-02,Aug 2024,Accrued Expenses,AcctPay,Australia Pty Ltd,Marketing,10292.53,0.0
TXN50043,2024-08-02,Aug 2024,Accounts Receivable,AcctRec,Australia Pty Ltd,Marketing,0.0,10292.53
TXN50044,2024-07-21,Jul 2024,Cost of Goods Sold - Services,COGS,Germany GmbH,,32310.49,0.0
TXN50044,2024-07-21,Jul 2024,Cash - Operating,Bank,Germany GmbH,,0.0,32310.49
TXN50045,2024-08-22,Aug 2024,Salaries and Wages,Expense,UK Operations,Engineering,26927.96,0.0
TXN50045,2024-08-22,Aug 2024,Inventory - Finished Goods,OthCurrAsset,UK Operations,Engineering,0.0,26927.96
TXN50046,2024-02-05,Feb 2024,Professional Fees,Expense,France SAS,Marketing,14320.87,0.0
TXN50046,2024-02-05,Feb 2024,Short-term Loans,OthCurrLiab,France SAS,Marketing,0.0,14320.87
TXN50047,2024-06-03,Jun 2024,Inventory - Finished Goods,OthCurrAsset,US Headquarters,,40873.5,0.0
TXN50047,2024-06-03,Jun 2024,Product Sales,Income,US Headquarters,,0.0,40873.5
TXN50048,2024-03-09,Mar 2024,Accrued Expenses,AcctPay,Canada Inc,Engineering,44496.66,0.0
TXN50048,2024-03-09,Mar 2024,Accounts Receivable,AcctRec,Canada Inc,Engineering,0.0,44496.66
TXN50049,2024-05-24,May 2024,Utilities,Expense,France SAS,,17209.73,0.0
TXN50049,2024-05-24,May 2024,Accrued Expenses,AcctPay,France SAS,,0.0,17209.73
TXN50050,2024-09-07,Sep 2024,Utilities,Expense,Canada Inc,Engineering,4705.69,0.0
TXN50050,2024-09-07,Sep 2024,Cash - Operating,Bank,Canada Inc,Engineering,0.0,4705.69
TXN50051,2024-01-02,Jan 2024,Inventory - Finished Goods,OthCurrAsset,Australia Pty Ltd,Sales,31891.96,0.0
TXN50051,2024-01-02,Jan 2024,Interest Income,OthIncome,Australia Pty Ltd,Sales,0.0,31891.96
TXN50052,2024-10-09,Oct 2024,Inventory - Finished Goods,OthCurrAsset,Japan KK,Operations,582.52,0.0
TXN50052,2024-10-09,Oct 2024,Service Revenue,Income,Japan KK,Operations,0.0,582.52
TXN50053,2024-10-06,Oct 2024,Cash - Payroll,Bank,US Headquarters,Marketing,29167.23,0.0
TXN50053,2024-10-06,Oct 2024,Product Sales,Income,US Headquarters,Marketing,0.0,29167.23
TXN50054,2024-06-06,Jun 2024,Cash - Payroll,Bank,Australia Pty Ltd,Engineering,44956.34,0.0
TXN50054,2024-06-06,Jun 2024,Product Sales,Income,Australia Pty Ltd,Engineering,0.0,44956.34
TXN50055,2024-06-30,Jun 2024,Cash - Payroll,Bank,Japan KK,Operations,37498.93,0.0
TXN50055,2024-06-30,Jun 2024,Prepaid Expenses,OthCurrAsset,Japan KK,Operations,0.0,37498.93
TXN50056,2024-03-24,Mar 2024,Sales Tax Payable,OthCurrLiab,Germany GmbH,Finance,1336.84,0.0
TXN50056,2024-03-24,Mar 2024,Prepaid Expenses,OthCurrAsset,Germany GmbH,Finance,0.0,1336.84
TXN50057,2024-07-29,Jul 2024,Payroll Liabilities,OthCurrLiab,France SAS,Marketing,8043.97,0.0
TXN50057,2024-07-29,Jul 2024,Prepaid Expenses,OthCurrAsset,France SAS,Marketing,0.0,8043.97
TXN50058,2024-01-20,Jan 2024,Accounts Receivable,AcctRec,Singapore Pte Ltd,Sales,10058.68,0.0
TXN50058,2024-01-20,Jan 2024,Accounts Receivable,AcctRec,Singapore Pte Ltd,Sales,0.0,10058.68
TXN50059,2024-04-26,Apr 2024,Utilities,Expense,France SAS,Engineering,33035.66,0.0
TXN50059,2024-04-26,Apr 2024,Cash - Payroll,Bank,France SAS,Engineering,0.0,33035.66
TXN50060,2024-05-22,May 2024,Professional Fees,Expense,Australia Pty Ltd,,25519.34,0.0
TXN50060,2024-05-22,May 2024,Inventory - Finished Goods,OthCurrAsset,Australia Pty Ltd,,0.0,25519.34
TXN50061,2024-01-15,Jan 2024,Accounts Receivable,AcctRec,UK Operations,Marketing,9010.53,0.0
TXN50061,2024-01-15,Jan 2024,Cash - Operating,Bank,UK Operations,Marketing,0.0,9010.53
TXN50062,2024-02-25,Feb 2024,Inventory - Raw Materials,OthCurrAsset,Japan KK,Marketing,36454.4,0.0
TXN50062,2024-02-25,Feb 2024,Product Sales,Income,Japan KK,Marketing,0.0,36454.4
TXN50063,2024-07-16,Jul 2024,Professional Fees,Expense,France SAS,Marketing,2314.89,0.0
TXN50063,2024-07-16,Jul 2024,Accrued Expenses,AcctPay,France SAS,Marketing,0.0,2314.89
TXN50064,2024-12-17,Dec 2024,Accounts Receivable,AcctRec,France SAS,Marketing,21621.74,0.0
TXN50064,2024-12-17,Dec 2024,Inventory - Raw Materials,OthCurrAsset,France SAS,Marketing,0.0,21621.74
TXN50065,2024-06-09,Jun 2024,Interest Expense,OthExpense,UK Operations,,45012.34,0.0
TXN50065,2024-06-09,Jun 2024,Prepaid Expenses,OthCurrAsset,UK Operations,,0.0,45012.34
TXN50066,2024-06-16,Jun 2024,Allowance for Doubtful Accounts,AcctRec,Japan KK,,14853.19,0.0
TXN50066,2024-06-16,Jun 2024,Interest Income,OthIncome,Japan KK,,0.0,14853.19
TXN50067,2024-12-12,Dec 2024,Cost of Goods Sold - Products,COGS,Germany GmbH,Operations,28498.35,0.0
TXN50067,2024-12-12,Dec 2024,Inventory - Raw Materials,OthCurrAsset,Germany GmbH,Operations,0.0,28498.35
TXN50068,2024-05-26,May 2024,Office Supplies,Expense,France SAS,Finance,39309.37,0.0
TXN50068,2024-05-26,May 2024,Accounts Payable,AcctPay,France SAS,Finance,0.0,39309.37
TXN50069,2024-08-14,Aug 2024,Salaries and Wages,Expense,Singapore Pte Ltd,,10763.7,0.0
TXN50069,2024-08-14,Aug 2024,Payroll Liabilities,OthCurrLiab,Singapore Pte Ltd,,0.0,10763.7
TXN50070,2024-02-13,Feb 2024,Cost of Goods Sold - Services,COGS,Canada Inc,Operations,33226.31,0.0
TXN50070,2024-02-13,Feb 2024,Allowance for Doubtful Accounts,AcctRec,Canada Inc,Operations,0.0,33226.31
TXN50071,2024-12-10,Dec 2024,Cash - Operating,Bank,Canada Inc,Sales,40347.49,0.0
TXN50071,2024-12-10,Dec 2024,Service Revenue,Income,Canada Inc,Sales,0.0,40347.49
TXN50072,2024-08-31,Aug 2024,Rent Expense,Expense,UK Operations,Finance,20780.61,0.0
TXN50072,2024-08-31,Aug 2024,Short-term Loans,OthCurrLiab,UK Operations,Finance,0.0,20780.61
TXN50073,2024-12-22,Dec 2024,Inventory - Finished Goods,OthCurrAsset,Japan KK,Finance,20042.68,0.0
TXN50073,2024-12-22,Dec 2024,Product Sales,Income,Japan KK,Finance,0.0,20042.68
TXN50074,2024-02-24,Feb 2024,Inventory - Raw Materials,OthCurrAsset,Japan KK,Sales,8876.75,0.0
TXN50074,2024-02-24,Feb 2024,Allowance for Doubtful Accounts,AcctRec,Japan KK,Sales,0.0,8876.75
TXN50075,2024-01-26,Jan 2024,Short-term Loans,OthCurrLiab,France SAS,Engineering,22877.45,0.0
TXN50075,2024-01-26,Jan 2024,Inventory - Raw Materials,OthCurrAsset,France SAS,Engineering,0.0,22877.45
TXN50076,2024-10-31,Oct 2024,Short-term Loans,OthCurrLiab,Australia Pty Ltd,Finance,30671.35,0.0
TXN50076,2024-10-31,Oct 2024,Allowance for Doubtful Accounts,AcctRec,Australia Pty Ltd,Finance,0.0,30671.35
TXN50077,2024-10-07,Oct 2024,Utilities,Expense,Singapore Pte Ltd,Sales,37208.41,0.0
TXN50077,2024-10-07,Oct 2024,Allowance for Doubtful Accounts,AcctRec,Singapore Pte Ltd,Sales,0.0,37208.41
TXN50078,2024-11-22,Nov 2024,Allowance for Doubtful Accounts,AcctRec,Canada Inc,Operations,24281.39,0.0
TXN50078,2024-11-22,Nov 2024,Product Sales,Income,Canada Inc,Operations,0.0,24281.39
TXN50079,2024-12-31,Dec 2024,Inventory - Raw Materials,OthCurrAsset,Canada Inc,Sales,13658.58,0.0
TXN50079,2024-12-31,Dec 2024,Product Sales,Income,Canada Inc,Sales,0.0,13658.58
TXN50080,2024-03-11,Mar 2024,Cash - Payroll,Bank,Germany GmbH,Sales,19213.46,0.0
TXN50080,2024-03-11,Mar 2024,Product Sales,Income,Germany GmbH,Sales,0.0,19213.46
TXN50081,2024-07-31,Jul 2024,Rent Expense,Expense,Japan KK,Marketing,27176.3,0.0
TXN50081,2024-07-31,Jul 2024,Prepaid Expenses,OthCurrAsset,Japan KK,Marketing,0.0,27176.3
TXN50082,2024-07-18,Jul 2024,Accounts Receivable,AcctRec,US Headquarters,Operations,19081.01,0.0
TXN50082,2024-07-18,Jul 2024,Consulting Revenue,Income,US Headquarters,Operations,0.0,19081.01
TXN50083,2024-07-18,Jul 2024,IT and Software,Expense,Japan KK,Operations,37401.03,0.0
TXN50083,2024-07-18,Jul 2024,Allowance for Doubtful Accounts,AcctRec,Japan KK,Operations,0.0,37401.03
TXN50084,2024-09-06,Sep 2024,Accounts Receivable,AcctRec,France SAS,Marketing,21848.22,0.0
TXN50084,2024-09-06,Sep 2024,Interest Income,OthIncome,France SAS,Marketing,0.0,21848.22
TXN50085,2024-03-25,Mar 2024,Marketing and Advertising,Expense,Singapore Pte Ltd,Sales,49038.03,0.0
TXN50085,2024-03-25,Mar 2024,Sales Tax Payable,OthCurrLiab,Singapore Pte Ltd,Sales,0.0,49038.03
TXN50086,2024-10-15,Oct 2024,Allowance for Doubtful Accounts,AcctRec,US Headquarters,Engineering,32173.21,0.0
TXN50086,2024-10-15,Oct 2024,Service Revenue,Income,US Headquarters,Engineering,0.0,32173.21
TXN50087,2024-01-26,Jan 2024,Office Supplies,Expense,Canada Inc,Finance,16434.9,0.0
TXN50087,2024-01-26,Jan 2024,Prepaid Expenses,OthCurrAsset,Canada Inc,Finance,0.0,16434.9
TXN50088,2024-05-22,May 2024,Professional Fees,Expense,Japan KK,Marketing,41762.05,0.0
TXN50088,2024-05-22,May 2024,Cash - Operating,Bank,Japan KK,Marketing,0.0,41762.05
TXN50089,2024-06-28,Jun 2024,Cash - Operating,Bank,France SAS,,3524.06,0.0
TXN50089,2024-06-28,Jun 2024,Prepaid Expenses,OthCurrAsset,France SAS,,0.0,3524.06
TXN50090,2024-01-16,Jan 2024,Rent Expense,Expense,France SAS,Sales,41977.52,0.0
TXN50090,2024-01-16,Jan 2024,Accounts Receivable,AcctRec,France SAS,Sales,0.0,41977.52
TXN50091,2024-08-30,Aug 2024,Utilities,Expense,UK Operations,Operations,47393.08,0.0
TXN50091,2024-08-30,Aug 2024,Inventory - Finished Goods,OthCurrAsset,UK Operations,Operations,0.0,47393.08
TXN50092,2024-03-26,Mar 2024,Cash - Operating,Bank,UK Operations,Sales,48239.57,0.0
TXN50092,2024-03-26,Mar 2024,Consulting Revenue,Income,UK Operations,Sales,0.0,48239.57
TXN50093,2024-10-21,Oct 2024,Inventory - Raw Materials,OthCurrAsset,Japan KK,Finance,47079.38,0.0
TXN50093,2024-10-21,Oct 2024,Service Revenue,Income,Japan KK,Finance,0.0,47079.38
TXN50094,2024-02-22,Feb 2024,Inventory - Raw Materials,OthCurrAsset,Canada Inc,,30060.54,0.0
TXN50094,2024-02-22,Feb 2024,Product Sales,Income,Canada Inc,,0.0,30060.54
TXN50095,2024-06-26,Jun 2024,Office Supplies,Expense,Japan KK,,18591.49,0.0
TXN50095,2024-06-26,Jun 2024,Cash - Operating,Bank,Japan KK,,0.0,18591.49
TXN50096,2024-08-03,Aug 2024,Travel and Entertainment,Expense,Singapore Pte Ltd,Engineering,21732.82,0.0
TXN50096,2024-08-03,Aug 2024,Short-term Loans,OthCurrLiab,Singapore Pte Ltd,Engineering,0.0,21732.82
TXN50097,2024-03-19,Mar 2024,Accounts Receivable,AcctRec,Japan KK,Sales,36716.39,0.0
TXN50097,2024-03-19,Mar 2024,Inventory - Raw Materials,OthCurrAsset,Japan KK,Sales,0.0,36716.39
TXN50098,2024-10-02,Oct 2024,Sales Tax Payable,OthCurrLiab,Singapore Pte Ltd,Finance,21835.17,0.0
TXN50098,2024-10-02,Oct 2024,Accounts Receivable,AcctRec,Singapore Pte Ltd,Finance,0.0,21835.17
TXN50099,2024-05-05,May 2024,Allowance for Doubtful Accounts,AcctRec,UK Operations,Marketing,44093.4,0.0
TXN50099,2024-05-05,May 2024,Interest Income,OthIncome,UK Operations,Marketing,0.0,44093.4
TXN50100,2024-06-21,Jun 2024,Cash - Payroll,Bank,US Headquarters,Finance,42562.55,0.0
TXN50100,2024-06-21,Jun 2024,Consulting Revenue,Income,US Headquarters,Finance,0.0,42562.55
TXN50101,2024-05-12,May 2024,Sales Tax Payable,OthCurrLiab,Australia Pty Ltd,Marketing,44027.97,0.0
TXN50101,2024-05-12,May 2024,Inventory - Raw Materials,OthCurrAsset,Australia Pty Ltd,Marketing,0.0,44027.97
TXN50102,2024-01-06,Jan 2024,Professional Fees,Expense,France SAS,Engineering,12143.67,0.0
TXN50102,2024-01-06,Jan 2024,Allowance for Doubtful Accounts,AcctRec,France SAS,Engineering,0.0,12143.67
TXN50103,2024-12-19,Dec 2024,Cost of Goods Sold - Products,COGS,Singapore Pte Ltd,,35620.94,0.0
TXN50103,2024-12-19,Dec 2024,Cash - Payroll,Bank,Singapore Pte Ltd,,0.0,35620.94
TXN50104,2024-05-30,May 2024,Inventory - Raw Materials,OthCurrAsset,France SAS,Finance,34620.18,0.0
TXN50104,2024-05-30,May 2024,Consulting Revenue,Income,France SAS,Finance,0.0,34620.18
TXN50105,2024-08-30,Aug 2024,Office Supplies,Expense,Australia Pty Ltd,Finance,49831.91,0.0
TXN50105,2024-08-30,Aug 2024,Short-term Loans,OthCurrLiab,Australia Pty Ltd,Finance,0.0,49831.91
TXN50106,2024-08-20,Aug 2024,Cash - Payroll,Bank,Canada Inc,Marketing,12645.04,0.0
TXN50106,2024-08-20,Aug 2024,Consulting Revenue,Income,Canada Inc,Marketing,0.0,12645.04
TXN50107,2024-03-02,Mar 2024,IT and Software,Expense,Germany GmbH,Sales,10897.59,0.0
TXN50107,2024-03-02,Mar 2024,Accrued Expenses,AcctPay,Germany GmbH,Sales,0.0,10897.59
TXN50108,2024-11-01,Nov 2024,Accounts Receivable,AcctRec,Canada Inc,Engineering,41648.16,0.0
TXN50108,2024-11-01,Nov 2024,Service Revenue,Income,Canada Inc,Engineering,0.0,41648.16
TXN50109,2024-06-03,Jun 2024,Cash - Operating,Bank,US Headquarters,,26753.34,0.0
TXN50109,2024-06-03,Jun 2024,Consulting Revenue,Income,US Headquarters,,0.0,26753.34
TXN50110,2024-12-23,Dec 2024,Cost of Goods Sold - Products,COGS,Germany GmbH,,43436.21,0.0
TXN50110,2024-12-23,Dec 2024,Sales Tax Payable,OthCurrLiab,Germany GmbH,,0.0,43436.21
TXN50111,2024-05-25,May 2024,Cash - Operating,Bank,Singapore Pte Ltd,Finance,22079.39,0.0
TXN50111,2024-05-25,May 2024,Consulting Revenue,Income,Singapore Pte Ltd,Finance,0.0,22079.39
TXN50112,2024-09-01,Sep 2024,Inventory - Finished Goods,OthCurrAsset,UK Operations,Engineering,20095.3,0.0
TXN50112,2024-09-01,Sep 2024,Product Sales,Income,UK Operations,Engineering,0.0,20095.3
TXN50113,2024-03-18,Mar 2024,Cash - Payroll,Bank,Germany GmbH,Operations,47461.37,0.0
TXN50113,2024-03-18,Mar 2024,Product Sales,Income,Germany GmbH,Operations,0.0,47461.37
TXN50114,2024-10-12,Oct 2024,Professional Fees,Expense,Japan KK,Operations,29846.73,0.0
TXN50114,2024-10-12,Oct 2024,Prepaid Expenses,OthCurrAsset,Japan KK,Operations,0.0,29846.73
TXN50115,2024-08-18,Aug 2024,Accounts Receivable,AcctRec,Singapore Pte Ltd,Marketing,43022.32,0.0
TXN50115,2024-08-18,Aug 2024,Inventory - Raw Materials,OthCurrAsset,Singapore Pte Ltd,Marketing,0.0,43022.32
TXN50116,2024-11-13,Nov 2024,Prepaid Expenses,OthCurrAsset,US Headquarters,Operations,48009.43,0.0
TXN50116,2024-11-13,Nov 2024,Service Revenue,Income,US Headquarters,Operations,0.0,48009.43
TXN50117,2024-11-16,Nov 2024,Cash - Payroll,Bank,France SAS,Marketing,33055.36,0.0
TXN50117,2024-11-16,Nov 2024,Product Sales,Income,France SAS,Marketing,0.0,33055.36
TXN50118,2024-03-21,Mar 2024,Utilities,Expense,US Headquarters,Finance,22580.13,0.0
TXN50118,2024-03-21,Mar 2024,Cash - Operating,Bank,US Headquarters,Finance,0.0,22580.13
TXN50119,2024-04-28,Apr 2024,Cash - Operating,Bank,Canada Inc,,14207.65,0.0
TXN50119,2024-04-28,Apr 2024,Inventory - Finished Goods,OthCurrAsset,Canada Inc,,0.0,14207.65
TXN50120,2024-04-29,Apr 2024,Accrued Expenses,AcctPay,Canada Inc,,29530.5,0.0
TXN50120,2024-04-29,Apr 2024,Allowance for Doubtful Accounts,AcctRec,Canada Inc,,0.0,29530.5
TXN50121,2024-02-28,Feb 2024,Cash - Payroll,Bank,France SAS,,7534.57,0.0
TXN50121,2024-02-28,Feb 2024,Product Sales,Income,France SAS,,0.0,7534.57
TXN50122,2024-01-31,Jan 2024,Sales Tax Payable,OthCurrLiab,Germany GmbH,Marketing,29792.7,0.0
TXN50122,2024-01-31,Jan 2024,Allowance for Doubtful Accounts,AcctRec,Germany GmbH,Marketing,0.0,29792.7
TXN50123,2024-03-04,Mar 2024,Utilities,Expense,Singapore Pte Ltd,,15274.15,0.0
TXN50123,2024-03-04,Mar 2024,Accrued Expenses,AcctPay,Singapore Pte Ltd,,0.0,15274.15
TXN50124,2024-10-03,Oct 2024,Allowance for Doubtful Accounts,AcctRec,Singapore Pte Ltd,Finance,4114.05,0.0
TXN50124,2024-10-03,Oct 2024,Consulting Revenue,Income,Singapore Pte Ltd,Finance,0.0,4114.05
TXN50125,2024-11-05,Nov 2024,Prepaid Expenses,OthCurrAsset,Canada Inc,Engineering,4657.21,0.0
TXN50125,2024-11-05,Nov 2024,Prepaid Expenses,OthCurrAsset,Canada Inc,Engineering,0.0,4657.21
TXN50126,2024-10-21,Oct 2024,Salaries and Wages,Expense,US Headquarters,,41088.92,0.0
TXN50126,2024-10-21,Oct 2024,Accounts Payable,AcctPay,US Headquarters,,0.0,41088.92
TXN50127,2024-09-22,Sep 2024,Interest Expense,OthExpense,Singapore Pte Ltd,Marketing,9156.31,0.0
TXN50127,2024-09-22,Sep 2024,Accounts Payable,AcctPay,Singapore Pte Ltd,Marketing,0.0,9156.31
TXN50128,2024-02-16,Feb 2024,Cash - Operating,Bank,Singapore Pte Ltd,Marketing,20476.57,0.0
TXN50128,2024-02-16,Feb 2024,Service Revenue,Income,Singapore Pte Ltd,Marketing,0.0,20476.57
TXN50129,2024-06-17,Jun 2024,Marketing and Advertising,Expense,Japan KK,,24823.9,0.0
TXN50129,2024-06-17,Jun 2024,Accrued Expenses,AcctPay,Japan KK,,0.0,24823.9
TXN50130,2024-01-19,Jan 2024,Prepaid Expenses,OthCurrAsset,Singapore Pte Ltd,Engineering,15794.41,0.0
TXN50130,2024-01-19,Jan 2024,Interest Income,OthIncome,Singapore Pte Ltd,Engineering,0.0,15794.41
TXN50131,2024-09-20,Sep 2024,Cost of Goods Sold - Products,COGS,US Headquarters,,43481.44,0.0
TXN50131,2024-09-20,Sep 2024,Allowance for Doubtful Accounts,AcctRec,US Headquarters,,0.0,43481.44
TXN50132,2024-09-22,Sep 2024,Cost of Goods Sold - Products,COGS,Australia Pty Ltd,Operations,37846.51,0.0
TXN50132,2024-09-22,Sep 2024,Allowance for Doubtful Accounts,AcctRec,Australia Pty Ltd,Operations,0.0,37846.51
TXN50133,2024-05-16,May 2024,Cost of Goods Sold - Services,COGS,Germany GmbH,Marketing,21961.99,0.0
TXN50133,2024-05-16,May 2024,Cash - Operating,Bank,Germany GmbH,Marketing,0.0,21961.99
TXN50134,2024-11-18,Nov 2024,Professional Fees,Expense,France SAS,,8003.07,0.0
TXN50134,2024-11-18,Nov 2024,Prepaid Expenses,OthCurrAsset,France SAS,,0.0,8003.07
TXN50135,2024-02-17,Feb 2024,Prepaid Expenses,OthCurrAsset,France SAS,Engineering,23126.25,0.0
TXN50135,2024-02-17,Feb 2024,Service Revenue,Income,France SAS,Engineering,0.0,23126.25
TXN50136,2024-09-12,Sep 2024,Travel and Entertainment,Expense,Canada Inc,Operations,35300.04,0.0
TXN50136,2024-09-12,Sep 2024,Accounts Payable,AcctPay,Canada Inc,Operations,0.0,35300.04
TXN50137,2024-05-04,May 2024,Inventory - Raw Materials,OthCurrAsset,Singapore Pte Ltd,Operations,7317.63,0.0
TXN50137,2024-05-04,May 2024,Service Revenue,Income,Singapore Pte Ltd,Operations,0.0,7317.63
TXN50138,2024-02-05,Feb 2024,Sales Tax Payable,OthCurrLiab,Canada Inc,Finance,17059.77,0.0
TXN50138,2024-02-05,Feb 2024,Prepaid Expenses,OthCurrAsset,Canada Inc,Finance,0.0,17059.77
TXN50139,2024-01-02,Jan 2024,Interest Expense,OthExpense,Canada Inc,,14997.94,0.0
TXN50139,2024-01-02,Jan 2024,Accounts Payable,AcctPay,Canada Inc,,0.0,14997.94
TXN50140,2024-03-17,Mar 2024,Prepaid Expenses,OthCurrAsset,Singapore Pte Ltd,Operations,24268.64,0.0
TXN50140,2024-03-17,Mar 2024,Interest Income,OthIncome,Singapore Pte Ltd,Operations,0.0,24268.64
TXN50141,2024-08-21,Aug 2024,Allowance for Doubtful Accounts,AcctRec,Australia Pty Ltd,Sales,49040.65,0.0
TXN50141,2024-08-21,Aug 2024,Service Revenue,Income,Australia Pty Ltd,Sales,0.0,49040.65
TXN50142,2024-07-29,Jul 2024,Payroll Liabilities,OthCurrLiab,US Headquarters,Marketing,37260.79,0.0
TXN50142,2024-07-29,Jul 2024,Allowance for Doubtful Accounts,AcctRec,US Headquarters,Marketing,0.0,37260.79
TXN50143,2024-12-05,Dec 2024,Inventory - Raw Materials,OthCurrAsset,Germany GmbH,Finance,48244.74,0.0
TXN50143,2024-12-05,Dec 2024,Consulting Revenue,Income,Germany GmbH,Finance,0.0,48244.74
TXN50144,2024-02-21,Feb 2024,Salaries and Wages,Expense,Singapore Pte Ltd,Engineering,26344.96,0.0
TXN50144,2024-02-21,Feb 2024,Prepaid Expenses,OthCurrAsset,Singapore Pte Ltd,Engineering,0.0,26344.96
TXN50145,2024-12-01,Dec 2024,Accounts Receivable,AcctRec,Germany GmbH,Engineering,23527.58,0.0
TXN50145,2024-12-01,Dec 2024,Inventory - Raw Materials,OthCurrAsset,Germany GmbH,Engineering,0.0,23527.58
TXN50146,2024-12-20,Dec 2024,Inventory - Finished Goods,OthCurrAsset,Japan KK,,4107.73,0.0
TXN50146,2024-12-20,Dec 2024,Interest Income,OthIncome,Japan KK,,0.0,4107.73
TXN50147,2024-06-11,Jun 2024,Inventory - Finished Goods,OthCurrAsset,Singapore Pte Ltd,Operations,1891.37,0.0
TXN50147,2024-06-11,Jun 2024,Consulting Revenue,Income,Singapore Pte Ltd,Operations,0.0,1891.37
TXN50148,2024-04-26,Apr 2024,Accounts Payable,AcctPay,UK Operations,Finance,48919.05,0.0
TXN50148,2024-04-26,Apr 2024,Allowance for Doubtful Accounts,AcctRec,UK Operations,Finance,0.0,48919.05
TXN50149,2024-03-26,Mar 2024,Sales Tax Payable,OthCurrLiab,Canada Inc,Engineering,2394.95,0.0
TXN50149,2024-03-26,Mar 2024,Accounts Receivable,AcctRec,Canada Inc,Engineering,0.0,2394.95
TXN50150,2024-07-10,Jul 2024,Interest Expense,OthExpense,Japan KK,Sales,12285.45,0.0
TXN50150,2024-07-10,Jul 2024,Accounts Receivable,AcctRec,Japan KK,Sales,0.0,12285.45
TXN50151,2024-03-28,Mar 2024,Interest Expense,OthExpense,Germany GmbH,Engineering,30513.64,0.0
TXN50151,2024-03-28,Mar 2024,Allowance for Doubtful Accounts,AcctRec,Germany GmbH,Engineering,0.0,30513.64
TXN50152,2024-09-11,Sep 2024,Accounts Receivable,AcctRec,Germany GmbH,Sales,23111.38,0.0
TXN50152,2024-09-11,Sep 2024,Product Sales,Income,Germany GmbH,Sales,0.0,23111.38
TXN50153,2024-08-26,Aug 2024,Accounts Receivable,AcctRec,Canada Inc,,27375.25,0.0
TXN50153,2024-08-26,Aug 2024,Consulting Revenue,Income,Canada Inc,,0.0,27375.25
TXN50154,2024-11-23,Nov 2024,Accrued Expenses,AcctPay,Japan KK,,12579.9,0.0
TXN50154,2024-11-23,Nov 2024,Allowance for Doubtful Accounts,AcctRec,Japan KK,,0.0,12579.9
TXN50155,2024-09-04,Sep 2024,Utilities,Expense,UK Operations,Sales,19130.08,0.0
TXN50155,2024-09-04,Sep 2024,Short-term Loans,OthCurrLiab,UK Operations,Sales,0.0,19130.08
TXN50156,2024-05-31,May 2024,Prepaid Expenses,OthCurrAsset,US Headquarters,,19850.71,0.0
TXN50156,2024-05-31,May 2024,Product Sales,Income,US Headquarters,,0.0,19850.71
TXN50157,2024-11-06,Nov 2024,Prepaid Expenses,OthCurrAsset,Singapore Pte Ltd,Marketing,38809.47,0.0
TXN50157,2024-11-06,Nov 2024,Consulting Revenue,Income,Singapore Pte Ltd,Marketing,0.0,38809.47
TXN50158,2024-04-22,Apr 2024,Accrued Expenses,AcctPay,France SAS,Operations,12606.28,0.0
TXN50158,2024-04-22,Apr 2024,Inventory - Finished Goods,OthCurrAsset,France SAS,Operations,0.0,12606.28
TXN50159,2024-02-19,Feb 2024,Accounts Receivable,AcctRec,US Headquarters,Marketing,39451.66,0.0
TXN50159,2024-02-19,Feb 2024,Service Revenue,Income,US Headquarters,Marketing,0.0,39451.66
TXN50160,2024-02-16,Feb 2024,Cash - Payroll,Bank,Canada Inc,Marketing,37399.3,0.0
TXN50160,2024-02-16,Feb 2024,Consulting Revenue,Income,Canada Inc,Marketing,0.0,37399.3
TXN50161,2024-09-28,Sep 2024,Payroll Liabilities,OthCurrLiab,Canada Inc,Sales,12922.81,0.0
TXN50161,2024-09-28,Sep 2024,Prepaid Expenses,OthCurrAsset,Canada Inc,Sales,0.0,12922.81
TXN50162,2024-05-31,May 2024,Prepaid Expenses,OthCurrAsset,Australia Pty Ltd,Engineering,23469.74,0.0
TXN50162,2024-05-31,May 2024,Service Revenue,Income,Australia Pty Ltd,Engineering,0.0,23469.74
TXN50163,2024-12-12,Dec 2024,Accounts Payable,AcctPay,Japan KK,Operations,18352.17,0.0
TXN50163,2024-12-12,Dec 2024,Accounts Receivable,AcctRec,Japan KK,Operations,0.0,18352.17
TXN50164,2024-10-01,Oct 2024,Sales Tax Payable,OthCurrLiab,UK Operations,Finance,18492.42,0.0
TXN50164,2024-10-01,Oct 2024,Inventory - Raw Materials,OthCurrAsset,UK Operations,Finance,0.0,18492.42
TXN50165,2024-07-14,Jul 2024,IT and Software,Expense,Australia Pty Ltd,Engineering,33774.34,0.0
TXN50165,2024-07-14,Jul 2024,Accrued Expenses,AcctPay,Australia Pty Ltd,Engineering,0.0,33774.34
TXN50166,2024-06-16,Jun 2024,Sales Tax Payable,OthCurrLiab,France SAS,,3254.53,0.0
TXN50166,2024-06-16,Jun 2024,Inventory - Finished Goods,OthCurrAsset,France SAS,,0.0,3254.53
TXN50167,2024-07-28,Jul 2024,Allowance for Doubtful Accounts,AcctRec,UK Operations,Sales,2362.81,0.0
TXN50167,2024-07-28,Jul 2024,Product Sales,Income,UK Operations,Sales,0.0,2362.81
TXN50168,2024-02-19,Feb 2024,Interest Expense,OthExpense,France SAS,Operations,6869.64,0.0
TXN50168,2024-02-19,Feb 2024,Short-term Loans,OthCurrLiab,France SAS,Operations,0.0,6869.64
TXN50169,2024-12-22,Dec 2024,Allowance for Doubtful Accounts,AcctRec,Japan KK,Operations,37139.22,0.0
TXN50169,2024-12-22,Dec 2024,Product Sales,Income,Japan KK,Operations,0.0,37139.22
TXN50170,2024-09-07,Sep 2024,Travel and Entertainment,Expense,Japan KK,Marketing,1732.54,0.0
TXN50170,2024-09-07,Sep 2024,Accounts Payable,AcctPay,Japan KK,Marketing,0.0,1732.54
TXN50171,2024-04-30,Apr 2024,Interest Expense,OthExpense,Australia Pty Ltd,Engineering,49048.29,0.0
TXN50171,2024-04-30,Apr 2024,Inventory - Finished Goods,OthCurrAsset,Australia Pty Ltd,Engineering,0.0,49048.29
TXN50172,2024-02-01,Feb 2024,Prepaid Expenses,OthCurrAsset,Japan KK,Marketing,9571.45,0.0
TXN50172,2024-02-01,Feb 2024,Interest Income,OthIncome,Japan KK,Marketing,0.0,9571.45
TXN50173,2024-02-16,Feb 2024,Cash - Operating,Bank,France SAS,,32010.7,0.0
TXN50173,2024-02-16,Feb 2024,Prepaid Expenses,OthCurrAsset,France SAS,,0.0,32010.7
TXN50174,2024-06-19,Jun 2024,Prepaid Expenses,OthCurrAsset,France SAS,Sales,39370.21,0.0
TXN50174,2024-06-19,Jun 2024,Service Revenue,Income,France SAS,Sales,0.0,39370.21
TXN50175,2024-10-27,Oct 2024,Inventory - Raw Materials,OthCurrAsset,France SAS,Sales,16495.12,0.0
TXN50175,2024-10-27,Oct 2024,Product Sales,Income,France SAS,Sales,0.0,16495.12
TXN50176,2024-05-21,May 2024,Accounts Payable,AcctPay,Germany GmbH,Sales,27056.75,0.0
TXN50176,2024-05-21,May 2024,Inventory - Finished Goods,OthCurrAsset,Germany GmbH,Sales,0.0,27056.75
TXN50177,2024-01-14,Jan 2024,Short-term Loans,OthCurrLiab,Germany GmbH,Engineering,17976.29,0.0
TXN50177,2024-01-14,Jan 2024,Accounts Receivable,AcctRec,Germany GmbH,Engineering,0.0,17976.29
TXN50178,2024-01-09,Jan 2024,Short-term Loans,OthCurrLiab,Germany GmbH,Marketing,2714.71,0.0
TXN50178,2024-01-09,Jan 2024,Cash - Operating,Bank,Germany GmbH,Marketing,0.0,2714.71
TXN50179,2024-02-02,Feb 2024,Cost of Goods Sold - Services,COGS,Singapore Pte Ltd,Finance,38923.05,0.0
TXN50179,2024-02-02,Feb 2024,Accounts Payable,AcctPay,Singapore Pte Ltd,Finance,0.0,38923.05
TXN50180,2024-09-14,Sep 2024,Short-term Loans,OthCurrLiab,France SAS,Operations,2263.92,0.0
TXN50180,2024-09-14,Sep 2024,Accounts Receivable,AcctRec,France SAS,Operations,0.0,2263.92
TXN50181,2024-08-22,Aug 2024,Payroll Liabilities,OthCurrLiab,US Headquarters,Engineering,49929.48,0.0
TXN50181,2024-08-22,Aug 2024,Inventory - Finished Goods,OthCurrAsset,US Headquarters,Engineering,0.0,49929.48
TXN50182,2024-02-25,Feb 2024,Cash - Operating,Bank,Singapore Pte Ltd,,45494.07,0.0
TXN50182,2024-02-25,Feb 2024,Consulting Revenue,Income,Singapore Pte Ltd,,0.0,45494.07
TXN50183,2024-11-07,Nov 2024,IT and Software,Expense,Germany GmbH,Engineering,6396.96,0.0
TXN50183,2024-11-07,Nov 2024,Accrued Expenses,AcctPay,Germany GmbH,Engineering,0.0,6396.96
TXN50184,2024-12-30,Dec 2024,Travel and Entertainment,Expense,Australia Pty Ltd,Finance,49731.93,0.0
TXN50184,2024-12-30,Dec 2024,Accrued Expenses,AcctPay,Australia Pty Ltd,Finance,0.0,49731.93
TXN50185,2024-11-05,Nov 2024,Inventory - Finished Goods,OthCurrAsset,Japan KK,Engineering,39675.5,0.0
TXN50185,2024-11-05,Nov 2024,Service Revenue,Income,Japan KK,Engineering,0.0,39675.5
TXN50186,2024-08-08,Aug 2024,Payroll Liabilities,OthCurrLiab,Singapore Pte Ltd,Sales,20749.3,0.0
TXN50186,2024-08-08,Aug 2024,Allowance for Doubtful Accounts,AcctRec,Singapore Pte Ltd,Sales,0.0,20749.3
TXN50187,2024-02-18,Feb 2024,Cash - Payroll,Bank,Australia Pty Ltd,Finance,15694.93,0.0
TXN50187,2024-02-18,Feb 2024,Interest Income,OthIncome,Australia Pty Ltd,Finance,0.0,15694.93
TXN50188,2024-02-04,Feb 2024,Inventory - Finished Goods,OthCurrAsset,UK Operations,Engineering,4752.18,0.0
TXN50188,2024-02-04,Feb 2024,Consulting Revenue,Income,UK Operations,Engineering,0.0,4752.18
TXN50189,2024-03-07,Mar 2024,Interest Expense,OthExpense,US Headquarters,Operations,47835.57,0.0
TXN50189,2024-03-07,Mar 2024,Cash - Payroll,Bank,US Headquarters,Operations,0.0,47835.57
TXN50190,2024-07-29,Jul 2024,Cost of Goods Sold - Products,COGS,Australia Pty Ltd,,47062.38,0.0
TXN50190,2024-07-29,Jul 2024,Inventory - Raw Materials,OthCurrAsset,Australia Pty Ltd,,0.0,47062.38
TXN50191,2024-11-03,Nov 2024,Salaries and Wages,Expense,Canada Inc,Marketing,5269.67,0.0
TXN50191,2024-11-03,Nov 2024,Payroll Liabilities,OthCurrLiab,Canada Inc,Marketing,0.0,5269.67
TXN50192,2024-09-03,Sep 2024,Cost of Goods Sold - Services,COGS,France SAS,Engineering,17570.69,0.0
TXN50192,2024-09-03,Sep 2024,Inventory - Raw Materials,OthCurrAsset,France SAS,Engineering,0.0,17570.69
TXN50193,2024-10-20,Oct 2024,Prepaid Expenses,OthCurrAsset,France SAS,Finance,42273.24,0.0
TXN50193,2024-10-20,Oct 2024,Inventory - Raw Materials,OthCurrAsset,France SAS,Finance,0.0,42273.24
TXN50194,2024-11-10,Nov 2024,Sales Tax Payable,OthCurrLiab,US Headquarters,Operations,46461.31,0.0
TXN50194,2024-11-10,Nov 2024,Cash - Operating,Bank,US Headquarters,Operations,0.0,46461.31
TXN50195,2024-04-02,Apr 2024,Accounts Receivable,AcctRec,Canada Inc,,38144.23,0.0
TXN50195,2024-04-02,Apr 2024,Cash - Operating,Bank,Canada Inc,,0.0,38144.23
TXN50196,2024-04-02,Apr 2024,Inventory - Finished Goods,OthCurrAsset,Germany GmbH,Operations,32901.5,0.0
TXN50196,2024-04-02,Apr 2024,Product Sales,Income,Germany GmbH,Operations,0.0,32901.5
TXN50197,2024-02-16,Feb 2024,Accounts Receivable,AcctRec,France SAS,Finance,21049.64,0.0
TXN50197,2024-02-16,Feb 2024,Consulting Revenue,Income,France SAS,Finance,0.0,21049.64
TXN50198,2024-06-15,Jun 2024,Accounts Payable,AcctPay,UK Operations,Engineering,7863.44,0.0
TXN50198,2024-06-15,Jun 2024,Inventory - Finished Goods,OthCurrAsset,UK Operations,Engineering,0.0,7863.44
TXN50199,2024-02-11,Feb 2024,Travel and Entertainment,Expense,Canada Inc,Finance,33130.74,0.0
TXN50199,2024-02-11,Feb 2024,Prepaid Expenses,OthCurrAsset,Canada Inc,Finance,0.0,33130.74
TXN50200,2024-05-19,May 2024,Utilities,Expense,France SAS,Operations,5779.49,0.0
TXN50200,2024-05-19,May 2024,Payroll Liabilities,OthCurrLiab,France SAS,Operations,0.0,5779.49
TXN50201,2024-12-13,Dec 2024,Allowance for Doubtful Accounts,AcctRec,Singapore Pte Ltd,Operations,33389.91,0.0
TXN50201,2024-12-13,Dec 2024,Product Sales,Income,Singapore Pte Ltd,Operations,0.0,33389.91
TXN50202,2024-01-04,Jan 2024,Sales Tax Payable,OthCurrLiab,France SAS,Marketing,47271.67,0.0
TXN50202,2024-01-04,Jan 2024,Accounts Receivable,AcctRec,France SAS,Marketing,0.0,47271.67
TXN50203,2024-06-16,Jun 2024,Salaries and Wages,Expense,UK Operations,Engineering,24919.53,0.0
TXN50203,2024-06-16,Jun 2024,Prepaid Expenses,OthCurrAsset,UK Operations,Engineering,0.0,24919.53
TXN50204,2024-09-29,Sep 2024,Office Supplies,Expense,France SAS,Operations,27980.31,0.0
TXN50204,2024-09-29,Sep 2024,Cash - Payroll,Bank,France SAS,Operations,0.0,27980.31
TXN50205,2024-07-22,Jul 2024,Prepaid Expenses,OthCurrAsset,US Headquarters,Finance,1035.2,0.0
TXN50205,2024-07-22,Jul 2024,Accounts Receivable,AcctRec,US Headquarters,Finance,0.0,1035.2
TXN50206,2024-10-21,Oct 2024,Utilities,Expense,Japan KK,Operations,20280.7,0.0
TXN50206,2024-10-21,Oct 2024,Cash - Payroll,Bank,Japan KK,Operations,0.0,20280.7
TXN50207,2024-07-26,Jul 2024,Allowance for Doubtful Accounts,AcctRec,US Headquarters,Marketing,8676.47,0.0
TXN50207,2024-07-26,Jul 2024,Prepaid Expenses,OthCurrAsset,US Headquarters,Marketing,0.0,8676.47
TXN50208,2024-12-19,Dec 2024,Allowance for Doubtful Accounts,AcctRec,Australia Pty Ltd,Engineering,21891.92,0.0
TXN50208,2024-12-19,Dec 2024,Interest Income,OthIncome,Australia Pty Ltd,Engineering,0.0,21891.92
TXN50209,2024-09-25,Sep 2024,Accrued Expenses,AcctPay,UK Operations,Finance,43539.17,0.0
TXN50209,2024-09-25,Sep 2024,Accounts Receivable,AcctRec,UK Operations,Finance,0.0,43539.17
TXN50210,2024-03-27,Mar 2024,Rent Expense,Expense,UK Operations,Operations,31697.91,0.0
TXN50210,2024-03-27,Mar 2024,Inventory - Finished Goods,OthCurrAsset,UK Operations,Operations,0.0,31697.91
TXN50211,2024-06-28,Jun 2024,Cash - Payroll,Bank,Germany GmbH,Sales,5229.95,0.0
TXN50211,2024-06-28,Jun 2024,Service Revenue,Income,Germany GmbH,Sales,0.0,5229.95
TXN50212,2024-12-01,Dec 2024,Travel and Entertainment,Expense,UK Operations,Sales,47569.48,0.0
TXN50212,2024-12-01,Dec 2024,Sales Tax Payable,OthCurrLiab,UK Operations,Sales,0.0,47569.48
TXN50213,2024-10-23,Oct 2024,Interest Expense,OthExpense,Singapore Pte Ltd,,46215.3,0.0
TXN50213,2024-10-23,Oct 2024,Sales Tax Payable,OthCurrLiab,Singapore Pte Ltd,,0.0,46215.3
TXN50214,2024-06-14,Jun 2024,Interest Expense,OthExpense,Australia Pty Ltd,Sales,22044.16,0.0
TXN50214,2024-06-14,Jun 2024,Inventory - Raw Materials,OthCurrAsset,Australia Pty Ltd,Sales,0.0,22044.16
TXN50215,2024-05-20,May 2024,Allowance for Doubtful Accounts,AcctRec,US Headquarters,Marketing,25416.11,0.0
TXN50215,2024-05-20,May 2024,Product Sales,Income,US Headquarters,Marketing,0.0,25416.11
TXN50216,2024-01-30,Jan 2024,Prepaid Expenses,OthCurrAsset,Australia Pty Ltd,Marketing,3928.88,0.0
TXN50216,2024-01-30,Jan 2024,Cash - Operating,Bank,Australia Pty Ltd,Marketing,0.0,3928.88
TXN50217,2024-11-10,Nov 2024,Inventory - Finished Goods,OthCurrAsset,Japan KK,Finance,29058.44,0.0
TXN50217,2024-11-10,Nov 2024,Cash - Operating,Bank,Japan KK,Finance,0.0,29058.44
TXN50218,2024-08-18,Aug 2024,Cost of Goods Sold - Products,COGS,France SAS,Marketing,30289.79,0.0
TXN50218,2024-08-18,Aug 2024,Accounts Payable,AcctPay,France SAS,Marketing,0.0,30289.79
TXN50219,2024-02-22,Feb 2024,Cost of Goods Sold - Products,COGS,Australia Pty Ltd,,4308.02,0.0
TXN50219,2024-02-22,Feb 2024,Allowance for Doubtful Accounts,AcctRec,Australia Pty Ltd,,0.0,4308.02
TXN50220,2024-12-28,Dec 2024,Office Supplies,Expense,Singapore Pte Ltd,Finance,26251.02,0.0
TXN50220,2024-12-28,Dec 2024,Inventory - Finished Goods,OthCurrAsset,Singapore Pte Ltd,Finance,0.0,26251.02
TXN50221,2024-05-24,May 2024,Cost of Goods Sold - Products,COGS,Japan KK,Finance,38745.79,0.0
TXN50221,2024-05-24,May 2024,Payroll Liabilities,OthCurrLiab,Japan KK,Finance,0.0,38745.79
TXN50222,2024-11-27,Nov 2024,Marketing and Advertising,Expense,Australia Pty Ltd,Engineering,16551.57,0.0
TXN50222,2024-11-27,Nov 2024,Inventory - Raw Materials,OthCurrAsset,Australia Pty Ltd,Engineering,0.0,16551.57
TXN50223,2024-05-09,May 2024,Office Supplies,Expense,Germany GmbH,Marketing,4166.95,0.0
TXN50223,2024-05-09,May 2024,Inventory - Raw Materials,OthCurrAsset,Germany GmbH,Marketing,0.0,4166.95
TXN50224,2024-12-01,Dec 2024,Accounts Receivable,AcctRec,Japan KK,Sales,29792.56,0.0
TXN50224,2024-12-01,Dec 2024,Inventory - Raw Materials,OthCurrAsset,Japan KK,Sales,0.0,29792.56
TXN50225,2024-07-11,Jul 2024,Short-term Loans,OthCurrLiab,Australia Pty Ltd,Sales,33538.81,0.0
TXN50225,2024-07-11,Jul 2024,Cash - Operating,Bank,Australia Pty Ltd,Sales,0.0,33538.81
TXN50226,2024-11-26,Nov 2024,Salaries and Wages,Expense,Japan KK,Operations,18155.22,0.0
TXN50226,2024-11-26,Nov 2024,Allowance for Doubtful Accounts,AcctRec,Japan KK,Operations,0.0,18155.22
TXN50227,2024-06-23,Jun 2024,Cash - Operating,Bank,Singapore Pte Ltd,Sales,11404.5,0.0
TXN50227,2024-06-23,Jun 2024,Consulting Revenue,Income,Singapore Pte Ltd,Sales,0.0,11404.5
TXN50228,2024-02-21,Feb 2024,Accrued Expenses,AcctPay,US Headquarters,,16904.54,0.0
TXN50228,2024-02-21,Feb 2024,Inventory - Raw Materials,OthCurrAsset,US Headquarters,,0.0,16904.54
TXN50229,2024-07-11,Jul 2024,IT and Software,Expense,Germany GmbH,Sales,9124.21,0.0
TXN50229,2024-07-11,Jul 2024,Accounts Receivable,AcctRec,Germany GmbH,Sales,0.0,9124.21
TXN50230,2024-08-12,Aug 2024,Payroll Liabilities,OthCurrLiab,US Headquarters,Finance,18278.54,0.0
TXN50230,2024-08-12,Aug 2024,Inventory - Raw Materials,OthCurrAsset,US Headquarters,Finance,0.0,18278.54
TXN50231,2024-05-25,May 2024,Prepaid Expenses,OthCurrAsset,Singapore Pte Ltd,Sales,26747.16,0.0
TXN50231,2024-05-25,May 2024,Interest Income,OthIncome,Singapore Pte Ltd,Sales,0.0,26747.16
TXN50232,2024-04-09,Apr 2024,Allowance for Doubtful Accounts,AcctRec,Australia Pty Ltd,,47361.8,0.0
TXN50232,2024-04-09,Apr 2024,Prepaid Expenses,OthCurrAsset,Australia Pty Ltd,,0.0,47361.8
TXN50233,2024-05-24,May 2024,Prepaid Expenses,OthCurrAsset,Japan KK,Operations,26420.24,0.0
TXN50233,2024-05-24,May 2024,Cash - Payroll,Bank,Japan KK,Operations,0.0,26420.24
TXN50234,2024-11-05,Nov 2024,Office Supplies,Expense,Germany GmbH,Marketing,2703.77,0.0
TXN50234,2024-11-05,Nov 2024,Accrued Expenses,AcctPay,Germany GmbH,Marketing,0.0,2703.77
TXN50235,2024-02-22,Feb 2024,Allowance for Doubtful Accounts,AcctRec,UK Operations,Marketing,4285.37,0.0
TXN50235,2024-02-22,Feb 2024,Service Revenue,Income,UK Operations,Marketing,0.0,4285.37
TXN50236,2024-08-11,Aug 2024,Cash - Operating,Bank,UK Operations,Sales,40853.49,0.0
TXN50236,2024-08-11,Aug 2024,Allowance for Doubtful Accounts,AcctRec,UK Operations,Sales,0.0,40853.49
TXN50237,2024-01-28,Jan 2024,Cost of Goods Sold - Services,COGS,Japan KK,Operations,18760.68,0.0
TXN50237,2024-01-28,Jan 2024,Inventory - Finished Goods,OthCurrAsset,Japan KK,Operations,0.0,18760.68
TXN50238,2024-04-24,Apr 2024,Sales Tax Payable,OthCurrLiab,US Headquarters,Marketing,46548.21,0.0
TXN50238,2024-04-24,Apr 2024,Prepaid Expenses,OthCurrAsset,US Headquarters,Marketing,0.0,46548.21
TXN50239,2024-03-15,Mar 2024,Accrued Expenses,AcctPay,Germany GmbH,Engineering,14415.28,0.0
TXN50239,2024-03-15,Mar 2024,Prepaid Expenses,OthCurrAsset,Germany GmbH,Engineering,0.0,14415.28
TXN50240,2024-12-27,Dec 2024,Cash - Operating,Bank,Singapore Pte Ltd,Finance,30805.88,0.0
TXN50240,2024-12-27,Dec 2024,Accounts Receivable,AcctRec,Singapore Pte Ltd,Finance,0.0,30805.88
TXN50241,2024-04-20,Apr 2024,Marketing and Advertising,Expense,Germany GmbH,Operations,47017.27,0.0
TXN50241,2024-04-20,Apr 2024,Cash - Payroll,Bank,Germany GmbH,Operations,0.0,47017.27
TXN50242,2024-05-27,May 2024,Inventory - Finished Goods,OthCurrAsset,France SAS,Marketing,6180.23,0.0
TXN50242,2024-05-27,May 2024,Interest Income,OthIncome,France SAS,Marketing,0.0,6180.23
TXN50243,2024-02-02,Feb 2024,Inventory - Raw Materials,OthCurrAsset,UK Operations,Finance,29877.28,0.0
TXN50243,2024-02-02,Feb 2024,Service Revenue,Income,UK Operations,Finance,0.0,29877.28
TXN50244,2024-03-14,Mar 2024,IT and Software,Expense,Canada Inc,Finance,178.06,0.0
TXN50244,2024-03-14,Mar 2024,Prepaid Expenses,OthCurrAsset,Canada Inc,Finance,0.0,178.06
TXN50245,2024-04-05,Apr 2024,Inventory - Raw Materials,OthCurrAsset,UK Operations,Operations,48735.26,0.0
TXN50245,2024-04-05,Apr 2024,Product Sales,Income,UK Operations,Operations,0.0,48735.26
TXN50246,2024-07-18,Jul 2024,Accounts Receivable,AcctRec,Singapore Pte Ltd,Engineering,31819.97,0.0
TXN50246,2024-07-18,Jul 2024,Inventory - Finished Goods,OthCurrAsset,Singapore Pte Ltd,Engineering,0.0,31819.97
TXN50247,2024-01-09,Jan 2024,Accounts Payable,AcctPay,Australia Pty Ltd,Engineering,17305.64,0.0
TXN50247,2024-01-09,Jan 2024,Prepaid Expenses,OthCurrAsset,Australia Pty Ltd,Engineering,0.0,17305.64
TXN50248,2024-10-24,Oct 2024,Interest Expense,OthExpense,Australia Pty Ltd,Sales,2312.35,0.0
TXN50248,2024-10-24,Oct 2024,Accounts Receivable,AcctRec,Australia Pty Ltd,Sales,0.0,2312.35
TXN50249,2024-12-16,Dec 2024,Cash - Payroll,Bank,Singapore Pte Ltd,,23978.71,0.0
TXN50249,2024-12-16,Dec 2024,Product Sales,Income,Singapore Pte Ltd,,0.0,23978.71
TXN50250,2024-08-22,Aug 2024,Accounts Payable,AcctPay,US Headquarters,Marketing,10159.39,0.0
TXN50250,2024-08-22,Aug 2024,Accounts Receivable,AcctRec,US Headquarters,Marketing,0.0,10159.39
TXN50251,2024-06-07,Jun 2024,Inventory - Finished Goods,OthCurrAsset,Japan KK,Operations,23722.65,0.0
TXN50251,2024-06-07,Jun 2024,Service Revenue,Income,Japan KK,Operations,0.0,23722.65
TXN50252,2024-05-26,May 2024,Cash - Operating,Bank,Australia Pty Ltd,Engineering,43303.33,0.0
TXN50252,2024-05-26,May 2024,Consulting Revenue,Income,Australia Pty Ltd,Engineering,0.0,43303.33
TXN50253,2024-08-11,Aug 2024,Accounts Receivable,AcctRec,Japan KK,,22042.86,0.0
TXN50253,2024-08-11,Aug 2024,Cash - Payroll,Bank,Japan KK,,0.0,22042.86
TXN50254,2024-09-11,Sep 2024,Cost of Goods Sold - Services,COGS,Singapore Pte Ltd,Marketing,46223.09,0.0
TXN50254,2024-09-11,Sep 2024,Short-term Loans,OthCurrLiab,Singapore Pte Ltd,Marketing,0.0,46223.09
TXN50255,2024-08-05,Aug 2024,Short-term Loans,OthCurrLiab,UK Operations,Finance,30162.42,0.0
TXN50255,2024-08-05,Aug 2024,Accounts Receivable,AcctRec,UK Operations,Finance,0.0,30162.42
TXN50256,2024-06-13,Jun 2024,Allowance for Doubtful Accounts,AcctRec,UK Operations,Engineering,16463.2,0.0
TXN50256,2024-06-13,Jun 2024,Interest Income,OthIncome,UK Operations,Engineering,0.0,16463.2
TXN50257,2024-03-26,Mar 2024,Sales Tax Payable,OthCurrLiab,Singapore Pte Ltd,Marketing,22411.77,0.0
TXN50257,2024-03-26,Mar 2024,Inventory - Raw Materials,OthCurrAsset,Singapore Pte Ltd,Marketing,0.0,22411.77
TXN50258,2024-08-10,Aug 2024,Cash - Operating,Bank,Canada Inc,,49003.36,0.0
TXN50258,2024-08-10,Aug 2024,Inventory - Finished Goods,OthCurrAsset,Canada Inc,,0.0,49003.36
TXN50259,2024-11-22,Nov 2024,Accrued Expenses,AcctPay,Japan KK,Marketing,25702.99,0.0
TXN50259,2024-11-22,Nov 2024,Cash - Operating,Bank,Japan KK,Marketing,0.0,25702.99
TXN50260,2024-03-14,Mar 2024,Inventory - Finished Goods,OthCurrAsset,Singapore Pte Ltd,Engineering,6398.88,0.0
TXN50260,2024-03-14,Mar 2024,Consulting Revenue,Income,Singapore Pte Ltd,Engineering,0.0,6398.88
TXN50261,2024-07-04,Jul 2024,Allowance for Doubtful Accounts,AcctRec,Japan KK,Operations,1716.03,0.0
TXN50261,2024-07-04,Jul 2024,Consulting Revenue,Income,Japan KK,Operations,0.0,1716.03
TXN50262,2024-07-09,Jul 2024,Marketing and Advertising,Expense,Singapore Pte Ltd,Engineering,28738.7,0.0
TXN50262,2024-07-09,Jul 2024,Inventory - Finished Goods,OthCurrAsset,Singapore Pte Ltd,Engineering,0.0,28738.7
TXN50263,2024-11-28,Nov 2024,Cash - Payroll,Bank,Canada Inc,Sales,48029.95,0.0
TXN50263,2024-11-28,Nov 2024,Interest Income,OthIncome,Canada Inc,Sales,0.0,48029.95
TXN50264,2024-09-22,Sep 2024,Payroll Liabilities,OthCurrLiab,Japan KK,Operations,5976.27,0.0
TXN50264,2024-09-22,Sep 2024,Cash - Payroll,Bank,Japan KK,Operations,0.0,5976.27
TXN50265,2024-11-09,Nov 2024,Cost of Goods Sold - Services,COGS,Canada Inc,,45832.3,0.0
TXN50265,2024-11-09,Nov 2024,Accounts Receivable,AcctRec,Canada Inc,,0.0,45832.3
TXN50266,2024-02-07,Feb 2024,Cost of Goods Sold - Services,COGS,Singapore Pte Ltd,Sales,44944.08,0.0
TXN50266,2024-02-07,Feb 2024,Payroll Liabilities,OthCurrLiab,Singapore Pte Ltd,Sales,0.0,44944.08
TXN50267,2024-06-12,Jun 2024,Utilities,Expense,Australia Pty Ltd,,3340.46,0.0
TXN50267,2024-06-12,Jun 2024,Accounts Receivable,AcctRec,Australia Pty Ltd,,0.0,3340.46
TXN50268,2024-12-30,Dec 2024,Cash - Payroll,Bank,Germany GmbH,Marketing,25486.91,0.0
TXN50268,2024-12-30,Dec 2024,Service Revenue,Income,Germany GmbH,Marketing,0.0,25486.91
TXN50269,2024-05-01,May 2024,Travel and Entertainment,Expense,Singapore Pte Ltd,Engineering,18108.74,0.0
TXN50269,2024-05-01,May 2024,Accrued Expenses,AcctPay,Singapore Pte Ltd,Engineering,0.0,18108.74
TXN50270,2024-03-07,Mar 2024,Inventory - Finished Goods,OthCurrAsset,UK Operations,Engineering,15533.61,0.0
TXN50270,2024-03-07,Mar 2024,Allowance for Doubtful Accounts,AcctRec,UK Operations,Engineering,0.0,15533.61
TXN50271,2024-09-26,Sep 2024,Accounts Receivable,AcctRec,Japan KK,Finance,41184.64,0.0
TXN50271,2024-09-26,Sep 2024,Product Sales,Income,Japan KK,Finance,0.0,41184.64
TXN50272,2024-08-18,Aug 2024,Prepaid Expenses,OthCurrAsset,Singapore Pte Ltd,,25916.26,0.0
TXN50272,2024-08-18,Aug 2024,Service Revenue,Income,Singapore Pte Ltd,,0.0,25916.26
TXN50273,2024-03-07,Mar 2024,Cash - Operating,Bank,Japan KK,Operations,45544.54,0.0
TXN50273,2024-03-07,Mar 2024,Service Revenue,Income,Japan KK,Operations,0.0,45544.54
TXN50274,2024-06-04,Jun 2024,Sales Tax Payable,OthCurrLiab,Germany GmbH,Sales,16200.77,0.0
TXN50274,2024-06-04,Jun 2024,Inventory - Raw Materials,OthCurrAsset,Germany GmbH,Sales,0.0,16200.77
TXN50275,2024-05-25,May 2024,Accounts Receivable,AcctRec,UK Operations,Marketing,9895.47,0.0
TXN50275,2024-05-25,May 2024,Cash - Payroll,Bank,UK Operations,Marketing,0.0,9895.47
TXN50276,2024-11-16,Nov 2024,Salaries and Wages,Expense,Canada Inc,Operations,26720.55,0.0
TXN50276,2024-11-16,Nov 2024,Sales Tax Payable,OthCurrLiab,Canada Inc,Operations,0.0,26720.55
TXN50277,2024-10-24,Oct 2024,Short-term Loans,OthCurrLiab,Germany GmbH,Sales,32970.77,0.0
TXN50277,2024-10-24,Oct 2024,Accounts Receivable,AcctRec,Germany GmbH,Sales,0.0,32970.77
TXN50278,2024-10-15,Oct 2024,Prepaid Expenses,OthCurrAsset,US Headquarters,Engineering,4153.02,0.0
TXN50278,2024-10-15,Oct 2024,Inventory - Raw Materials,OthCurrAsset,US Headquarters,Engineering,0.0,4153.02
TXN50279,2024-05-15,May 2024,Travel and Entertainment,Expense,France SAS,Operations,20887.68,0.0
TXN50279,2024-05-15,May 2024,Payroll Liabilities,OthCurrLiab,France SAS,Operations,0.0,20887.68
TXN50280,2024-10-06,Oct 2024,Interest Expense,OthExpense,Canada Inc,,47836.84,0.0
TXN50280,2024-10-06,Oct 2024,Prepaid Expenses,OthCurrAsset,Canada Inc,,0.0,47836.84
TXN50281,2024-06-01,Jun 2024,Allowance for Doubtful Accounts,AcctRec,Singapore Pte Ltd,Engineering,34461.82,0.0
TXN50281,2024-06-01,Jun 2024,Interest Income,OthIncome,Singapore Pte Ltd,Engineering,0.0,34461.82
TXN50282,2024-08-25,Aug 2024,Inventory - Finished Goods,OthCurrAsset,France SAS,Marketing,30372.35,0.0
TXN50282,2024-08-25,Aug 2024,Consulting Revenue,Income,France SAS,Marketing,0.0,30372.35
TXN50283,2024-06-25,Jun 2024,Cost of Goods Sold - Services,COGS,Japan KK,Sales,38057.18,0.0
TXN50283,2024-06-25,Jun 2024,Inventory - Finished Goods,OthCurrAsset,Japan KK,Sales,0.0,38057.18
TXN50284,2024-05-03,May 2024,Cash - Operating,Bank,Singapore Pte Ltd,Engineering,13446.84,0.0
TXN50284,2024-05-03,May 2024,Product Sales,Income,Singapore Pte Ltd,Engineering,0.0,13446.84
TXN50285,2024-05-28,May 2024,Cash - Payroll,Bank,Japan KK,Operations,20964.92,0.0
TXN50285,2024-05-28,May 2024,Prepaid Expenses,OthCurrAsset,Japan KK,Operations,0.0,20964.92
TXN50286,2024-06-16,Jun 2024,Professional Fees,Expense,Australia Pty Ltd,Sales,38179.76,0.0
TXN50286,2024-06-16,Jun 2024,Accounts Payable,AcctPay,Australia Pty Ltd,Sales,0.0,38179.76
TXN50287,2024-09-12,Sep 2024,Inventory - Raw Materials,OthCurrAsset,Canada Inc,Finance,1256.5,0.0
TXN50287,2024-09-12,Sep 2024,Allowance for Doubtful Accounts,AcctRec,Canada Inc,Finance,0.0,1256.5
TXN50288,2024-05-03,May 2024,Allowance for Doubtful Accounts,AcctRec,France SAS,Operations,17709.46,0.0
TXN50288,2024-05-03,May 2024,Interest Income,OthIncome,France SAS,Operations,0.0,17709.46
TXN50289,2024-05-26,May 2024,Inventory - Finished Goods,OthCurrAsset,US Headquarters,Engineering,21603.3,0.0
TXN50289,2024-05-26,May 2024,Accounts Receivable,AcctRec,US Headquarters,Engineering,0.0,21603.3
TXN50290,2024-07-25,Jul 2024,Rent Expense,Expense,Australia Pty Ltd,Engineering,20089.02,0.0
TXN50290,2024-07-25,Jul 2024,Inventory - Finished Goods,OthCurrAsset,Australia Pty Ltd,Engineering,0.0,20089.02
TXN50291,2024-10-10,Oct 2024,Professional Fees,Expense,Canada Inc,Engineering,19378.81,0.0
TXN50291,2024-10-10,Oct 2024,Inventory - Raw Materials,OthCurrAsset,Canada Inc,Engineering,0.0,19378.81
TXN50292,2024-11-15,Nov 2024,Office Supplies,Expense,UK Operations,Sales,48756.63,0.0
TXN50292,2024-11-15,Nov 2024,Accrued Expenses,AcctPay,UK Operations,Sales,0.0,48756.63
TXN50293,2024-07-06,Jul 2024,Cost of Goods Sold - Products,COGS,Germany GmbH,Sales,30162.9,0.0
TXN50293,2024-07-06,Jul 2024,Cash - Operating,Bank,Germany GmbH,Sales,0.0,30162.9
TXN50294,2024-01-20,Jan 2024,Travel and Entertainment,Expense,Germany GmbH,,16718.73,0.0
TXN50294,2024-01-20,Jan 2024,Accounts Receivable,AcctRec,Germany GmbH,,0.0,16718.73
TXN50295,2024-11-06,Nov 2024,Allowance for Doubtful Accounts,AcctRec,Germany GmbH,Marketing,46575.3,0.0
TXN50295,2024-11-06,Nov 2024,Consulting Revenue,Income,Germany GmbH,Marketing,0.0,46575.3
TXN50296,2024-10-30,Oct 2024,IT and Software,Expense,Australia Pty Ltd,Operations,41431.64,0.0
TXN50296,2024-10-30,Oct 2024,Inventory - Raw Materials,OthCurrAsset,Australia Pty Ltd,Operations,0.0,41431.64
TXN50297,2024-08-31,Aug 2024,Allowance for Doubtful Accounts,AcctRec,US Headquarters,Marketing,16628.86,0.0
TXN50297,2024-08-31,Aug 2024,Consulting Revenue,Income,US Headquarters,Marketing,0.0,16628.86
TXN50298,2024-12-18,Dec 2024,Prepaid Expenses,OthCurrAsset,US Headquarters,Operations,23782.05,0.0
TXN50298,2024-12-18,Dec 2024,Prepaid Expenses,OthCurrAsset,US Headquarters,Operations,0.0,23782.05
TXN50299,2024-10-23,Oct 2024,Professional Fees,Expense,France SAS,,2662.62,0.0
TXN50299,2024-10-23,Oct 2024,Payroll Liabilities,OthCurrLiab,France SAS,,0.0,2662.62
TXN50300,2024-11-13,Nov 2024,Inventory - Raw Materials,OthCurrAsset,Japan KK,Sales,41100.9,0.0
TXN50300,2024-11-13,Nov 2024,Product Sales,Income,Japan KK,Sales,0.0,41100.9
TXN50301,2024-04-07,Apr 2024,Inventory - Finished Goods,OthCurrAsset,US Headquarters,Finance,15753.25,0.0
TXN50301,2024-04-07,Apr 2024,Service Revenue,Income,US Headquarters,Finance,0.0,15753.25
TXN50302,2024-07-29,Jul 2024,Short-term Loans,OthCurrLiab,Singapore Pte Ltd,,36397.36,0.0
TXN50302,2024-07-29,Jul 2024,Cash - Payroll,Bank,Singapore Pte Ltd,,0.0,36397.36
TXN50303,2024-10-14,Oct 2024,Salaries and Wages,Expense,Australia Pty Ltd,,23970.71,0.0
TXN50303,2024-10-14,Oct 2024,Accounts Payable,AcctPay,Australia Pty Ltd,,0.0,23970.71
TXN50304,2024-09-29,Sep 2024,Sales Tax Payable,OthCurrLiab,Australia Pty Ltd,Operations,17778.92,0.0
TXN50304,2024-09-29,Sep 2024,Inventory - Raw Materials,OthCurrAsset,Australia Pty Ltd,Operations,0.0,17778.92
TXN50305,2024-09-04,Sep 2024,Accounts Receivable,AcctRec,France SAS,Sales,14022.42,0.0
TXN50305,2024-09-04,Sep 2024,Consulting Revenue,Income,France SAS,Sales,0.0,14022.42
TXN50306,2024-12-26,Dec 2024,Accounts Receivable,AcctRec,France SAS,,35278.91,0.0
TXN50306,2024-12-26,Dec 2024,Consulting Revenue,Income,France SAS,,0.0,35278.91
TXN50307,2024-05-27,May 2024,Marketing and Advertising,Expense,UK Operations,Operations,33863.45,0.0
TXN50307,2024-05-27,May 2024,Inventory - Finished Goods,OthCurrAsset,UK Operations,Operations,0.0,33863.45
TXN50308,2024-03-15,Mar 2024,Sales Tax Payable,OthCurrLiab,Canada Inc,Engineering,14452.75,0.0
TXN50308,2024-03-15,Mar 2024,Allowance for Doubtful Accounts,AcctRec,Canada Inc,Engineering,0.0,14452.75
TXN50309,2024-12-01,Dec 2024,Inventory - Raw Materials,OthCurrAsset,Canada Inc,,24006.06,0.0
TXN50309,2024-12-01,Dec 2024,Consulting Revenue,Income,Canada Inc,,0.0,24006.06
TXN50310,2024-10-14,Oct 2024,Accrued Expenses,AcctPay,Canada Inc,Sales,5550.41,0.0
TXN50310,2024-10-14,Oct 2024,Cash - Payroll,Bank,Canada Inc,Sales,0.0,5550.41
TXN50311,2024-01-26,Jan 2024,Accounts Receivable,AcctRec,France SAS,,11718.54,0.0
TXN50311,2024-01-26,Jan 2024,Interest Income,OthIncome,France SAS,,0.0,11718.54
TXN50312,2024-02-21,Feb 2024,Cash - Payroll,Bank,Germany GmbH,Engineering,48229.49,0.0
TXN50312,2024-02-21,Feb 2024,Allowance for Doubtful Accounts,AcctRec,Germany GmbH,Engineering,0.0,48229.49
TXN50313,2024-11-30,Nov 2024,Sales Tax Payable,OthCurrLiab,Singapore Pte Ltd,Finance,32561.88,0.0
TXN50313,2024-11-30,Nov 2024,Accounts Receivable,AcctRec,Singapore Pte Ltd,Finance,0.0,32561.88
TXN50314,2024-05-26,May 2024,Inventory - Finished Goods,OthCurrAsset,US Headquarters,Engineering,32649.71,0.0
TXN50314,2024-05-26,May 2024,Product Sales,Income,US Headquarters,Engineering,0.0,32649.71
TXN50315,2024-03-30,Mar 2024,Prepaid Expenses,OthCurrAsset,Japan KK,Sales,46702.74,0.0
TXN50315,2024-03-30,Mar 2024,Interest Income,OthIncome,Japan KK,Sales,0.0,46702.74
TXN50316,2024-09-10,Sep 2024,Cash - Operating,Bank,Germany GmbH,,48110.36,0.0
TXN50316,2024-09-10,Sep 2024,Cash - Operating,Bank,Germany GmbH,,0.0,48110.36
TXN50317,2024-06-01,Jun 2024,Inventory - Raw Materials,OthCurrAsset,UK Operations,Marketing,14299.63,0.0
TXN50317,2024-06-01,Jun 2024,Inventory - Raw Materials,OthCurrAsset,UK Operations,Marketing,0.0,14299.63
TXN50318,2024-09-09,Sep 2024,Cash - Operating,Bank,Germany GmbH,Operations,23454.24,0.0
TXN50318,2024-09-09,Sep 2024,Consulting Revenue,Income,Germany GmbH,Operations,0.0,23454.24
TXN50319,2024-03-24,Mar 2024,Inventory - Finished Goods,OthCurrAsset,Singapore Pte Ltd,,12937.52,0.0
TXN50319,2024-03-24,Mar 2024,Consulting Revenue,Income,Singapore Pte Ltd,,0.0,12937.52
TXN50320,2024-05-31,May 2024,Marketing and Advertising,Expense,France SAS,Sales,30586.63,0.0
TXN50320,2024-05-31,May 2024,Prepaid Expenses,OthCurrAsset,France SAS,Sales,0.0,30586.63
TXN50321,2024-09-20,Sep 2024,Cash - Payroll,Bank,Australia Pty Ltd,Engineering,20101.58,0.0
TXN50321,2024-09-20,Sep 2024,Interest Income,OthIncome,Australia Pty Ltd,Engineering,0.0,20101.58
TXN50322,2024-06-14,Jun 2024,Prepaid Expenses,OthCurrAsset,France SAS,Engineering,13113.19,0.0
TXN50322,2024-06-14,Jun 2024,Consulting Revenue,Income,France SAS,Engineering,0.0,13113.19
TXN50323,2024-06-17,Jun 2024,Inventory - Finished Goods,OthCurrAsset,Canada Inc,Operations,36171.84,0.0
TXN50323,2024-06-17,Jun 2024,Consulting Revenue,Income,Canada Inc,Operations,0.0,36171.84
TXN50324,2024-12-20,Dec 2024,Salaries and Wages,Expense,France SAS,Engineering,33422.53,0.0
TXN50324,2024-12-20,Dec 2024,Prepaid Expenses,OthCurrAsset,France SAS,Engineering,0.0,33422.53
TXN50325,2024-12-17,Dec 2024,Accounts Receivable,AcctRec,Canada Inc,,5959.05,0.0
TXN50325,2024-12-17,Dec 2024,Accounts Receivable,AcctRec,Canada Inc,,0.0,5959.05
TXN50326,2024-11-10,Nov 2024,Travel and Entertainment,Expense,France SAS,Sales,47872.29,0.0
TXN50326,2024-11-10,Nov 2024,Short-term Loans,OthCurrLiab,France SAS,Sales,0.0,47872.29
TXN50327,2024-11-06,Nov 2024,Prepaid Expenses,OthCurrAsset,Australia Pty Ltd,Finance,35126.84,0.0
TXN50327,2024-11-06,Nov 2024,Inventory - Raw Materials,OthCurrAsset,Australia Pty Ltd,Finance,0.0,35126.84
TXN50328,2024-12-06,Dec 2024,Cost of Goods Sold - Services,COGS,France SAS,Sales,34049.06,0.0
TXN50328,2024-12-06,Dec 2024,Accrued Expenses,AcctPay,France SAS,Sales,0.0,34049.06
TXN50329,2024-08-16,Aug 2024,Prepaid Expenses,OthCurrAsset,Australia Pty Ltd,Engineering,45870.51,0.0
TXN50329,2024-08-16,Aug 2024,Service Revenue,Income,Australia Pty Ltd,Engineering,0.0,45870.51
TXN50330,2024-10-20,Oct 2024,Cost of Goods Sold - Services,COGS,Germany GmbH,Sales,16473.07,0.0
TXN50330,2024-10-20,Oct 2024,Payroll Liabilities,OthCurrLiab,Germany GmbH,Sales,0.0,16473.07
TXN50331,2024-04-15,Apr 2024,Cost of Goods Sold - Products,COGS,Singapore Pte Ltd,Engineering,44954.58,0.0
TXN50331,2024-04-15,Apr 2024,Accounts Payable,AcctPay,Singapore Pte Ltd,Engineering,0.0,44954.58
TXN50332,2024-03-08,Mar 2024,Interest Expense,OthExpense,Japan KK,Finance,28239.17,0.0
TXN50332,2024-03-08,Mar 2024,Inventory - Raw Materials,OthCurrAsset,Japan KK,Finance,0.0,28239.17
TXN50333,2024-01-12,Jan 2024,Short-term Loans,OthCurrLiab,Japan KK,Marketing,40841.02,0.0
TXN50333,2024-01-12,Jan 2024,Cash - Operating,Bank,Japan KK,Marketing,0.0,40841.02
TXN50334,2024-01-24,Jan 2024,Cost of Goods Sold - Products,COGS,Japan KK,Marketing,35049.21,0.0
TXN50334,2024-01-24,Jan 2024,Cash - Payroll,Bank,Japan KK,Marketing,0.0,35049.21
TXN50335,2024-08-29,Aug 2024,Payroll Liabilities,OthCurrLiab,US Headquarters,Marketing,20502.46,0.0
TXN50335,2024-08-29,Aug 2024,Accounts Receivable,AcctRec,US Headquarters,Marketing,0.0,20502.46
TXN50336,2024-07-14,Jul 2024,Interest Expense,OthExpense,Singapore Pte Ltd,Finance,18844.71,0.0
TXN50336,2024-07-14,Jul 2024,Accrued Expenses,AcctPay,Singapore Pte Ltd,Finance,0.0,18844.71
TXN50337,2024-03-09,Mar 2024,Professional Fees,Expense,Australia Pty Ltd,Engineering,9005.83,0.0
TXN50337,2024-03-09,Mar 2024,Accounts Receivable,AcctRec,Australia Pty Ltd,Engineering,0.0,9005.83
TXN50338,2024-04-24,Apr 2024,Professional Fees,Expense,US Headquarters,Engineering,48926.69,0.0
TXN50338,2024-04-24,Apr 2024,Prepaid Expenses,OthCurrAsset,US Headquarters,Engineering,0.0,48926.69
TXN50339,2024-09-29,Sep 2024,Accounts Receivable,AcctRec,Japan KK,Sales,12450.85,0.0
TXN50339,2024-09-29,Sep 2024,Service Revenue,Income,Japan KK,Sales,0.0,12450.85
TXN50340,2024-02-27,Feb 2024,Accounts Payable,AcctPay,US Headquarters,,21020.11,0.0
TXN50340,2024-02-27,Feb 2024,Cash - Payroll,Bank,US Headquarters,,0.0,21020.11
TXN50341,2024-04-15,Apr 2024,Interest Expense,OthExpense,UK Operations,Engineering,29737.81,0.0
TXN50341,2024-04-15,Apr 2024,Short-term Loans,OthCurrLiab,UK Operations,Engineering,0.0,29737.81
TXN50342,2024-01-25,Jan 2024,Professional Fees,Expense,France SAS,,2307.41,0.0
TXN50342,2024-01-25,Jan 2024,Allowance for Doubtful Accounts,AcctRec,France SAS,,0.0,2307.41
TXN50343,2024-01-29,Jan 2024,Inventory - Finished Goods,OthCurrAsset,Germany GmbH,Operations,49674.82,0.0
TXN50343,2024-01-29,Jan 2024,Consulting Revenue,Income,Germany GmbH,Operations,0.0,49674.82
TXN50344,2024-10-22,Oct 2024,Inventory - Finished Goods,OthCurrAsset,Australia Pty Ltd,Sales,15158.05,0.0
TXN50344,2024-10-22,Oct 2024,Service Revenue,Income,Australia Pty Ltd,Sales,0.0,15158.05
TXN50345,2024-07-30,Jul 2024,Inventory - Finished Goods,OthCurrAsset,Canada Inc,Marketing,3141.79,0.0
TXN50345,2024-07-30,Jul 2024,Cash - Payroll,Bank,Canada Inc,Marketing,0.0,3141.79
TXN50346,2024-11-16,Nov 2024,Inventory - Finished Goods,OthCurrAsset,Japan KK,Operations,24831.48,0.0
TXN50346,2024-11-16,Nov 2024,Inventory - Finished Goods,OthCurrAsset,Japan KK,Operations,0.0,24831.48
TXN50347,2024-07-14,Jul 2024,Allowance for Doubtful Accounts,AcctRec,Australia Pty Ltd,,20874.6,0.0
TXN50347,2024-07-14,Jul 2024,Service Revenue,Income,Australia Pty Ltd,,0.0,20874.6
TXN50348,2024-10-02,Oct 2024,Inventory - Finished Goods,OthCurrAsset,Singapore Pte Ltd,Sales,42482.11,0.0
TXN50348,2024-10-02,Oct 2024,Service Revenue,Income,Singapore Pte Ltd,Sales,0.0,42482.11
TXN50349,2024-08-25,Aug 2024,Professional Fees,Expense,US Headquarters,Operations,20692.61,0.0
TXN50349,2024-08-25,Aug 2024,Accounts Receivable,AcctRec,US Headquarters,Operations,0.0,20692.61
TXN50350,2024-07-17,Jul 2024,Travel and Entertainment,Expense,France SAS,Marketing,10246.5,0.0
TXN50350,2024-07-17,Jul 2024,Inventory - Finished Goods,OthCurrAsset,France SAS,Marketing,0.0,10246.5
TXN50351,2024-02-17,Feb 2024,IT and Software,Expense,France SAS,Engineering,13496.23,0.0
TXN50351,2024-02-17,Feb 2024,Cash - Operating,Bank,France SAS,Engineering,0.0,13496.23
TXN50352,2024-02-07,Feb 2024,Travel and Entertainment,Expense,France SAS,Operations,36242.83,0.0
TXN50352,2024-02-07,Feb 2024,Allowance for Doubtful Accounts,AcctRec,France SAS,Operations,0.0,36242.83
TXN50353,2024-06-19,Jun 2024,Inventory - Finished Goods,OthCurrAsset,Canada Inc,Engineering,10669.21,0.0
TXN50353,2024-06-19,Jun 2024,Product Sales,Income,Canada Inc,Engineering,0.0,10669.21
TXN50354,2024-09-02,Sep 2024,Cash - Payroll,Bank,France SAS,,30259.64,0.0
TXN50354,2024-09-02,Sep 2024,Consulting Revenue,Income,France SAS,,0.0,30259.64
TXN50355,2024-05-24,May 2024,Utilities,Expense,Japan KK,Finance,26729.14,0.0
TXN50355,2024-05-24,May 2024,Inventory - Finished Goods,OthCurrAsset,Japan KK,Finance,0.0,26729.14
TXN50356,2024-09-19,Sep 2024,Allowance for Doubtful Accounts,AcctRec,Singapore Pte Ltd,Finance,5020.55,0.0
TXN50356,2024-09-19,Sep 2024,Prepaid Expenses,OthCurrAsset,Singapore Pte Ltd,Finance,0.0,5020.55
TXN50357,2024-06-12,Jun 2024,Prepaid Expenses,OthCurrAsset,France SAS,Marketing,15714.81,0.0
TXN50357,2024-06-12,Jun 2024,Service Revenue,Income,France SAS,Marketing,0.0,15714.81
TXN50358,2024-03-15,Mar 2024,Marketing and Advertising,Expense,US Headquarters,Marketing,27710.25,0.0
TXN50358,2024-03-15,Mar 2024,Inventory - Raw Materials,OthCurrAsset,US Headquarters,Marketing,0.0,27710.25
TXN50359,2024-03-19,Mar 2024,Rent Expense,Expense,France SAS,Marketing,11577.93,0.0
TXN50359,2024-03-19,Mar 2024,Accounts Payable,AcctPay,France SAS,Marketing,0.0,11577.93
TXN50360,2024-10-08,Oct 2024,Interest Expense,OthExpense,Australia Pty Ltd,Marketing,38191.7,0.0
TXN50360,2024-10-08,Oct 2024,Short-term Loans,OthCurrLiab,Australia Pty Ltd,Marketing,0.0,38191.7
TXN50361,2024-09-08,Sep 2024,Salaries and Wages,Expense,Singapore Pte Ltd,Sales,36665.33,0.0
TXN50361,2024-09-08,Sep 2024,Short-term Loans,OthCurrLiab,Singapore Pte Ltd,Sales,0.0,36665.33
TXN50362,2024-10-06,Oct 2024,Interest Expense,OthExpense,Singapore Pte Ltd,Sales,45853.28,0.0
TXN50362,2024-10-06,Oct 2024,Cash - Operating,Bank,Singapore Pte Ltd,Sales,0.0,45853.28
TXN50363,2024-09-25,Sep 2024,Cost of Goods Sold - Products,COGS,US Headquarters,Engineering,47264.89,0.0
TXN50363,2024-09-25,Sep 2024,Prepaid Expenses,OthCurrAsset,US Headquarters,Engineering,0.0,47264.89
TXN50364,2024-03-11,Mar 2024,Inventory - Raw Materials,OthCurrAsset,France SAS,Engineering,35387.76,0.0
TXN50364,2024-03-11,Mar 2024,Interest Income,OthIncome,France SAS,Engineering,0.0,35387.76
TXN50365,2024-07-10,Jul 2024,Allowance for Doubtful Accounts,AcctRec,US Headquarters,Operations,31922.66,0.0
TXN50365,2024-07-10,Jul 2024,Inventory - Finished Goods,OthCurrAsset,US Headquarters,Operations,0.0,31922.66
TXN50366,2024-09-06,Sep 2024,Cost of Goods Sold - Products,COGS,US Headquarters,Engineering,26657.4,0.0
TXN50366,2024-09-06,Sep 2024,Accrued Expenses,AcctPay,US Headquarters,Engineering,0.0,26657.4
TXN50367,2024-05-20,May 2024,Marketing and Advertising,Expense,Canada Inc,Engineering,25160.58,0.0
TXN50367,2024-05-20,May 2024,Accounts Receivable,AcctRec,Canada Inc,Engineering,0.0,25160.58
TXN50368,2024-02-24,Feb 2024,Inventory - Raw Materials,OthCurrAsset,UK Operations,Operations,7529.98,0.0
TXN50368,2024-02-24,Feb 2024,Consulting Revenue,Income,UK Operations,Operations,0.0,7529.98
TXN50369,2024-06-30,Jun 2024,Allowance for Doubtful Accounts,AcctRec,Canada Inc,Finance,4043.06,0.0
TXN50369,2024-06-30,Jun 2024,Inventory - Raw Materials,OthCurrAsset,Canada Inc,Finance,0.0,4043.06
TXN50370,2024-05-04,May 2024,Accounts Payable,AcctPay,France SAS,Marketing,34233.68,0.0
TXN50370,2024-05-04,May 2024,Cash - Operating,Bank,France SAS,Marketing,0.0,34233.68
TXN50371,2024-07-26,Jul 2024,Cash - Operating,Bank,Japan KK,Finance,27679.8,0.0
TXN50371,2024-07-26,Jul 2024,Service Revenue,Income,Japan KK,Finance,0.0,27679.8
TXN50372,2024-02-12,Feb 2024,Prepaid Expenses,OthCurrAsset,Singapore Pte Ltd,Finance,32280.87,0.0
TXN50372,2024-02-12,Feb 2024,Product Sales,Income,Singapore Pte Ltd,Finance,0.0,32280.87
TXN50373,2024-09-27,Sep 2024,Inventory - Raw Materials,OthCurrAsset,US Headquarters,Sales,10649.71,0.0
TXN50373,2024-09-27,Sep 2024,Allowance for Doubtful Accounts,AcctRec,US Headquarters,Sales,0.0,10649.71
TXN50374,2024-05-18,May 2024,Inventory - Raw Materials,OthCurrAsset,US Headquarters,Engineering,34252.99,0.0
TXN50374,2024-05-18,May 2024,Product Sales,Income,US Headquarters,Engineering,0.0,34252.99
TXN50375,2024-04-01,Apr 2024,Marketing and Advertising,Expense,Australia Pty Ltd,Engineering,48077.31,0.0
TXN50375,2024-04-01,Apr 2024,Cash - Payroll,Bank,Australia Pty Ltd,Engineering,0.0,48077.31
TXN50376,2024-06-02,Jun 2024,Payroll Liabilities,OthCurrLiab,Germany GmbH,Operations,12099.56,0.0
TXN50376,2024-06-02,Jun 2024,Inventory - Finished Goods,OthCurrAsset,Germany GmbH,Operations,0.0,12099.56
TXN50377,2024-10-03,Oct 2024,Inventory - Finished Goods,OthCurrAsset,Australia Pty Ltd,Finance,37804.9,0.0
TXN50377,2024-10-03,Oct 2024,Product Sales,Income,Australia Pty Ltd,Finance,0.0,37804.9
TXN50378,2024-09-13,Sep 2024,Cash - Operating,Bank,Australia Pty Ltd,Engineering,4974.52,0.0
TXN50378,2024-09-13,Sep 2024,Consulting Revenue,Income,Australia Pty Ltd,Engineering,0.0,4974.52
TXN50379,2024-11-05,Nov 2024,Allowance for Doubtful Accounts,AcctRec,Japan KK,Marketing,1578.32,0.0
TXN50379,2024-11-05,Nov 2024,Interest Income,OthIncome,Japan KK,Marketing,0.0,1578.32
TXN50380,2024-04-26,Apr 2024,Interest Expense,OthExpense,Australia Pty Ltd,Operations,47063.03,0.0
TXN50380,2024-04-26,Apr 2024,Sales Tax Payable,OthCurrLiab,Australia Pty Ltd,Operations,0.0,47063.03
TXN50381,2024-12-04,Dec 2024,Cash - Payroll,Bank,Japan KK,Engineering,38631.15,0.0
TXN50381,2024-12-04,Dec 2024,Product Sales,Income,Japan KK,Engineering,0.0,38631.15
TXN50382,2024-02-12,Feb 2024,Accrued Expenses,AcctPay,Canada Inc,Sales,19062.0,0.0
TXN50382,2024-02-12,Feb 2024,Inventory - Finished Goods,OthCurrAsset,Canada Inc,Sales,0.0,19062.0
TXN50383,2024-07-18,Jul 2024,Accounts Receivable,AcctRec,Australia Pty Ltd,Marketing,5416.89,0.0
TXN50383,2024-07-18,Jul 2024,Interest Income,OthIncome,Australia Pty Ltd,Marketing,0.0,5416.89
TXN50384,2024-07-03,Jul 2024,Allowance for Doubtful Accounts,AcctRec,Canada Inc,Engineering,6712.1,0.0
TXN50384,2024-07-03,Jul 2024,Interest Income,OthIncome,Canada Inc,Engineering,0.0,6712.1
TXN50385,2024-02-22,Feb 2024,Inventory - Raw Materials,OthCurrAsset,US Headquarters,Engineering,17760.32,0.0
TXN50385,2024-02-22,Feb 2024,Consulting Revenue,Income,US Headquarters,Engineering,0.0,17760.32
TXN50386,2024-07-16,Jul 2024,Short-term Loans,OthCurrLiab,US Headquarters,Marketing,20749.12,0.0
TXN50386,2024-07-16,Jul 2024,Cash - Payroll,Bank,US Headquarters,Marketing,0.0,20749.12
TXN50387,2024-10-19,Oct 2024,Accounts Receivable,AcctRec,Germany GmbH,,19098.53,0.0
TXN50387,2024-10-19,Oct 2024,Consulting Revenue,Income,Germany GmbH,,0.0,19098.53
TXN50388,2024-09-09,Sep 2024,Accounts Receivable,AcctRec,Germany GmbH,Engineering,8443.65,0.0
TXN50388,2024-09-09,Sep 2024,Interest Income,OthIncome,Germany GmbH,Engineering,0.0,8443.65
TXN50389,2024-02-09,Feb 2024,Payroll Liabilities,OthCurrLiab,Australia Pty Ltd,Marketing,47216.69,0.0
TXN50389,2024-02-09,Feb 2024,Inventory - Raw Materials,OthCurrAsset,Australia Pty Ltd,Marketing,0.0,47216.69
TXN50390,2024-11-11,Nov 2024,Allowance for Doubtful Accounts,AcctRec,France SAS,Finance,5437.92,0.0
TXN50390,2024-11-11,Nov 2024,Consulting Revenue,Income,France SAS,Finance,0.0,5437.92
TXN50391,2024-11-13,Nov 2024,Interest Expense,OthExpense,Japan KK,Marketing,22067.12,0.0
TXN50391,2024-11-13,Nov 2024,Sales Tax Payable,OthCurrLiab,Japan KK,Marketing,0.0,22067.12
TXN50392,2024-03-10,Mar 2024,Travel and Entertainment,Expense,Canada Inc,Marketing,30200.24,0.0
TXN50392,2024-03-10,Mar 2024,Inventory - Finished Goods,OthCurrAsset,Canada Inc,Marketing,0.0,30200.24
TXN50393,2024-03-31,Mar 2024,Travel and Entertainment,Expense,Japan KK,Marketing,14643.26,0.0
TXN50393,2024-03-31,Mar 2024,Sales Tax Payable,OthCurrLiab,Japan KK,Marketing,0.0,14643.26
TXN50394,2024-05-04,May 2024,Sales Tax Payable,OthCurrLiab,Australia Pty Ltd,Finance,14086.98,0.0
TXN50394,2024-05-04,May 2024,Cash - Operating,Bank,Australia Pty Ltd,Finance,0.0,14086.98
TXN50395,2024-10-15,Oct 2024,Prepaid Expenses,OthCurrAsset,France SAS,Operations,49863.52,0.0
TXN50395,2024-10-15,Oct 2024,Product Sales,Income,France SAS,Operations,0.0,49863.52
TXN50396,2024-08-24,Aug 2024,Accounts Payable,AcctPay,France SAS,Finance,39904.51,0.0
TXN50396,2024-08-24,Aug 2024,Prepaid Expenses,OthCurrAsset,France SAS,Finance,0.0,39904.51
TXN50397,2024-07-28,Jul 2024,Inventory - Finished Goods,OthCurrAsset,Singapore Pte Ltd,Sales,31703.47,0.0
TXN50397,2024-07-28,Jul 2024,Service Revenue,Income,Singapore Pte Ltd,Sales,0.0,31703.47
TXN50398,2024-08-04,Aug 2024,IT and Software,Expense,Japan KK,Engineering,22508.43,0.0
TXN50398,2024-08-04,Aug 2024,Prepaid Expenses,OthCurrAsset,Japan KK,Engineering,0.0,22508.43
TXN50399,2024-09-30,Sep 2024,Inventory - Finished Goods,OthCurrAsset,Japan KK,Operations,1934.58,0.0
TXN50399,2024-09-30,Sep 2024,Prepaid Expenses,OthCurrAsset,Japan KK,Operations,0.0,1934.58
TXN50400,2024-10-01,Oct 2024,Office Supplies,Expense,UK Operations,Engineering,38470.81,0.0
TXN50400,2024-10-01,Oct 2024,Accounts Receivable,AcctRec,UK Operations,Engineering,0.0,38470.81
TXN50401,2024-11-27,Nov 2024,Marketing and Advertising,Expense,US Headquarters,Operations,49182.05,0.0
TXN50401,2024-11-27,Nov 2024,Inventory - Finished Goods,OthCurrAsset,US Headquarters,Operations,0.0,49182.05
TXN50402,2024-08-08,Aug 2024,Inventory - Finished Goods,OthCurrAsset,UK Operations,Engineering,5020.47,0.0
TXN50402,2024-08-08,Aug 2024,Service Revenue,Income,UK Operations,Engineering,0.0,5020.47
TXN50403,2024-08-16,Aug 2024,Professional Fees,Expense,Australia Pty Ltd,Finance,23206.85,0.0
TXN50403,2024-08-16,Aug 2024,Accounts Receivable,AcctRec,Australia Pty Ltd,Finance,0.0,23206.85
TXN50404,2024-06-25,Jun 2024,Cost of Goods Sold - Services,COGS,US Headquarters,Finance,5317.01,0.0
TXN50404,2024-06-25,Jun 2024,Cash - Payroll,Bank,US Headquarters,Finance,0.0,5317.01
TXN50405,2024-03-13,Mar 2024,Short-term Loans,OthCurrLiab,Australia Pty Ltd,Marketing,17219.03,0.0
TXN50405,2024-03-13,Mar 2024,Allowance for Doubtful Accounts,AcctRec,Australia Pty Ltd,Marketing,0.0,17219.03
TXN50406,2024-06-27,Jun 2024,Office Supplies,Expense,Singapore Pte Ltd,Engineering,21964.48,0.0
TXN50406,2024-06-27,Jun 2024,Cash - Payroll,Bank,Singapore Pte Ltd,Engineering,0.0,21964.48
TXN50407,2024-06-02,Jun 2024,Accounts Payable,AcctPay,US Headquarters,,5842.75,0.0
TXN50407,2024-06-02,Jun 2024,Inventory - Finished Goods,OthCurrAsset,US Headquarters,,0.0,5842.75
TXN50408,2024-03-25,Mar 2024,Inventory - Raw Materials,OthCurrAsset,France SAS,Operations,8805.22,0.0
TXN50408,2024-03-25,Mar 2024,Interest Income,OthIncome,France SAS,Operations,0.0,8805.22
TXN50409,2024-08-24,Aug 2024,Inventory - Finished Goods,OthCurrAsset,France SAS,Finance,31525.04,0.0
TXN50409,2024-08-24,Aug 2024,Interest Income,OthIncome,France SAS,Finance,0.0,31525.04
TXN50410,2024-07-21,Jul 2024,Inventory - Raw Materials,OthCurrAsset,US Headquarters,,30743.94,0.0
TXN50410,2024-07-21,Jul 2024,Interest Income,OthIncome,US Headquarters,,0.0,30743.94
TXN50411,2024-07-18,Jul 2024,Inventory - Finished Goods,OthCurrAsset,US Headquarters,,10818.33,0.0
TXN50411,2024-07-18,Jul 2024,Product Sales,Income,US Headquarters,,0.0,10818.33
TXN50412,2024-10-22,Oct 2024,Allowance for Doubtful Accounts,AcctRec,UK Operations,Operations,9429.3,0.0
TXN50412,2024-10-22,Oct 2024,Product Sales,Income,UK Operations,Operations,0.0,9429.3
TXN50413,2024-05-14,May 2024,Allowance for Doubtful Accounts,AcctRec,Singapore Pte Ltd,Operations,48299.23,0.0
TXN50413,2024-05-14,May 2024,Interest Income,OthIncome,Singapore Pte Ltd,Operations,0.0,48299.23
TXN50414,2024-10-27,Oct 2024,Salaries and Wages,Expense,UK Operations,Marketing,17664.05,0.0
TXN50414,2024-10-27,Oct 2024,Payroll Liabilities,OthCurrLiab,UK Operations,Marketing,0.0,17664.05
TXN50415,2024-12-27,Dec 2024,Office Supplies,Expense,Canada Inc,Operations,29549.4,0.0
TXN50415,2024-12-27,Dec 2024,Cash - Payroll,Bank,Canada Inc,Operations,0.0,29549.4
TXN50416,2024-05-02,May 2024,Professional Fees,Expense,Canada Inc,Engineering,9233.92,0.0
TXN50416,2024-05-02,May 2024,Prepaid Expenses,OthCurrAsset,Canada Inc,Engineering,0.0,9233.92
TXN50417,2024-08-02,Aug 2024,Inventory - Finished Goods,OthCurrAsset,Germany GmbH,Operations,19247.13,0.0
TXN50417,2024-08-02,Aug 2024,Service Revenue,Income,Germany GmbH,Operations,0.0,19247.13
TXN50418,2024-10-11,Oct 2024,Prepaid Expenses,OthCurrAsset,Germany GmbH,Finance,14512.86,0.0
TXN50418,2024-10-11,Oct 2024,Interest Income,OthIncome,Germany GmbH,Finance,0.0,14512.86
TXN50419,2024-11-13,Nov 2024,Rent Expense,Expense,US Headquarters,Marketing,47596.91,0.0
TXN50419,2024-11-13,Nov 2024,Prepaid Expenses,OthCurrAsset,US Headquarters,Marketing,0.0,47596.91
TXN50420,2024-10-14,Oct 2024,Travel and Entertainment,Expense,Singapore Pte Ltd,Finance,34266.36,0.0
TXN50420,2024-10-14,Oct 2024,Accounts Payable,AcctPay,Singapore Pte Ltd,Finance,0.0,34266.36
TXN50421,2024-03-26,Mar 2024,Sales Tax Payable,OthCurrLiab,UK Operations,Operations,1639.95,0.0
TXN50421,2024-03-26,Mar 2024,Cash - Operating,Bank,UK Operations,Operations,0.0,1639.95
TXN50422,2024-05-20,May 2024,Short-term Loans,OthCurrLiab,France SAS,Operations,14504.65,0.0
TXN50422,2024-05-20,May 2024,Inventory - Finished Goods,OthCurrAsset,France SAS,Operations,0.0,14504.65
TXN50423,2024-09-10,Sep 2024,Sales Tax Payable,OthCurrLiab,UK Operations,Operations,5798.91,0.0
TXN50423,2024-09-10,Sep 2024,Inventory - Raw Materials,OthCurrAsset,UK Operations,Operations,0.0,5798.91
TXN50424,2024-01-22,Jan 2024,Interest Expense,OthExpense,Singapore Pte Ltd,Operations,11005.24,0.0
TXN50424,2024-01-22,Jan 2024,Allowance for Doubtful Accounts,AcctRec,Singapore Pte Ltd,Operations,0.0,11005.24
TXN50425,2024-06-01,Jun 2024,Cash - Operating,Bank,US Headquarters,Finance,13214.48,0.0
TXN50425,2024-06-01,Jun 2024,Allowance for Doubtful Accounts,AcctRec,US Headquarters,Finance,0.0,13214.48
TXN50426,2024-03-01,Mar 2024,Office Supplies,Expense,France SAS,Sales,40554.07,0.0
TXN50426,2024-03-01,Mar 2024,Short-term Loans,OthCurrLiab,France SAS,Sales,0.0,40554.07
TXN50427,2024-11-08,Nov 2024,Accrued Expenses,AcctPay,Japan KK,Sales,30845.94,0.0
TXN50427,2024-11-08,Nov 2024,Prepaid Expenses,OthCurrAsset,Japan KK,Sales,0.0,30845.94
TXN50428,2024-01-31,Jan 2024,Office Supplies,Expense,Australia Pty Ltd,Operations,14126.14,0.0
TXN50428,2024-01-31,Jan 2024,Short-term Loans,OthCurrLiab,Australia Pty Ltd,Operations,0.0,14126.14
TXN50429,2024-05-29,May 2024,Inventory - Finished Goods,OthCurrAsset,Canada Inc,Operations,13440.42,0.0
TXN50429,2024-05-29,May 2024,Prepaid Expenses,OthCurrAsset,Canada Inc,Operations,0.0,13440.42
TXN50430,2024-02-18,Feb 2024,Prepaid Expenses,OthCurrAsset,Germany GmbH,Finance,45946.56,0.0
TXN50430,2024-02-18,Feb 2024,Inventory - Finished Goods,OthCurrAsset,Germany GmbH,Finance,0.0,45946.56
TXN50431,2024-03-05,Mar 2024,Cash - Payroll,Bank,Germany GmbH,Sales,7397.55,0.0
TXN50431,2024-03-05,Mar 2024,Interest Income,OthIncome,Germany GmbH,Sales,0.0,7397.55
TXN50432,2024-09-07,Sep 2024,Marketing and Advertising,Expense,Germany GmbH,Operations,31656.86,0.0
TXN50432,2024-09-07,Sep 2024,Accounts Payable,AcctPay,Germany GmbH,Operations,0.0,31656.86
TXN50433,2024-02-08,Feb 2024,Accounts Receivable,AcctRec,UK Operations,Finance,25829.11,0.0
TXN50433,2024-02-08,Feb 2024,Interest Income,OthIncome,UK Operations,Finance,0.0,25829.11
TXN50434,2024-09-06,Sep 2024,Accounts Payable,AcctPay,Australia Pty Ltd,Operations,223.41,0.0
TXN50434,2024-09-06,Sep 2024,Inventory - Finished Goods,OthCurrAsset,Australia Pty Ltd,Operations,0.0,223.41
TXN50435,2024-08-22,Aug 2024,Marketing and Advertising,Expense,Australia Pty Ltd,Engineering,39804.33,0.0
TXN50435,2024-08-22,Aug 2024,Allowance for Doubtful Accounts,AcctRec,Australia Pty Ltd,Engineering,0.0,39804.33
TXN50436,2024-09-10,Sep 2024,Inventory - Raw Materials,OthCurrAsset,Canada Inc,Marketing,41434.35,0.0
TXN50436,2024-09-10,Sep 2024,Service Revenue,Income,Canada Inc,Marketing,0.0,41434.35
TXN50437,2024-10-16,Oct 2024,Accounts Payable,AcctPay,Singapore Pte Ltd,Marketing,44718.32,0.0
TXN50437,2024-10-16,Oct 2024,Cash - Operating,Bank,Singapore Pte Ltd,Marketing,0.0,44718.32
TXN50438,2024-11-16,Nov 2024,Allowance for Doubtful Accounts,AcctRec,Singapore Pte Ltd,Engineering,6299.44,0.0
TXN50438,2024-11-16,Nov 2024,Allowance for Doubtful Accounts,AcctRec,Singapore Pte Ltd,Engineering,0.0,6299.44
TXN50439,2024-01-01,Jan 2024,Inventory - Finished Goods,OthCurrAsset,Japan KK,Sales,49785.13,0.0
TXN50439,2024-01-01,Jan 2024,Accounts Receivable,AcctRec,Japan KK,Sales,0.0,49785.13
TXN50440,2024-03-22,Mar 2024,Accounts Receivable,AcctRec,Canada Inc,Engineering,32763.94,0.0
TXN50440,2024-03-22,Mar 2024,Service Revenue,Income,Canada Inc,Engineering,0.0,32763.94
TXN50441,2024-01-27,Jan 2024,Rent Expense,Expense,Japan KK,,15344.91,0.0
TXN50441,2024-01-27,Jan 2024,Prepaid Expenses,OthCurrAsset,Japan KK,,0.0,15344.91
TXN50442,2024-12-01,Dec 2024,Cash - Operating,Bank,UK Operations,,4849.67,0.0
TXN50442,2024-12-01,Dec 2024,Service Revenue,Income,UK Operations,,0.0,4849.67
TXN50443,2024-10-30,Oct 2024,Inventory - Finished Goods,OthCurrAsset,France SAS,Operations,34031.14,0.0
TXN50443,2024-10-30,Oct 2024,Consulting Revenue,Income,France SAS,Operations,0.0,34031.14
TXN50444,2024-03-02,Mar 2024,Allowance for Doubtful Accounts,AcctRec,Japan KK,,6695.54,0.0
TXN50444,2024-03-02,Mar 2024,Product Sales,Income,Japan KK,,0.0,6695.54
TXN50445,2024-02-22,Feb 2024,Allowance for Doubtful Accounts,AcctRec,UK Operations,Marketing,18441.33,0.0
TXN50445,2024-02-22,Feb 2024,Service Revenue,Income,UK Operations,Marketing,0.0,18441.33
TXN50446,2024-11-24,Nov 2024,Inventory - Finished Goods,OthCurrAsset,Germany GmbH,Engineering,26572.36,0.0
TXN50446,2024-11-24,Nov 2024,Service Revenue,Income,Germany GmbH,Engineering,0.0,26572.36
TXN50447,2024-08-13,Aug 2024,Payroll Liabilities,OthCurrLiab,Australia Pty Ltd,,10731.47,0.0
TXN50447,2024-08-13,Aug 2024,Inventory - Raw Materials,OthCurrAsset,Australia Pty Ltd,,0.0,10731.47
TXN50448,2024-12-17,Dec 2024,Prepaid Expenses,OthCurrAsset,Singapore Pte Ltd,Sales,4425.73,0.0
TXN50448,2024-12-17,Dec 2024,Product Sales,Income,Singapore Pte Ltd,Sales,0.0,4425.73
TXN50449,2024-10-28,Oct 2024,Cash - Payroll,Bank,Japan KK,Marketing,48166.11,0.0
TXN50449,2024-10-28,Oct 2024,Service Revenue,Income,Japan KK,Marketing,0.0,48166.11
TXN50450,2024-05-21,May 2024,IT and Software,Expense,UK Operations,Sales,27714.49,0.0
TXN50450,2024-05-21,May 2024,Inventory - Raw Materials,OthCurrAsset,UK Operations,Sales,0.0,27714.49
TXN50451,2024-12-19,Dec 2024,Inventory - Raw Materials,OthCurrAsset,US Headquarters,,43803.78,0.0
TXN50451,2024-12-19,Dec 2024,Service Revenue,Income,US Headquarters,,0.0,43803.78
TXN50452,2024-07-19,Jul 2024,Cash - Payroll,Bank,Canada Inc,,2823.0,0.0
TXN50452,2024-07-19,Jul 2024,Allowance for Doubtful Accounts,AcctRec,Canada Inc,,0.0,2823.0
TXN50453,2024-07-16,Jul 2024,Professional Fees,Expense,UK Operations,Sales,25029.17,0.0
TXN50453,2024-07-16,Jul 2024,Cash - Operating,Bank,UK Operations,Sales,0.0,25029.17
TXN50454,2024-07-03,Jul 2024,Payroll Liabilities,OthCurrLiab,Australia Pty Ltd,Sales,19403.23,0.0
TXN50454,2024-07-03,Jul 2024,Accounts Receivable,AcctRec,Australia Pty Ltd,Sales,0.0,19403.23
TXN50455,2024-10-06,Oct 2024,Accounts Payable,AcctPay,Germany GmbH,Finance,47727.2,0.0
TXN50455,2024-10-06,Oct 2024,Inventory - Raw Materials,OthCurrAsset,Germany GmbH,Finance,0.0,47727.2
TXN50456,2024-02-04,Feb 2024,Prepaid Expenses,OthCurrAsset,US Headquarters,Marketing,10865.57,0.0
TXN50456,2024-02-04,Feb 2024,Allowance for Doubtful Accounts,AcctRec,US Headquarters,Marketing,0.0,10865.57
TXN50457,2024-09-16,Sep 2024,Payroll Liabilities,OthCurrLiab,Canada Inc,,35660.19,0.0
TXN50457,2024-09-16,Sep 2024,Inventory - Finished Goods,OthCurrAsset,Canada Inc,,0.0,35660.19
TXN50458,2024-07-24,Jul 2024,Utilities,Expense,UK Operations,,26874.58,0.0
TXN50458,2024-07-24,Jul 2024,Cash - Payroll,Bank,UK Operations,,0.0,26874.58
TXN50459,2024-06-07,Jun 2024,Cash - Payroll,Bank,UK Operations,Operations,46054.15,0.0
TXN50459,2024-06-07,Jun 2024,Inventory - Raw Materials,OthCurrAsset,UK Operations,Operations,0.0,46054.15
TXN50460,2024-06-16,Jun 2024,Accounts Payable,AcctPay,Japan KK,Operations,31751.28,0.0
TXN50460,2024-06-16,Jun 2024,Accounts Receivable,AcctRec,Japan KK,Operations,0.0,31751.28
TXN50461,2024-12-23,Dec 2024,Cash - Payroll,Bank,Japan KK,,47676.06,0.0
TXN50461,2024-12-23,Dec 2024,Product Sales,Income,Japan KK,,0.0,47676.06
TXN50462,2024-08-10,Aug 2024,Inventory - Finished Goods,OthCurrAsset,UK Operations,Finance,30653.61,0.0
TXN50462,2024-08-10,Aug 2024,Service Revenue,Income,UK Operations,Finance,0.0,30653.61
TXN50463,2024-03-02,Mar 2024,Allowance for Doubtful Accounts,AcctRec,US Headquarters,,6946.87,0.0
TXN50463,2024-03-02,Mar 2024,Consulting Revenue,Income,US Headquarters,,0.0,6946.87
TXN50464,2024-09-24,Sep 2024,Sales Tax Payable,OthCurrLiab,Canada Inc,Sales,18656.28,0.0
TXN50464,2024-09-24,Sep 2024,Inventory - Finished Goods,OthCurrAsset,Canada Inc,Sales,0.0,18656.28
TXN50465,2024-03-01,Mar 2024,Cash - Operating,Bank,US Headquarters,Marketing,40374.68,0.0
TXN50465,2024-03-01,Mar 2024,Consulting Revenue,Income,US Headquarters,Marketing,0.0,40374.68
TXN50466,2024-12-30,Dec 2024,Travel and Entertainment,Expense,UK Operations,Finance,22814.37,0.0
TXN50466,2024-12-30,Dec 2024,Sales Tax Payable,OthCurrLiab,UK Operations,Finance,0.0,22814.37
TXN50467,2024-03-26,Mar 2024,Inventory - Raw Materials,OthCurrAsset,Australia Pty Ltd,Sales,12830.29,0.0
TXN50467,2024-03-26,Mar 2024,Product Sales,Income,Australia Pty Ltd,Sales,0.0,12830.29
TXN50468,2024-04-26,Apr 2024,Cash - Operating,Bank,US Headquarters,Engineering,42948.58,0.0
TXN50468,2024-04-26,Apr 2024,Interest Income,OthIncome,US Headquarters,Engineering,0.0,42948.58
TXN50469,2024-07-05,Jul 2024,Cash - Operating,Bank,Japan KK,Sales,9030.15,0.0
TXN50469,2024-07-05,Jul 2024,Inventory - Raw Materials,OthCurrAsset,Japan KK,Sales,0.0,9030.15
TXN50470,2024-12-31,Dec 2024,Office Supplies,Expense,Japan KK,Sales,16157.92,0.0
TXN50470,2024-12-31,Dec 2024,Inventory - Raw Materials,OthCurrAsset,Japan KK,Sales,0.0,16157.92
TXN50471,2024-02-09,Feb 2024,Cash - Payroll,Bank,Australia Pty Ltd,Engineering,25151.84,0.0
TXN50471,2024-02-09,Feb 2024,Cash - Payroll,Bank,Australia Pty Ltd,Engineering,0.0,25151.84
TXN50472,2024-09-21,Sep 2024,Utilities,Expense,US Headquarters,Finance,3539.43,0.0
TXN50472,2024-09-21,Sep 2024,Inventory - Raw Materials,OthCurrAsset,US Headquarters,Finance,0.0,3539.43
TXN50473,2024-06-16,Jun 2024,Utilities,Expense,UK Operations,Operations,22891.63,0.0
TXN50473,2024-06-16,Jun 2024,Sales Tax Payable,OthCurrLiab,UK Operations,Operations,0.0,22891.63
TXN50474,2024-06-04,Jun 2024,Prepaid Expenses,OthCurrAsset,France SAS,Finance,18476.85,0.0
TXN50474,2024-06-04,Jun 2024,Prepaid Expenses,OthCurrAsset,France SAS,Finance,0.0,18476.85
TXN50475,2024-04-10,Apr 2024,Rent Expense,Expense,France SAS,Sales,418.26,0.0
TXN50475,2024-04-10,Apr 2024,Accrued Expenses,AcctPay,France SAS,Sales,0.0,418.26
TXN50476,2024-06-26,Jun 2024,Utilities,Expense,US Headquarters,Marketing,172.96,0.0
TXN50476,2024-06-26,Jun 2024,Cash - Payroll,Bank,US Headquarters,Marketing,0.0,172.96
TXN50477,2024-04-15,Apr 2024,Cash - Payroll,Bank,France SAS,Finance,24652.24,0.0
TXN50477,2024-04-15,Apr 2024,Consulting Revenue,Income,France SAS,Finance,0.0,24652.24
TXN50478,2024-02-17,Feb 2024,Office Supplies,Expense,US Headquarters,Sales,44874.64,0.0
TXN50478,2024-02-17,Feb 2024,Accounts Payable,AcctPay,US Headquarters,Sales,0.0,44874.64
TXN50479,2024-02-13,Feb 2024,Accounts Payable,AcctPay,UK Operations,Operations,6762.34,0.0
TXN50479,2024-02-13,Feb 2024,Inventory - Raw Materials,OthCurrAsset,UK Operations,Operations,0.0,6762.34
TXN50480,2024-10-17,Oct 2024,Accounts Receivable,AcctRec,US Headquarters,Finance,33155.95,0.0
TXN50480,2024-10-17,Oct 2024,Consulting Revenue,Income,US Headquarters,Finance,0.0,33155.95
TXN50481,2024-06-10,Jun 2024,Allowance for Doubtful Accounts,AcctRec,Japan KK,,41611.8,0.0
TXN50481,2024-06-10,Jun 2024,Consulting Revenue,Income,Japan KK,,0.0,41611.8
TXN50482,2024-04-29,Apr 2024,Accounts Payable,AcctPay,UK Operations,Sales,6891.98,0.0
TXN50482,2024-04-29,Apr 2024,Cash - Payroll,Bank,UK Operations,Sales,0.0,6891.98
TXN50483,2024-02-24,Feb 2024,Professional Fees,Expense,Germany GmbH,Finance,23356.15,0.0
TXN50483,2024-02-24,Feb 2024,Inventory - Finished Goods,OthCurrAsset,Germany GmbH,Finance,0.0,23356.15
TXN50484,2024-04-16,Apr 2024,Cash - Operating,Bank,Singapore Pte Ltd,Marketing,23221.0,0.0
TXN50484,2024-04-16,Apr 2024,Cash - Payroll,Bank,Singapore Pte Ltd,Marketing,0.0,23221.0
TXN50485,2024-12-17,Dec 2024,Prepaid Expenses,OthCurrAsset,Canada Inc,,34874.21,0.0
TXN50485,2024-12-17,Dec 2024,Consulting Revenue,Income,Canada Inc,,0.0,34874.21
TXN50486,2024-03-16,Mar 2024,Professional Fees,Expense,UK Operations,,12486.12,0.0
TXN50486,2024-03-16,Mar 2024,Cash - Operating,Bank,UK Operations,,0.0,12486.12
TXN50487,2024-12-12,Dec 2024,Allowance for Doubtful Accounts,AcctRec,Canada Inc,Marketing,41022.47,0.0
TXN50487,2024-12-12,Dec 2024,Interest Income,OthIncome,Canada Inc,Marketing,0.0,41022.47
TXN50488,2024-10-11,Oct 2024,Accrued Expenses,AcctPay,France SAS,Engineering,23155.96,0.0
TXN50488,2024-10-11,Oct 2024,Cash - Operating,Bank,France SAS,Engineering,0.0,23155.96
TXN50489,2024-01-07,Jan 2024,Sales Tax Payable,OthCurrLiab,US Headquarters,Sales,6622.69,0.0
TXN50489,2024-01-07,Jan 2024,Inventory - Finished Goods,OthCurrAsset,US Headquarters,Sales,0.0,6622.69
TXN50490,2024-11-18,Nov 2024,Cash - Operating,Bank,UK Operations,Operations,29347.33,0.0
TXN50490,2024-11-18,Nov 2024,Cash - Operating,Bank,UK Operations,Operations,0.0,29347.33
TXN50491,2024-02-03,Feb 2024,Prepaid Expenses,OthCurrAsset,France SAS,,22227.22,0.0
TXN50491,2024-02-03,Feb 2024,Consulting Revenue,Income,France SAS,,0.0,22227.22
TXN50492,2024-03-03,Mar 2024,Allowance for Doubtful Accounts,AcctRec,US Headquarters,Finance,2626.82,0.0
TXN50492,2024-03-03,Mar 2024,Prepaid Expenses,OthCurrAsset,US Headquarters,Finance,0.0,2626.82
TXN50493,2024-07-21,Jul 2024,Office Supplies,Expense,Singapore Pte Ltd,Engineering,19198.2,0.0
TXN50493,2024-07-21,Jul 2024,Allowance for Doubtful Accounts,AcctRec,Singapore Pte Ltd,Engineering,0.0,19198.2
TXN50494,2024-04-05,Apr 2024,Inventory - Raw Materials,OthCurrAsset,Canada Inc,Marketing,22355.97,0.0
TXN50494,2024-04-05,Apr 2024,Service Revenue,Income,Canada Inc,Marketing,0.0,22355.97
TXN50495,2024-11-27,Nov 2024,Cost of Goods Sold - Products,COGS,Canada Inc,Finance,20658.41,0.0
TXN50495,2024-11-27,Nov 2024,Cash - Payroll,Bank,Canada Inc,Finance,0.0,20658.41
TXN50496,2024-05-23,May 2024,Professional Fees,Expense,Japan KK,Sales,21019.82,0.0
TXN50496,2024-05-23,May 2024,Allowance for Doubtful Accounts,AcctRec,Japan KK,Sales,0.0,21019.82
TXN50497,2024-11-18,Nov 2024,Professional Fees,Expense,US Headquarters,Finance,39117.6,0.0
TXN50497,2024-11-18,Nov 2024,Accounts Payable,AcctPay,US Headquarters,Finance,0.0,39117.6
TXN50498,2024-06-25,Jun 2024,Inventory - Raw Materials,OthCurrAsset,Australia Pty Ltd,Finance,13594.74,0.0
TXN50498,2024-06-25,Jun 2024,Service Revenue,Income,Australia Pty Ltd,Finance,0.0,13594.74
TXN50499,2024-01-16,Jan 2024,Office Supplies,Expense,Canada Inc,Engineering,40451.83,0.0
TXN50499,2024-01-16,Jan 2024,Sales Tax Payable,OthCurrLiab,Canada Inc,Engineering,0.0,40451.83
TXN50500,2024-04-29,Apr 2024,Inventory - Raw Materials,OthCurrAsset,Germany GmbH,Engineering,12468.07,0.0
TXN50500,2024-04-29,Apr 2024,Product Sales,Income,Germany GmbH,Engineering,0.0,12468.07
TXN50501,2024-04-22,Apr 2024,Cash - Payroll,Bank,Japan KK,Marketing,46766.78,0.0
TXN50501,2024-04-22,Apr 2024,Cash - Payroll,Bank,Japan KK,Marketing,0.0,46766.78
TXN50502,2024-05-01,May 2024,Cash - Operating,Bank,Australia Pty Ltd,,34911.57,0.0
TXN50502,2024-05-01,May 2024,Inventory - Finished Goods,OthCurrAsset,Australia Pty Ltd,,0.0,34911.57
TXN50503,2024-12-24,Dec 2024,Rent Expense,Expense,Australia Pty Ltd,Operations,28223.96,0.0
TXN50503,2024-12-24,Dec 2024,Accounts Payable,AcctPay,Australia Pty Ltd,Operations,0.0,28223.96
TXN50504,2024-10-04,Oct 2024,Cash - Payroll,Bank,Canada Inc,Sales,24572.78,0.0
TXN50504,2024-10-04,Oct 2024,Service Revenue,Income,Canada Inc,Sales,0.0,24572.78
TXN50505,2024-01-11,Jan 2024,Salaries and Wages,Expense,Singapore Pte Ltd,Engineering,16653.53,0.0
TXN50505,2024-01-11,Jan 2024,Inventory - Finished Goods,OthCurrAsset,Singapore Pte Ltd,Engineering,0.0,16653.53
TXN50506,2024-03-31,Mar 2024,Salaries and Wages,Expense,Australia Pty Ltd,Engineering,1193.45,0.0
TXN50506,2024-03-31,Mar 2024,Cash - Payroll,Bank,Australia Pty Ltd,Engineering,0.0,1193.45
TXN50507,2024-09-26,Sep 2024,Allowance for Doubtful Accounts,AcctRec,Australia Pty Ltd,Engineering,18742.18,0.0
TXN50507,2024-09-26,Sep 2024,Inventory - Raw Materials,OthCurrAsset,Australia Pty Ltd,Engineering,0.0,18742.18
TXN50508,2024-02-21,Feb 2024,Inventory - Finished Goods,OthCurrAsset,Australia Pty Ltd,Marketing,16197.9,0.0
TXN50508,2024-02-21,Feb 2024,Allowance for Doubtful Accounts,AcctRec,Australia Pty Ltd,Marketing,0.0,16197.9
TXN50509,2024-11-23,Nov 2024,Short-term Loans,OthCurrLiab,Singapore Pte Ltd,,15932.44,0.0
TXN50509,2024-11-23,Nov 2024,Inventory - Finished Goods,OthCurrAsset,Singapore Pte Ltd,,0.0,15932.44
TXN50510,2024-11-10,Nov 2024,Payroll Liabilities,OthCurrLiab,Australia Pty Ltd,Sales,33310.03,0.0
TXN50510,2024-11-10,Nov 2024,Accounts Receivable,AcctRec,Australia Pty Ltd,Sales,0.0,33310.03
TXN50511,2024-12-18,Dec 2024,Inventory - Finished Goods,OthCurrAsset,Canada Inc,Sales,8967.64,0.0
TXN50511,2024-12-18,Dec 2024,Interest Income,OthIncome,Canada Inc,Sales,0.0,8967.64
TXN50512,2024-10-17,Oct 2024,Inventory - Raw Materials,OthCurrAsset,US Headquarters,Sales,30159.19,0.0
TXN50512,2024-10-17,Oct 2024,Cash - Payroll,Bank,US Headquarters,Sales,0.0,30159.19
TXN50513,2024-11-23,Nov 2024,Accrued Expenses,AcctPay,UK Operations,Finance,7118.1,0.0
TXN50513,2024-11-23,Nov 2024,Accounts Receivable,AcctRec,UK Operations,Finance,0.0,7118.1
TXN50514,2024-06-12,Jun 2024,Inventory - Finished Goods,OthCurrAsset,Germany GmbH,,44277.48,0.0
TXN50514,2024-06-12,Jun 2024,Consulting Revenue,Income,Germany GmbH,,0.0,44277.48
TXN50515,2024-08-16,Aug 2024,Office Supplies,Expense,US Headquarters,Marketing,10563.25,0.0
TXN50515,2024-08-16,Aug 2024,Inventory - Raw Materials,OthCurrAsset,US Headquarters,Marketing,0.0,10563.25
TXN50516,2024-02-25,Feb 2024,Accrued Expenses,AcctPay,US Headquarters,Engineering,19358.26,0.0
TXN50516,2024-02-25,Feb 2024,Allowance for Doubtful Accounts,AcctRec,US Headquarters,Engineering,0.0,19358.26
TXN50517,2024-09-09,Sep 2024,Allowance for Doubtful Accounts,AcctRec,Japan KK,Marketing,27346.6,0.0
TXN50517,2024-09-09,Sep 2024,Service Revenue,Income,Japan KK,Marketing,0.0,27346.6
TXN50518,2024-03-24,Mar 2024,Cash - Operating,Bank,Singapore Pte Ltd,Engineering,39979.81,0.0
TXN50518,2024-03-24,Mar 2024,Consulting Revenue,Income,Singapore Pte Ltd,Engineering,0.0,39979.81
TXN50519,2024-05-13,May 2024,Cash - Payroll,Bank,UK Operations,Engineering,17156.23,0.0
TXN50519,2024-05-13,May 2024,Inventory - Finished Goods,OthCurrAsset,UK Operations,Engineering,0.0,17156.23
TXN50520,2024-02-08,Feb 2024,Travel and Entertainment,Expense,UK Operations,Marketing,29742.12,0.0
TXN50520,2024-02-08,Feb 2024,Short-term Loans,OthCurrLiab,UK Operations,Marketing,0.0,29742.12
TXN50521,2024-01-16,Jan 2024,Cash - Payroll,Bank,Japan KK,,8333.36,0.0
TXN50521,2024-01-16,Jan 2024,Cash - Operating,Bank,Japan KK,,0.0,8333.36
TXN50522,2024-02-21,Feb 2024,Professional Fees,Expense,Australia Pty Ltd,Sales,48722.48,0.0
TXN50522,2024-02-21,Feb 2024,Short-term Loans,OthCurrLiab,Australia Pty Ltd,Sales,0.0,48722.48
TXN50523,2024-10-03,Oct 2024,Cash - Operating,Bank,Canada Inc,,14148.0,0.0
TXN50523,2024-10-03,Oct 2024,Interest Income,OthIncome,Canada Inc,,0.0,14148.0
TXN50524,2024-10-19,Oct 2024,Cash - Operating,Bank,Singapore Pte Ltd,Sales,2819.79,0.0
TXN50524,2024-10-19,Oct 2024,Consulting Revenue,Income,Singapore Pte Ltd,Sales,0.0,2819.79
TXN50525,2024-12-04,Dec 2024,Inventory - Finished Goods,OthCurrAsset,Singapore Pte Ltd,Sales,4939.65,0.0
TXN50525,2024-12-04,Dec 2024,Consulting Revenue,Income,Singapore Pte Ltd,Sales,0.0,4939.65
TXN50526,2024-02-11,Feb 2024,Travel and Entertainment,Expense,Singapore Pte Ltd,Engineering,15486.83,0.0
TXN50526,2024-02-11,Feb 2024,Payroll Liabilities,OthCurrLiab,Singapore Pte Ltd,Engineering,0.0,15486.83
TXN50527,2024-05-15,May 2024,Allowance for Doubtful Accounts,AcctRec,UK Operations,,27251.89,0.0
TXN50527,2024-05-15,May 2024,Consulting Revenue,Income,UK Operations,,0.0,27251.89
TXN50528,2024-04-05,Apr 2024,Rent Expense,Expense,Singapore Pte Ltd,Engineering,13238.47,0.0
TXN50528,2024-04-05,Apr 2024,Inventory - Raw Materials,OthCurrAsset,Singapore Pte Ltd,Engineering,0.0,13238.47
TXN50529,2024-10-15,Oct 2024,Cost of Goods Sold - Services,COGS,US Headquarters,Sales,37636.53,0.0
TXN50529,2024-10-15,Oct 2024,Payroll Liabilities,OthCurrLiab,US Headquarters,Sales,0.0,37636.53
TXN50530,2024-06-25,Jun 2024,Allowance for Doubtful Accounts,AcctRec,Japan KK,Operations,11452.89,0.0
TXN50530,2024-06-25,Jun 2024,Interest Income,OthIncome,Japan KK,Operations,0.0,11452.89
TXN50531,2024-10-01,Oct 2024,Cost of Goods Sold - Services,COGS,Singapore Pte Ltd,Operations,44094.53,0.0
TXN50531,2024-10-01,Oct 2024,Prepaid Expenses,OthCurrAsset,Singapore Pte Ltd,Operations,0.0,44094.53
TXN50532,2024-12-31,Dec 2024,IT and Software,Expense,US Headquarters,Operations,28603.87,0.0
TXN50532,2024-12-31,Dec 2024,Payroll Liabilities,OthCurrLiab,US Headquarters,Operations,0.0,28603.87
TXN50533,2024-11-13,Nov 2024,Salaries and Wages,Expense,Germany GmbH,Engineering,47467.82,0.0
TXN50533,2024-11-13,Nov 2024,Allowance for Doubtful Accounts,AcctRec,Germany GmbH,Engineering,0.0,47467.82
TXN50534,2024-04-08,Apr 2024,Allowance for Doubtful Accounts,AcctRec,Germany GmbH,Engineering,21226.41,0.0
TXN50534,2024-04-08,Apr 2024,Cash - Payroll,Bank,Germany GmbH,Engineering,0.0,21226.41
TXN50535,2024-11-17,Nov 2024,Prepaid Expenses,OthCurrAsset,Germany GmbH,Operations,12968.53,0.0
TXN50535,2024-11-17,Nov 2024,Cash - Operating,Bank,Germany GmbH,Operations,0.0,12968.53
TXN50536,2024-02-14,Feb 2024,Accounts Receivable,AcctRec,Japan KK,Operations,19928.01,0.0
TXN50536,2024-02-14,Feb 2024,Interest Income,OthIncome,Japan KK,Operations,0.0,19928.01
TXN50537,2024-01-07,Jan 2024,Inventory - Raw Materials,OthCurrAsset,Japan KK,Engineering,20780.68,0.0
TXN50537,2024-01-07,Jan 2024,Product Sales,Income,Japan KK,Engineering,0.0,20780.68
TXN50538,2024-02-24,Feb 2024,Allowance for Doubtful Accounts,AcctRec,UK Operations,Marketing,43387.02,0.0
TXN50538,2024-02-24,Feb 2024,Accounts Receivable,AcctRec,UK Operations,Marketing,0.0,43387.02
TXN50539,2024-07-15,Jul 2024,Accounts Receivable,AcctRec,Singapore Pte Ltd,Operations,30487.21,0.0
TXN50539,2024-07-15,Jul 2024,Interest Income,OthIncome,Singapore Pte Ltd,Operations,0.0,30487.21
TXN50540,2024-03-14,Mar 2024,Inventory - Finished Goods,OthCurrAsset,Japan KK,Engineering,19850.06,0.0
TXN50540,2024-03-14,Mar 2024,Cash - Payroll,Bank,Japan KK,Engineering,0.0,19850.06
TXN50541,2024-01-26,Jan 2024,Prepaid Expenses,OthCurrAsset,Singapore Pte Ltd,Marketing,44861.86,0.0
TXN50541,2024-01-26,Jan 2024,Consulting Revenue,Income,Singapore Pte Ltd,Marketing,0.0,44861.86
TXN50542,2024-06-08,Jun 2024,Rent Expense,Expense,Canada Inc,Finance,42925.92,0.0
TXN50542,2024-06-08,Jun 2024,Accounts Receivable,AcctRec,Canada Inc,Finance,0.0,42925.92
TXN50543,2024-06-02,Jun 2024,Interest Expense,OthExpense,Singapore Pte Ltd,Marketing,13544.06,0.0
TXN50543,2024-06-02,Jun 2024,Cash - Payroll,Bank,Singapore Pte Ltd,Marketing,0.0,13544.06
TXN50544,2024-04-06,Apr 2024,Travel and Entertainment,Expense,Singapore Pte Ltd,Sales,45680.3,0.0
TXN50544,2024-04-06,Apr 2024,Accrued Expenses,AcctPay,Singapore Pte Ltd,Sales,0.0,45680.3
TXN50545,2024-07-10,Jul 2024,Inventory - Finished Goods,OthCurrAsset,US Headquarters,Operations,39595.37,0.0
TXN50545,2024-07-10,Jul 2024,Interest Income,OthIncome,US Headquarters,Operations,0.0,39595.37
TXN50546,2024-03-10,Mar 2024,Accounts Payable,AcctPay,US Headquarters,Sales,9718.9,0.0
TXN50546,2024-03-10,Mar 2024,Cash - Payroll,Bank,US Headquarters,Sales,0.0,9718.9
TXN50547,2024-01-17,Jan 2024,Sales Tax Payable,OthCurrLiab,Singapore Pte Ltd,Engineering,45909.75,0.0
TXN50547,2024-01-17,Jan 2024,Accounts Receivable,AcctRec,Singapore Pte Ltd,Engineering,0.0,45909.75
TXN50548,2024-08-25,Aug 2024,Rent Expense,Expense,Japan KK,,46161.37,0.0
TXN50548,2024-08-25,Aug 2024,Inventory - Finished Goods,OthCurrAsset,Japan KK,,0.0,46161.37
TXN50549,2024-09-07,Sep 2024,Professional Fees,Expense,Singapore Pte Ltd,Sales,48029.97,0.0
TXN50549,2024-09-07,Sep 2024,Inventory - Finished Goods,OthCurrAsset,Singapore Pte Ltd,Sales,0.0,48029.97
TXN50550,2024-06-25,Jun 2024,Utilities,Expense,Germany GmbH,Marketing,37473.16,0.0
TXN50550,2024-06-25,Jun 2024,Cash - Operating,Bank,Germany GmbH,Marketing,0.0,37473.16
TXN50551,2024-07-16,Jul 2024,Accrued Expenses,AcctPay,US Headquarters,Sales,42705.68,0.0
TXN50551,2024-07-16,Jul 2024,Prepaid Expenses,OthCurrAsset,US Headquarters,Sales,0.0,42705.68
TXN50552,2024-04-23,Apr 2024,Professional Fees,Expense,France SAS,,10415.88,0.0
TXN50552,2024-04-23,Apr 2024,Cash - Operating,Bank,France SAS,,0.0,10415.88
TXN50553,2024-12-15,Dec 2024,IT and Software,Expense,US Headquarters,Finance,45584.62,0.0
TXN50553,2024-12-15,Dec 2024,Cash - Operating,Bank,US Headquarters,Finance,0.0,45584.62
TXN50554,2024-04-24,Apr 2024,Inventory - Finished Goods,OthCurrAsset,Canada Inc,Operations,40273.77,0.0
TXN50554,2024-04-24,Apr 2024,Consulting Revenue,Income,Canada Inc,Operations,0.0,40273.77
TXN50555,2024-08-04,Aug 2024,Accounts Receivable,AcctRec,Japan KK,Marketing,23004.0,0.0
TXN50555,2024-08-04,Aug 2024,Interest Income,OthIncome,Japan KK,Marketing,0.0,23004.0
TXN50556,2024-10-26,Oct 2024,Office Supplies,Expense,UK Operations,Engineering,25624.53,0.0
TXN50556,2024-10-26,Oct 2024,Accrued Expenses,AcctPay,UK Operations,Engineering,0.0,25624.53
TXN50557,2024-11-27,Nov 2024,Office Supplies,Expense,Canada Inc,Marketing,34252.22,0.0
TXN50557,2024-11-27,Nov 2024,Inventory - Raw Materials,OthCurrAsset,Canada Inc,Marketing,0.0,34252.22
TXN50558,2024-11-23,Nov 2024,Sales Tax Payable,OthCurrLiab,Australia Pty Ltd,Marketing,13131.23,0.0
TXN50558,2024-11-23,Nov 2024,Cash - Payroll,Bank,Australia Pty Ltd,Marketing,0.0,13131.23
TXN50559,2024-03-17,Mar 2024,Short-term Loans,OthCurrLiab,France SAS,Engineering,40290.95,0.0
TXN50559,2024-03-17,Mar 2024,Allowance for Doubtful Accounts,AcctRec,France SAS,Engineering,0.0,40290.95
TXN50560,2024-12-04,Dec 2024,Allowance for Doubtful Accounts,AcctRec,Australia Pty Ltd,,7082.48,0.0
TXN50560,2024-12-04,Dec 2024,Consulting Revenue,Income,Australia Pty Ltd,,0.0,7082.48
TXN50561,2024-05-12,May 2024,Inventory - Finished Goods,OthCurrAsset,Japan KK,Finance,19474.92,0.0
TXN50561,2024-05-12,May 2024,Service Revenue,Income,Japan KK,Finance,0.0,19474.92
TXN50562,2024-06-24,Jun 2024,Sales Tax Payable,OthCurrLiab,France SAS,,26778.29,0.0
TXN50562,2024-06-24,Jun 2024,Inventory - Raw Materials,OthCurrAsset,France SAS,,0.0,26778.29
TXN50563,2024-06-02,Jun 2024,Cash - Operating,Bank,Germany GmbH,,43837.09,0.0
TXN50563,2024-06-02,Jun 2024,Interest Income,OthIncome,Germany GmbH,,0.0,43837.09
TXN50564,2024-03-06,Mar 2024,Accrued Expenses,AcctPay,Canada Inc,,40436.36,0.0
TXN50564,2024-03-06,Mar 2024,Inventory - Finished Goods,OthCurrAsset,Canada Inc,,0.0,40436.36
TXN50565,2024-06-20,Jun 2024,Sales Tax Payable,OthCurrLiab,UK Operations,Sales,17828.64,0.0
TXN50565,2024-06-20,Jun 2024,Allowance for Doubtful Accounts,AcctRec,UK Operations,Sales,0.0,17828.64
TXN50566,2024-06-18,Jun 2024,Cost of Goods Sold - Services,COGS,Australia Pty Ltd,Marketing,29319.98,0.0
TXN50566,2024-06-18,Jun 2024,Accounts Payable,AcctPay,Australia Pty Ltd,Marketing,0.0,29319.98
TXN50567,2024-01-28,Jan 2024,Interest Expense,OthExpense,UK Operations,Finance,44482.36,0.0
TXN50567,2024-01-28,Jan 2024,Prepaid Expenses,OthCurrAsset,UK Operations,Finance,0.0,44482.36
TXN50568,2024-09-28,Sep 2024,Cash - Payroll,Bank,Canada Inc,Finance,2797.69,0.0
TXN50568,2024-09-28,Sep 2024,Cash - Payroll,Bank,Canada Inc,Finance,0.0,2797.69
TXN50569,2024-06-24,Jun 2024,Cash - Payroll,Bank,Japan KK,Operations,44652.97,0.0
TXN50569,2024-06-24,Jun 2024,Accounts Receivable,AcctRec,Japan KK,Operations,0.0,44652.97
TXN50570,2024-04-02,Apr 2024,Accounts Receivable,AcctRec,UK Operations,Finance,16698.21,0.0
TXN50570,2024-04-02,Apr 2024,Inventory - Finished Goods,OthCurrAsset,UK Operations,Finance,0.0,16698.21
TXN50571,2024-01-30,Jan 2024,Accrued Expenses,AcctPay,US Headquarters,Finance,13749.04,0.0
TXN50571,2024-01-30,Jan 2024,Inventory - Raw Materials,OthCurrAsset,US Headquarters,Finance,0.0,13749.04
TXN50572,2024-03-22,Mar 2024,Marketing and Advertising,Expense,Singapore Pte Ltd,Engineering,6557.36,0.0
TXN50572,2024-03-22,Mar 2024,Prepaid Expenses,OthCurrAsset,Singapore Pte Ltd,Engineering,0.0,6557.36
TXN50573,2024-08-07,Aug 2024,Office Supplies,Expense,Singapore Pte Ltd,Finance,332.99,0.0
TXN50573,2024-08-07,Aug 2024,Cash - Operating,Bank,Singapore Pte Ltd,Finance,0.0,332.99
TXN50574,2024-06-13,Jun 2024,Rent Expense,Expense,France SAS,Engineering,33869.73,0.0
TXN50574,2024-06-13,Jun 2024,Allowance for Doubtful Accounts,AcctRec,France SAS,Engineering,0.0,33869.73
TXN50575,2024-12-21,Dec 2024,IT and Software,Expense,Australia Pty Ltd,Marketing,6533.65,0.0
TXN50575,2024-12-21,Dec 2024,Inventory - Raw Materials,OthCurrAsset,Australia Pty Ltd,Marketing,0.0,6533.65
TXN50576,2024-03-26,Mar 2024,Inventory - Finished Goods,OthCurrAsset,UK Operations,Engineering,14980.29,0.0
TXN50576,2024-03-26,Mar 2024,Consulting Revenue,Income,UK Operations,Engineering,0.0,14980.29
TXN50577,2024-08-10,Aug 2024,Rent Expense,Expense,Germany GmbH,Marketing,49807.33,0.0
TXN50577,2024-08-10,Aug 2024,Accounts Receivable,AcctRec,Germany GmbH,Marketing,0.0,49807.33
TXN50578,2024-07-25,Jul 2024,Cash - Payroll,Bank,US Headquarters,Sales,11293.64,0.0
TXN50578,2024-07-25,Jul 2024,Inventory - Finished Goods,OthCurrAsset,US Headquarters,Sales,0.0,11293.64
TXN50579,2024-01-12,Jan 2024,Cost of Goods Sold - Products,COGS,Germany GmbH,Engineering,18392.91,0.0
TXN50579,2024-01-12,Jan 2024,Prepaid Expenses,OthCurrAsset,Germany GmbH,Engineering,0.0,18392.91
TXN50580,2024-11-23,Nov 2024,Cost of Goods Sold - Products,COGS,Canada Inc,Operations,31194.43,0.0
TXN50580,2024-11-23,Nov 2024,Payroll Liabilities,OthCurrLiab,Canada Inc,Operations,0.0,31194.43
TXN50581,2024-02-25,Feb 2024,Marketing and Advertising,Expense,US Headquarters,Engineering,34518.51,0.0
TXN50581,2024-02-25,Feb 2024,Cash - Payroll,Bank,US Headquarters,Engineering,0.0,34518.51
TXN50582,2024-10-07,Oct 2024,Inventory - Finished Goods,OthCurrAsset,Canada Inc,Finance,35123.22,0.0
TXN50582,2024-10-07,Oct 2024,Product Sales,Income,Canada Inc,Finance,0.0,35123.22
TXN50583,2024-06-03,Jun 2024,IT and Software,Expense,Japan KK,,5138.89,0.0
TXN50583,2024-06-03,Jun 2024,Sales Tax Payable,OthCurrLiab,Japan KK,,0.0,5138.89
TXN50584,2024-12-24,Dec 2024,Inventory - Finished Goods,OthCurrAsset,Germany GmbH,Finance,41549.57,0.0
TXN50584,2024-12-24,Dec 2024,Product Sales,Income,Germany GmbH,Finance,0.0,41549.57
TXN50585,2024-05-24,May 2024,Utilities,Expense,UK Operations,Engineering,24937.18,0.0
TXN50585,2024-05-24,May 2024,Accrued Expenses,AcctPay,UK Operations,Engineering,0.0,24937.18
TXN50586,2024-04-13,Apr 2024,Inventory - Raw Materials,OthCurrAsset,Australia Pty Ltd,,20546.84,0.0
TXN50586,2024-04-13,Apr 2024,Interest Income,OthIncome,Australia Pty Ltd,,0.0,20546.84
TXN50587,2024-04-16,Apr 2024,Cash - Operating,Bank,Singapore Pte Ltd,Marketing,11801.81,0.0
TXN50587,2024-04-16,Apr 2024,Product Sales,Income,Singapore Pte Ltd,Marketing,0.0,11801.81
TXN50588,2024-10-20,Oct 2024,Accounts Payable,AcctPay,Singapore Pte Ltd,Sales,47477.36,0.0
TXN50588,2024-10-20,Oct 2024,Inventory - Finished Goods,OthCurrAsset,Singapore Pte Ltd,Sales,0.0,47477.36
TXN50589,2024-02-21,Feb 2024,Accounts Receivable,AcctRec,Canada Inc,,11634.9,0.0
TXN50589,2024-02-21,Feb 2024,Accounts Receivable,AcctRec,Canada Inc,,0.0,11634.9
TXN50590,2024-08-25,Aug 2024,Prepaid Expenses,OthCurrAsset,US Headquarters,Engineering,40677.6,0.0
TXN50590,2024-08-25,Aug 2024,Accounts Receivable,AcctRec,US Headquarters,Engineering,0.0,40677.6
TXN50591,2024-07-03,Jul 2024,Prepaid Expenses,OthCurrAsset,Australia Pty Ltd,Finance,36953.16,0.0
TXN50591,2024-07-03,Jul 2024,Product Sales,Income,Australia Pty Ltd,Finance,0.0,36953.16
TXN50592,2024-01-05,Jan 2024,Allowance for Doubtful Accounts,AcctRec,Germany GmbH,,32395.21,0.0
TXN50592,2024-01-05,Jan 2024,Consulting Revenue,Income,Germany GmbH,,0.0,32395.21
TXN50593,2024-02-17,Feb 2024,Travel and Entertainment,Expense,Australia Pty Ltd,Marketing,9225.18,0.0
TXN50593,2024-02-17,Feb 2024,Inventory - Raw Materials,OthCurrAsset,Australia Pty Ltd,Marketing,0.0,9225.18
TXN50594,2024-07-16,Jul 2024,Accounts Payable,AcctPay,Singapore Pte Ltd,Finance,32477.44,0.0
TXN50594,2024-07-16,Jul 2024,Cash - Payroll,Bank,Singapore Pte Ltd,Finance,0.0,32477.44
TXN50595,2024-12-22,Dec 2024,Allowance for Doubtful Accounts,AcctRec,US Headquarters,Sales,5275.28,0.0
TXN50595,2024-12-22,Dec 2024,Prepaid Expenses,OthCurrAsset,US Headquarters,Sales,0.0,5275.28
TXN50596,2024-10-18,Oct 2024,Short-term Loans,OthCurrLiab,Singapore Pte Ltd,Sales,30605.03,0.0
TXN50596,2024-10-18,Oct 2024,Cash - Operating,Bank,Singapore Pte Ltd,Sales,0.0,30605.03
TXN50597,2024-12-16,Dec 2024,Allowance for Doubtful Accounts,AcctRec,Germany GmbH,Finance,46027.86,0.0
TXN50597,2024-12-16,Dec 2024,Interest Income,OthIncome,Germany GmbH,Finance,0.0,46027.86
TXN50598,2024-01-24,Jan 2024,Prepaid Expenses,OthCurrAsset,UK Operations,Marketing,32783.18,0.0
TXN50598,2024-01-24,Jan 2024,Service Revenue,Income,UK Operations,Marketing,0.0,32783.18
TXN50599,2024-12-08,Dec 2024,Accounts Payable,AcctPay,Australia Pty Ltd,Operations,26202.85,0.0
TXN50599,2024-12-08,Dec 2024,Allowance for Doubtful Accounts,AcctRec,Australia Pty Ltd,Operations,0.0,26202.85
TXN50600,2024-12-04,Dec 2024,Marketing and Advertising,Expense,France SAS,Finance,17352.9,0.0
TXN50600,2024-12-04,Dec 2024,Accounts Receivable,AcctRec,France SAS,Finance,0.0,17352.9
TXN50601,2024-10-12,Oct 2024,Prepaid Expenses,OthCurrAsset,US Headquarters,Engineering,32205.6,0.0
TXN50601,2024-10-12,Oct 2024,Interest Income,OthIncome,US Headquarters,Engineering,0.0,32205.6
TXN50602,2024-09-10,Sep 2024,Accounts Receivable,AcctRec,Germany GmbH,Engineering,37596.36,0.0
TXN50602,2024-09-10,Sep 2024,Consulting Revenue,Income,Germany GmbH,Engineering,0.0,37596.36
TXN50603,2024-01-26,Jan 2024,Rent Expense,Expense,France SAS,Operations,32201.53,0.0
TXN50603,2024-01-26,Jan 2024,Cash - Payroll,Bank,France SAS,Operations,0.0,32201.53
TXN50604,2024-08-23,Aug 2024,Allowance for Doubtful Accounts,AcctRec,Singapore Pte Ltd,Operations,22460.12,0.0
TXN50604,2024-08-23,Aug 2024,Accounts Receivable,AcctRec,Singapore Pte Ltd,Operations,0.0,22460.12
TXN50605,2024-03-01,Mar 2024,Allowance for Doubtful Accounts,AcctRec,Singapore Pte Ltd,,32703.31,0.0
TXN50605,2024-03-01,Mar 2024,Product Sales,Income,Singapore Pte Ltd,,0.0,32703.31
TXN50606,2024-10-12,Oct 2024,Inventory - Finished Goods,OthCurrAsset,US Headquarters,Engineering,39609.99,0.0
TXN50606,2024-10-12,Oct 2024,Accounts Receivable,AcctRec,US Headquarters,Engineering,0.0,39609.99
TXN50607,2024-09-17,Sep 2024,Accounts Receivable,AcctRec,France SAS,,33606.57,0.0
TXN50607,2024-09-17,Sep 2024,Prepaid Expenses,OthCurrAsset,France SAS,,0.0,33606.57
TXN50608,2024-01-28,Jan 2024,Short-term Loans,OthCurrLiab,France SAS,Finance,16665.43,0.0
TXN50608,2024-01-28,Jan 2024,Allowance for Doubtful Accounts,AcctRec,France SAS,Finance,0.0,16665.43
TXN50609,2024-12-02,Dec 2024,Inventory - Finished Goods,OthCurrAsset,Australia Pty Ltd,,22681.37,0.0
TXN50609,2024-12-02,Dec 2024,Service Revenue,Income,Australia Pty Ltd,,0.0,22681.37
TXN50610,2024-01-02,Jan 2024,Accounts Receivable,AcctRec,Australia Pty Ltd,Marketing,41511.21,0.0
TXN50610,2024-01-02,Jan 2024,Inventory - Raw Materials,OthCurrAsset,Australia Pty Ltd,Marketing,0.0,41511.21
TXN50611,2024-09-24,Sep 2024,Allowance for Doubtful Accounts,AcctRec,Australia Pty Ltd,,5405.48,0.0
TXN50611,2024-09-24,Sep 2024,Cash - Payroll,Bank,Australia Pty Ltd,,0.0,5405.48
TXN50612,2024-07-28,Jul 2024,Prepaid Expenses,OthCurrAsset,UK Operations,Marketing,30581.5,0.0
TXN50612,2024-07-28,Jul 2024,Interest Income,OthIncome,UK Operations,Marketing,0.0,30581.5
TXN50613,2024-04-20,Apr 2024,Allowance for Doubtful Accounts,AcctRec,Singapore Pte Ltd,Sales,35867.72,0.0
TXN50613,2024-04-20,Apr 2024,Product Sales,Income,Singapore Pte Ltd,Sales,0.0,35867.72
TXN50614,2024-11-20,Nov 2024,Professional Fees,Expense,UK Operations,Finance,22923.66,0.0
TXN50614,2024-11-20,Nov 2024,Accounts Receivable,AcctRec,UK Operations,Finance,0.0,22923.66
TXN50615,2024-09-12,Sep 2024,Marketing and Advertising,Expense,US Headquarters,Operations,36837.08,0.0
TXN50615,2024-09-12,Sep 2024,Sales Tax Payable,OthCurrLiab,US Headquarters,Operations,0.0,36837.08
TXN50616,2024-09-04,Sep 2024,Accrued Expenses,AcctPay,Germany GmbH,,28969.86,0.0
TXN50616,2024-09-04,Sep 2024,Cash - Operating,Bank,Germany GmbH,,0.0,28969.86
TXN50617,2024-07-17,Jul 2024,IT and Software,Expense,Australia Pty Ltd,Operations,44081.39,0.0
TXN50617,2024-07-17,Jul 2024,Short-term Loans,OthCurrLiab,Australia Pty Ltd,Operations,0.0,44081.39
TXN50618,2024-05-07,May 2024,Allowance for Doubtful Accounts,AcctRec,Canada Inc,Finance,48183.32,0.0
TXN50618,2024-05-07,May 2024,Prepaid Expenses,OthCurrAsset,Canada Inc,Finance,0.0,48183.32
TXN50619,2024-03-09,Mar 2024,Inventory - Raw Materials,OthCurrAsset,Germany GmbH,Finance,30165.97,0.0
TXN50619,2024-03-09,Mar 2024,Accounts Receivable,AcctRec,Germany GmbH,Finance,0.0,30165.97
TXN50620,2024-12-25,Dec 2024,Rent Expense,Expense,Australia Pty Ltd,,36867.25,0.0
TXN50620,2024-12-25,Dec 2024,Allowance for Doubtful Accounts,AcctRec,Australia Pty Ltd,,0.0,36867.25
TXN50621,2024-04-17,Apr 2024,Interest Expense,OthExpense,Canada Inc,,17330.15,0.0
TXN50621,2024-04-17,Apr 2024,Accounts Receivable,AcctRec,Canada Inc,,0.0,17330.15
TXN50622,2024-09-14,Sep 2024,Travel and Entertainment,Expense,Australia Pty Ltd,,5858.72,0.0
TXN50622,2024-09-14,Sep 2024,Sales Tax Payable,OthCurrLiab,Australia Pty Ltd,,0.0,5858.72
TXN50623,2024-10-19,Oct 2024,Sales Tax Payable,OthCurrLiab,Japan KK,,37418.65,0.0
TXN50623,2024-10-19,Oct 2024,Prepaid Expenses,OthCurrAsset,Japan KK,,0.0,37418.65
TXN50624,2024-08-04,Aug 2024,Cost of Goods Sold - Products,COGS,US Headquarters,Operations,5412.88,0.0
TXN50624,2024-08-04,Aug 2024,Payroll Liabilities,OthCurrLiab,US Headquarters,Operations,0.0,5412.88
TXN50625,2024-01-29,Jan 2024,Accounts Receivable,AcctRec,France SAS,Marketing,37534.23,0.0
TXN50625,2024-01-29,Jan 2024,Consulting Revenue,Income,France SAS,Marketing,0.0,37534.23
TXN50626,2024-03-15,Mar 2024,Inventory - Raw Materials,OthCurrAsset,US Headquarters,,39239.43,0.0
TXN50626,2024-03-15,Mar 2024,Product Sales,Income,US Headquarters,,0.0,39239.43
TXN50627,2024-07-02,Jul 2024,Professional Fees,Expense,Singapore Pte Ltd,Engineering,30843.83,0.0
TXN50627,2024-07-02,Jul 2024,Allowance for Doubtful Accounts,AcctRec,Singapore Pte Ltd,Engineering,0.0,30843.83
TXN50628,2024-11-27,Nov 2024,Sales Tax Payable,OthCurrLiab,Japan KK,Sales,25595.02,0.0
TXN50628,2024-11-27,Nov 2024,Inventory - Finished Goods,OthCurrAsset,Japan KK,Sales,0.0,25595.02
TXN50629,2024-12-06,Dec 2024,Inventory - Finished Goods,OthCurrAsset,US Headquarters,Finance,19438.98,0.0
TXN50629,2024-12-06,Dec 2024,Accounts Receivable,AcctRec,US Headquarters,Finance,0.0,19438.98
TXN50630,2024-10-09,Oct 2024,Prepaid Expenses,OthCurrAsset,US Headquarters,Engineering,37209.13,0.0
TXN50630,2024-10-09,Oct 2024,Interest Income,OthIncome,US Headquarters,Engineering,0.0,37209.13
TXN50631,2024-04-25,Apr 2024,Rent Expense,Expense,Australia Pty Ltd,Operations,27376.1,0.0
TXN50631,2024-04-25,Apr 2024,Inventory - Raw Materials,OthCurrAsset,Australia Pty Ltd,Operations,0.0,27376.1
TXN50632,2024-08-17,Aug 2024,Inventory - Finished Goods,OthCurrAsset,Germany GmbH,,3816.0,0.0
TXN50632,2024-08-17,Aug 2024,Inventory - Raw Materials,OthCurrAsset,Germany GmbH,,0.0,3816.0
TXN50633,2024-03-02,Mar 2024,Salaries and Wages,Expense,Japan KK,Engineering,21482.54,0.0
TXN50633,2024-03-02,Mar 2024,Accounts Receivable,AcctRec,Japan KK,Engineering,0.0,21482.54
TXN50634,2024-10-26,Oct 2024,Accrued Expenses,AcctPay,Canada Inc,Engineering,16595.08,0.0
TXN50634,2024-10-26,Oct 2024,Cash - Operating,Bank,Canada Inc,Engineering,0.0,16595.08
TXN50635,2024-03-19,Mar 2024,Inventory - Raw Materials,OthCurrAsset,Australia Pty Ltd,Operations,2637.69,0.0
TXN50635,2024-03-19,Mar 2024,Prepaid Expenses,OthCurrAsset,Australia Pty Ltd,Operations,0.0,2637.69
TXN50636,2024-12-04,Dec 2024,Cost of Goods Sold - Services,COGS,Canada Inc,Finance,39516.42,0.0
TXN50636,2024-12-04,Dec 2024,Short-term Loans,OthCurrLiab,Canada Inc,Finance,0.0,39516.42
TXN50637,2024-06-11,Jun 2024,Accrued Expenses,AcctPay,France SAS,Sales,26078.25,0.0
TXN50637,2024-06-11,Jun 2024,Allowance for Doubtful Accounts,AcctRec,France SAS,Sales,0.0,26078.25
TXN50638,2024-10-05,Oct 2024,Inventory - Finished Goods,OthCurrAsset,Japan KK,Engineering,17535.21,0.0
TXN50638,2024-10-05,Oct 2024,Accounts Receivable,AcctRec,Japan KK,Engineering,0.0,17535.21
TXN50639,2024-06-18,Jun 2024,Short-term Loans,OthCurrLiab,Australia Pty Ltd,Marketing,11000.42,0.0
TXN50639,2024-06-18,Jun 2024,Allowance for Doubtful Accounts,AcctRec,Australia Pty Ltd,Marketing,0.0,11000.42
TXN50640,2024-10-14,Oct 2024,Interest Expense,OthExpense,US Headquarters,Engineering,33480.03,0.0
TXN50640,2024-10-14,Oct 2024,Sales Tax Payable,OthCurrLiab,US Headquarters,Engineering,0.0,33480.03
TXN50641,2024-11-14,Nov 2024,Prepaid Expenses,OthCurrAsset,France SAS,Engineering,34159.31,0.0
TXN50641,2024-11-14,Nov 2024,Product Sales,Income,France SAS,Engineering,0.0,34159.31
TXN50642,2024-07-16,Jul 2024,Inventory - Raw Materials,OthCurrAsset,Canada Inc,Operations,36226.38,0.0
TXN50642,2024-07-16,Jul 2024,Consulting Revenue,Income,Canada Inc,Operations,0.0,36226.38
TXN50643,2024-09-20,Sep 2024,Cash - Payroll,Bank,Singapore Pte Ltd,Finance,2288.2,0.0
TXN50643,2024-09-20,Sep 2024,Accounts Receivable,AcctRec,Singapore Pte Ltd,Finance,0.0,2288.2
TXN50644,2024-09-20,Sep 2024,Inventory - Raw Materials,OthCurrAsset,UK Operations,Engineering,8453.0,0.0
TXN50644,2024-09-20,Sep 2024,Inventory - Raw Materials,OthCurrAsset,UK Operations,Engineering,0.0,8453.0
TXN50645,2024-01-04,Jan 2024,Payroll Liabilities,OthCurrLiab,UK Operations,Sales,33549.72,0.0
TXN50645,2024-01-04,Jan 2024,Prepaid Expenses,OthCurrAsset,UK Operations,Sales,0.0,33549.72
TXN50646,2024-02-23,Feb 2024,Inventory - Finished Goods,OthCurrAsset,France SAS,Operations,41454.56,0.0
TXN50646,2024-02-23,Feb 2024,Prepaid Expenses,OthCurrAsset,France SAS,Operations,0.0,41454.56
TXN50647,2024-08-10,Aug 2024,Inventory - Finished Goods,OthCurrAsset,UK Operations,,34333.57,0.0
TXN50647,2024-08-10,Aug 2024,Consulting Revenue,Income,UK Operations,,0.0,34333.57
TXN50648,2024-01-20,Jan 2024,Short-term Loans,OthCurrLiab,UK Operations,Engineering,2807.98,0.0
TXN50648,2024-01-20,Jan 2024,Cash - Operating,Bank,UK Operations,Engineering,0.0,2807.98
TXN50649,2024-10-21,Oct 2024,Marketing and Advertising,Expense,France SAS,Marketing,20440.88,0.0
TXN50649,2024-10-21,Oct 2024,Prepaid Expenses,OthCurrAsset,France SAS,Marketing,0.0,20440.88
TXN50650,2024-06-10,Jun 2024,Interest Expense,OthExpense,US Headquarters,Finance,33697.61,0.0
TXN50650,2024-06-10,Jun 2024,Short-term Loans,OthCurrLiab,US Headquarters,Finance,0.0,33697.61
TXN50651,2024-11-12,Nov 2024,Accounts Payable,AcctPay,UK Operations,,29321.84,0.0
TXN50651,2024-11-12,Nov 2024,Accounts Receivable,AcctRec,UK Operations,,0.0,29321.84
TXN50652,2024-09-14,Sep 2024,Cash - Operating,Bank,UK Operations,Marketing,39365.91,0.0
TXN50652,2024-09-14,Sep 2024,Consulting Revenue,Income,UK Operations,Marketing,0.0,39365.91
TXN50653,2024-08-12,Aug 2024,Cash - Payroll,Bank,Japan KK,Finance,41123.91,0.0
TXN50653,2024-08-12,Aug 2024,Service Revenue,Income,Japan KK,Finance,0.0,41123.91
TXN50654,2024-03-10,Mar 2024,Utilities,Expense,Japan KK,Operations,14819.43,0.0
TXN50654,2024-03-10,Mar 2024,Payroll Liabilities,OthCurrLiab,Japan KK,Operations,0.0,14819.43
TXN50655,2024-11-27,Nov 2024,Cost of Goods Sold - Services,COGS,Australia Pty Ltd,Engineering,27720.86,0.0
TXN50655,2024-11-27,Nov 2024,Cash - Operating,Bank,Australia Pty Ltd,Engineering,0.0,27720.86
TXN50656,2024-01-03,Jan 2024,Cash - Payroll,Bank,Japan KK,Operations,27421.52,0.0
TXN50656,2024-01-03,Jan 2024,Consulting Revenue,Income,Japan KK,Operations,0.0,27421.52
TXN50657,2024-04-18,Apr 2024,Cash - Payroll,Bank,Japan KK,,42587.8,0.0
TXN50657,2024-04-18,Apr 2024,Service Revenue,Income,Japan KK,,0.0,42587.8
TXN50658,2024-11-11,Nov 2024,IT and Software,Expense,Canada Inc,Sales,5819.66,0.0
TXN50658,2024-11-11,Nov 2024,Cash - Operating,Bank,Canada Inc,Sales,0.0,5819.66
TXN50659,2024-10-08,Oct 2024,Cash - Operating,Bank,Singapore Pte Ltd,,27528.26,0.0
TXN50659,2024-10-08,Oct 2024,Consulting Revenue,Income,Singapore Pte Ltd,,0.0,27528.26
TXN50660,2024-02-20,Feb 2024,Accounts Receivable,AcctRec,France SAS,,29071.72,0.0
TXN50660,2024-02-20,Feb 2024,Cash - Payroll,Bank,France SAS,,0.0,29071.72
TXN50661,2024-12-09,Dec 2024,Cash - Payroll,Bank,France SAS,Engineering,14328.34,0.0
TXN50661,2024-12-09,Dec 2024,Consulting Revenue,Income,France SAS,Engineering,0.0,14328.34
TXN50662,2024-09-05,Sep 2024,Inventory - Raw Materials,OthCurrAsset,Singapore Pte Ltd,Marketing,30855.49,0.0
TXN50662,2024-09-05,Sep 2024,Service Revenue,Income,Singapore Pte Ltd,Marketing,0.0,30855.49
TXN50663,2024-10-16,Oct 2024,Accounts Receivable,AcctRec,Australia Pty Ltd,Marketing,47937.08,0.0
TXN50663,2024-10-16,Oct 2024,Service Revenue,Income,Australia Pty Ltd,Marketing,0.0,47937.08
TXN50664,2024-04-23,Apr 2024,Inventory - Finished Goods,OthCurrAsset,Japan KK,Marketing,42021.49,0.0
TXN50664,2024-04-23,Apr 2024,Consulting Revenue,Income,Japan KK,Marketing,0.0,42021.49
TXN50665,2024-09-02,Sep 2024,Inventory - Raw Materials,OthCurrAsset,Singapore Pte Ltd,Finance,18001.21,0.0
TXN50665,2024-09-02,Sep 2024,Product Sales,Income,Singapore Pte Ltd,Finance,0.0,18001.21
TXN50666,2024-03-30,Mar 2024,Inventory - Raw Materials,OthCurrAsset,UK Operations,Marketing,42949.81,0.0
TXN50666,2024-03-30,Mar 2024,Service Revenue,Income,UK Operations,Marketing,0.0,42949.81
TXN50667,2024-05-14,May 2024,Inventory - Raw Materials,OthCurrAsset,UK Operations,,3862.46,0.0
TXN50667,2024-05-14,May 2024,Product Sales,Income,UK Operations,,0.0,3862.46
TXN50668,2024-10-24,Oct 2024,Accounts Receivable,AcctRec,Japan KK,Operations,10716.76,0.0
TXN50668,2024-10-24,Oct 2024,Interest Income,OthIncome,Japan KK,Operations,0.0,10716.76
TXN50669,2024-11-30,Nov 2024,Inventory - Raw Materials,OthCurrAsset,Germany GmbH,Marketing,19685.67,0.0
TXN50669,2024-11-30,Nov 2024,Inventory - Finished Goods,OthCurrAsset,Germany GmbH,Marketing,0.0,19685.67
TXN50670,2024-05-28,May 2024,Accounts Receivable,AcctRec,Germany GmbH,Finance,25106.05,0.0
TXN50670,2024-05-28,May 2024,Product Sales,Income,Germany GmbH,Finance,0.0,25106.05
TXN50671,2024-12-05,Dec 2024,Accrued Expenses,AcctPay,France SAS,Operations,34239.67,0.0
TXN50671,2024-12-05,Dec 2024,Allowance for Doubtful Accounts,AcctRec,France SAS,Operations,0.0,34239.67
TXN50672,2024-03-22,Mar 2024,Salaries and Wages,Expense,Germany GmbH,Operations,47440.72,0.0
TXN50672,2024-03-22,Mar 2024,Short-term Loans,OthCurrLiab,Germany GmbH,Operations,0.0,47440.72
TXN50673,2024-09-04,Sep 2024,Cost of Goods Sold - Services,COGS,Australia Pty Ltd,Engineering,11019.07,0.0
TXN50673,2024-09-04,Sep 2024,Inventory - Raw Materials,OthCurrAsset,Australia Pty Ltd,Engineering,0.0,11019.07
TXN50674,2024-07-08,Jul 2024,Office Supplies,Expense,France SAS,Engineering,33462.42,0.0
TXN50674,2024-07-08,Jul 2024,Prepaid Expenses,OthCurrAsset,France SAS,Engineering,0.0,33462.42
TXN50675,2024-08-28,Aug 2024,Cost of Goods Sold - Services,COGS,Singapore Pte Ltd,Engineering,2091.24,0.0
TXN50675,2024-08-28,Aug 2024,Short-term Loans,OthCurrLiab,Singapore Pte Ltd,Engineering,0.0,2091.24
TXN50676,2024-09-23,Sep 2024,Salaries and Wages,Expense,Canada Inc,,13239.47,0.0
TXN50676,2024-09-23,Sep 2024,Prepaid Expenses,OthCurrAsset,Canada Inc,,0.0,13239.47
TXN50677,2024-11-30,Nov 2024,Cash - Operating,Bank,Japan KK,Marketing,29425.17,0.0
TXN50677,2024-11-30,Nov 2024,Inventory - Raw Materials,OthCurrAsset,Japan KK,Marketing,0.0,29425.17
TXN50678,2024-05-08,May 2024,Office Supplies,Expense,Japan KK,Sales,25866.95,0.0
TXN50678,2024-05-08,May 2024,Accounts Payable,AcctPay,Japan KK,Sales,0.0,25866.95
TXN50679,2024-09-03,Sep 2024,Rent Expense,Expense,US Headquarters,Operations,44113.51,0.0
TXN50679,2024-09-03,Sep 2024,Cash - Payroll,Bank,US Headquarters,Operations,0.0,44113.51
TXN50680,2024-09-20,Sep 2024,Inventory - Raw Materials,OthCurrAsset,Canada Inc,Sales,7597.0,0.0
TXN50680,2024-09-20,Sep 2024,Product Sales,Income,Canada Inc,Sales,0.0,7597.0
TXN50681,2024-12-04,Dec 2024,Payroll Liabilities,OthCurrLiab,France SAS,Finance,40577.51,0.0
TXN50681,2024-12-04,Dec 2024,Inventory - Finished Goods,OthCurrAsset,France SAS,Finance,0.0,40577.51
TXN50682,2024-09-02,Sep 2024,Marketing and Advertising,Expense,Singapore Pte Ltd,Sales,29580.47,0.0
TXN50682,2024-09-02,Sep 2024,Cash - Operating,Bank,Singapore Pte Ltd,Sales,0.0,29580.47
TXN50683,2024-05-04,May 2024,Inventory - Finished Goods,OthCurrAsset,US Headquarters,Sales,28716.98,0.0
TXN50683,2024-05-04,May 2024,Product Sales,Income,US Headquarters,Sales,0.0,28716.98
TXN50684,2024-10-20,Oct 2024,Inventory - Raw Materials,OthCurrAsset,Germany GmbH,Engineering,8400.43,0.0
TXN50684,2024-10-20,Oct 2024,Allowance for Doubtful Accounts,AcctRec,Germany GmbH,Engineering,0.0,8400.43
TXN50685,2024-11-02,Nov 2024,Accounts Payable,AcctPay,US Headquarters,,36425.92,0.0
TXN50685,2024-11-02,Nov 2024,Cash - Payroll,Bank,US Headquarters,,0.0,36425.92
TXN50686,2024-08-17,Aug 2024,Short-term Loans,OthCurrLiab,Singapore Pte Ltd,Finance,8611.28,0.0
TXN50686,2024-08-17,Aug 2024,Cash - Payroll,Bank,Singapore Pte Ltd,Finance,0.0,8611.28
TXN50687,2024-10-25,Oct 2024,Inventory - Finished Goods,OthCurrAsset,Germany GmbH,Operations,33016.47,0.0
TXN50687,2024-10-25,Oct 2024,Consulting Revenue,Income,Germany GmbH,Operations,0.0,33016.47
TXN50688,2024-08-20,Aug 2024,Cash - Operating,Bank,UK Operations,Sales,18972.75,0.0
TXN50688,2024-08-20,Aug 2024,Service Revenue,Income,UK Operations,Sales,0.0,18972.75
TXN50689,2024-09-24,Sep 2024,Inventory - Raw Materials,OthCurrAsset,Japan KK,Sales,30315.0,0.0
TXN50689,2024-09-24,Sep 2024,Product Sales,Income,Japan KK,Sales,0.0,30315.0
TXN50690,2024-09-29,Sep 2024,Inventory - Raw Materials,OthCurrAsset,UK Operations,Engineering,24163.82,0.0
TXN50690,2024-09-29,Sep 2024,Product Sales,Income,UK Operations,Engineering,0.0,24163.82
TXN50691,2024-12-13,Dec 2024,Inventory - Finished Goods,OthCurrAsset,Japan KK,Operations,21092.13,0.0
TXN50691,2024-12-13,Dec 2024,Inventory - Raw Materials,OthCurrAsset,Japan KK,Operations,0.0,21092.13
TXN50692,2024-08-07,Aug 2024,IT and Software,Expense,France SAS,Finance,39498.82,0.0
TXN50692,2024-08-07,Aug 2024,Short-term Loans,OthCurrLiab,France SAS,Finance,0.0,39498.82
TXN50693,2024-12-22,Dec 2024,Rent Expense,Expense,UK Operations,Finance,6780.77,0.0
TXN50693,2024-12-22,Dec 2024,Cash - Payroll,Bank,UK Operations,Finance,0.0,6780.77
TXN50694,2024-05-25,May 2024,Accounts Payable,AcctPay,Japan KK,Marketing,9532.15,0.0
TXN50694,2024-05-25,May 2024,Inventory - Raw Materials,OthCurrAsset,Japan KK,Marketing,0.0,9532.15
TXN50695,2024-09-24,Sep 2024,Office Supplies,Expense,UK Operations,Operations,458.98,0.0
TXN50695,2024-09-24,Sep 2024,Prepaid Expenses,OthCurrAsset,UK Operations,Operations,0.0,458.98
TXN50696,2024-07-04,Jul 2024,Utilities,Expense,UK Operations,Sales,21360.97,0.0
TXN50696,2024-07-04,Jul 2024,Accrued Expenses,AcctPay,UK Operations,Sales,0.0,21360.97
TXN50697,2024-08-04,Aug 2024,Rent Expense,Expense,Australia Pty Ltd,Operations,13850.47,0.0
TXN50697,2024-08-04,Aug 2024,Prepaid Expenses,OthCurrAsset,Australia Pty Ltd,Operations,0.0,13850.47
TXN50698,2024-10-09,Oct 2024,Utilities,Expense,Singapore Pte Ltd,Sales,18573.63,0.0
TXN50698,2024-10-09,Oct 2024,Inventory - Raw Materials,OthCurrAsset,Singapore Pte Ltd,Sales,0.0,18573.63
TXN50699,2024-10-22,Oct 2024,Prepaid Expenses,OthCurrAsset,Australia Pty Ltd,,19966.67,0.0
TXN50699,2024-10-22,Oct 2024,Product Sales,Income,Australia Pty Ltd,,0.0,19966.67
TXN50700,2024-04-27,Apr 2024,Inventory - Raw Materials,OthCurrAsset,Singapore Pte Ltd,,47467.33,0.0
TXN50700,2024-04-27,Apr 2024,Interest Income,OthIncome,Singapore Pte Ltd,,0.0,47467.33
TXN50701,2024-06-22,Jun 2024,Cost of Goods Sold - Services,COGS,US Headquarters,Sales,19516.27,0.0
TXN50701,2024-06-22,Jun 2024,Accounts Receivable,AcctRec,US Headquarters,Sales,0.0,19516.27
TXN50702,2024-08-29,Aug 2024,Cash - Operating,Bank,Japan KK,Engineering,3297.61,0.0
TXN50702,2024-08-29,Aug 2024,Product Sales,Income,Japan KK,Engineering,0.0,3297.61
TXN50703,2024-07-15,Jul 2024,Inventory - Raw Materials,OthCurrAsset,Japan KK,Operations,32843.14,0.0
TXN50703,2024-07-15,Jul 2024,Product Sales,Income,Japan KK,Operations,0.0,32843.14
TXN50704,2024-03-30,Mar 2024,Prepaid Expenses,OthCurrAsset,Singapore Pte Ltd,Finance,634.45,0.0
TXN50704,2024-03-30,Mar 2024,Inventory - Raw Materials,OthCurrAsset,Singapore Pte Ltd,Finance,0.0,634.45
TXN50705,2024-05-26,May 2024,Rent Expense,Expense,France SAS,Engineering,39219.58,0.0
TXN50705,2024-05-26,May 2024,Sales Tax Payable,OthCurrLiab,France SAS,Engineering,0.0,39219.58
TXN50706,2024-03-27,Mar 2024,Cash - Payroll,Bank,US Headquarters,Marketing,12038.91,0.0
TXN50706,2024-03-27,Mar 2024,Product Sales,Income,US Headquarters,Marketing,0.0,12038.91
TXN50707,2024-05-21,May 2024,Rent Expense,Expense,Japan KK,Marketing,33516.14,0.0
TXN50707,2024-05-21,May 2024,Accrued Expenses,AcctPay,Japan KK,Marketing,0.0,33516.14
TXN50708,2024-01-08,Jan 2024,Short-term Loans,OthCurrLiab,UK Operations,Engineering,27524.67,0.0
TXN50708,2024-01-08,Jan 2024,Inventory - Raw Materials,OthCurrAsset,UK Operations,Engineering,0.0,27524.67
TXN50709,2024-06-27,Jun 2024,Allowance for Doubtful Accounts,AcctRec,Australia Pty Ltd,Marketing,11392.15,0.0
TXN50709,2024-06-27,Jun 2024,Allowance for Doubtful Accounts,AcctRec,Australia Pty Ltd,Marketing,0.0,11392.15
TXN50710,2024-10-21,Oct 2024,Professional Fees,Expense,US Headquarters,Marketing,8834.24,0.0
TXN50710,2024-10-21,Oct 2024,Cash - Payroll,Bank,US Headquarters,Marketing,0.0,8834.24
TXN50711,2024-09-14,Sep 2024,Sales Tax Payable,OthCurrLiab,Canada Inc,Marketing,47356.07,0.0
TXN50711,2024-09-14,Sep 2024,Inventory - Raw Materials,OthCurrAsset,Canada Inc,Marketing,0.0,47356.07
TXN50712,2024-10-21,Oct 2024,Travel and Entertainment,Expense,Canada Inc,,22194.16,0.0
TXN50712,2024-10-21,Oct 2024,Allowance for Doubtful Accounts,AcctRec,Canada Inc,,0.0,22194.16
TXN50713,2024-06-22,Jun 2024,Cost of Goods Sold - Products,COGS,Singapore Pte Ltd,,23089.95,0.0
TXN50713,2024-06-22,Jun 2024,Accounts Payable,AcctPay,Singapore Pte Ltd,,0.0,23089.95
TXN50714,2024-02-29,Feb 2024,Accrued Expenses,AcctPay,Canada Inc,Engineering,19195.39,0.0
TXN50714,2024-02-29,Feb 2024,Inventory - Finished Goods,OthCurrAsset,Canada Inc,Engineering,0.0,19195.39
TXN50715,2024-12-25,Dec 2024,Professional Fees,Expense,France SAS,Marketing,20680.06,0.0
TXN50715,2024-12-25,Dec 2024,Cash - Operating,Bank,France SAS,Marketing,0.0,20680.06
TXN50716,2024-12-24,Dec 2024,Office Supplies,Expense,Canada Inc,Sales,14435.75,0.0
TXN50716,2024-12-24,Dec 2024,Cash - Payroll,Bank,Canada Inc,Sales,0.0,14435.75
TXN50717,2024-10-10,Oct 2024,Inventory - Raw Materials,OthCurrAsset,Germany GmbH,Finance,15762.25,0.0
TXN50717,2024-10-10,Oct 2024,Consulting Revenue,Income,Germany GmbH,Finance,0.0,15762.25
TXN50718,2024-04-03,Apr 2024,Cash - Payroll,Bank,France SAS,Finance,36881.9,0.0
TXN50718,2024-04-03,Apr 2024,Consulting Revenue,Income,France SAS,Finance,0.0,36881.9
TXN50719,2024-04-15,Apr 2024,Sales Tax Payable,OthCurrLiab,France SAS,Sales,41763.53,0.0
TXN50719,2024-04-15,Apr 2024,Cash - Payroll,Bank,France SAS,Sales,0.0,41763.53
TXN50720,2024-02-24,Feb 2024,IT and Software,Expense,UK Operations,Engineering,33823.03,0.0
TXN50720,2024-02-24,Feb 2024,Cash - Operating,Bank,UK Operations,Engineering,0.0,33823.03
TXN50721,2024-10-04,Oct 2024,Inventory - Raw Materials,OthCurrAsset,US Headquarters,Finance,18622.71,0.0
TXN50721,2024-10-04,Oct 2024,Consulting Revenue,Income,US Headquarters,Finance,0.0,18622.71
TXN50722,2024-09-08,Sep 2024,Inventory - Raw Materials,OthCurrAsset,Germany GmbH,Operations,14085.3,0.0
TXN50722,2024-09-08,Sep 2024,Service Revenue,Income,Germany GmbH,Operations,0.0,14085.3
TXN50723,2024-01-28,Jan 2024,Accounts Receivable,AcctRec,Japan KK,Finance,46988.76,0.0
TXN50723,2024-01-28,Jan 2024,Interest Income,OthIncome,Japan KK,Finance,0.0,46988.76
TXN50724,2024-12-17,Dec 2024,Travel and Entertainment,Expense,Germany GmbH,Finance,48827.71,0.0
TXN50724,2024-12-17,Dec 2024,Inventory - Finished Goods,OthCurrAsset,Germany GmbH,Finance,0.0,48827.71
TXN50725,2024-12-18,Dec 2024,Cost of Goods Sold - Services,COGS,US Headquarters,Engineering,33737.74,0.0
TXN50725,2024-12-18,Dec 2024,Inventory - Finished Goods,OthCurrAsset,US Headquarters,Engineering,0.0,33737.74
TXN50726,2024-07-04,Jul 2024,Allowance for Doubtful Accounts,AcctRec,Canada Inc,Sales,27473.31,0.0
TXN50726,2024-07-04,Jul 2024,Consulting Revenue,Income,Canada Inc,Sales,0.0,27473.31
TXN50727,2024-07-06,Jul 2024,Office Supplies,Expense,Germany GmbH,Finance,21254.75,0.0
TXN50727,2024-07-06,Jul 2024,Inventory - Finished Goods,OthCurrAsset,Germany GmbH,Finance,0.0,21254.75
TXN50728,2024-07-24,Jul 2024,Inventory - Raw Materials,OthCurrAsset,Canada Inc,Finance,9076.47,0.0
TXN50728,2024-07-24,Jul 2024,Service Revenue,Income,Canada Inc,Finance,0.0,9076.47
TXN50729,2024-02-21,Feb 2024,Cash - Payroll,Bank,Canada Inc,Sales,27811.47,0.0
TXN50729,2024-02-21,Feb 2024,Cash - Payroll,Bank,Canada Inc,Sales,0.0,27811.47
TXN50730,2024-03-17,Mar 2024,Interest Expense,OthExpense,Singapore Pte Ltd,Engineering,8912.7,0.0
TXN50730,2024-03-17,Mar 2024,Accrued Expenses,AcctPay,Singapore Pte Ltd,Engineering,0.0,8912.7
TXN50731,2024-09-30,Sep 2024,IT and Software,Expense,Australia Pty Ltd,Finance,15071.71,0.0
TXN50731,2024-09-30,Sep 2024,Cash - Operating,Bank,Australia Pty Ltd,Finance,0.0,15071.71
TXN50732,2024-07-22,Jul 2024,Accounts Receivable,AcctRec,UK Operations,,8250.76,0.0
TXN50732,2024-07-22,Jul 2024,Interest Income,OthIncome,UK Operations,,0.0,8250.76
TXN50733,2024-11-18,Nov 2024,Accounts Receivable,AcctRec,UK Operations,Finance,37255.2,0.0
TXN50733,2024-11-18,Nov 2024,Consulting Revenue,Income,UK Operations,Finance,0.0,37255.2
TXN50734,2024-06-25,Jun 2024,Inventory - Raw Materials,OthCurrAsset,US Headquarters,Finance,6149.75,0.0
TXN50734,2024-06-25,Jun 2024,Cash - Payroll,Bank,US Headquarters,Finance,0.0,6149.75
TXN50735,2024-10-22,Oct 2024,Travel and Entertainment,Expense,Germany GmbH,Marketing,17819.94,0.0
TXN50735,2024-10-22,Oct 2024,Short-term Loans,OthCurrLiab,Germany GmbH,Marketing,0.0,17819.94
TXN50736,2024-08-16,Aug 2024,Salaries and Wages,Expense,UK Operations,Finance,30721.82,0.0
TXN50736,2024-08-16,Aug 2024,Accounts Receivable,AcctRec,UK Operations,Finance,0.0,30721.82
TXN50737,2024-11-23,Nov 2024,Cost of Goods Sold - Services,COGS,Australia Pty Ltd,Finance,31600.54,0.0
TXN50737,2024-11-23,Nov 2024,Cash - Payroll,Bank,Australia Pty Ltd,Finance,0.0,31600.54
TXN50738,2024-03-23,Mar 2024,Utilities,Expense,Australia Pty Ltd,Sales,15742.75,0.0
TXN50738,2024-03-23,Mar 2024,Sales Tax Payable,OthCurrLiab,Australia Pty Ltd,Sales,0.0,15742.75
TXN50739,2024-11-26,Nov 2024,Sales Tax Payable,OthCurrLiab,Japan KK,Marketing,44395.82,0.0
TXN50739,2024-11-26,Nov 2024,Inventory - Finished Goods,OthCurrAsset,Japan KK,Marketing,0.0,44395.82
TXN50740,2024-10-27,Oct 2024,Cash - Payroll,Bank,Singapore Pte Ltd,Finance,8449.17,0.0
TXN50740,2024-10-27,Oct 2024,Inventory - Finished Goods,OthCurrAsset,Singapore Pte Ltd,Finance,0.0,8449.17
TXN50741,2024-04-30,Apr 2024,Cash - Payroll,Bank,Canada Inc,,35064.78,0.0
TXN50741,2024-04-30,Apr 2024,Interest Income,OthIncome,Canada Inc,,0.0,35064.78
TXN50742,2024-02-22,Feb 2024,Cost of Goods Sold - Products,COGS,UK Operations,Engineering,46846.0,0.0
TXN50742,2024-02-22,Feb 2024,Cash - Operating,Bank,UK Operations,Engineering,0.0,46846.0
TXN50743,2024-07-22,Jul 2024,Inventory - Finished Goods,OthCurrAsset,UK Operations,Engineering,13196.37,0.0
TXN50743,2024-07-22,Jul 2024,Interest Income,OthIncome,UK Operations,Engineering,0.0,13196.37
TXN50744,2024-06-07,Jun 2024,Salaries and Wages,Expense,France SAS,Sales,36905.9,0.0
TXN50744,2024-06-07,Jun 2024,Accounts Receivable,AcctRec,France SAS,Sales,0.0,36905.9
TXN50745,2024-09-26,Sep 2024,Office Supplies,Expense,Germany GmbH,Engineering,1854.23,0.0
TXN50745,2024-09-26,Sep 2024,Accounts Payable,AcctPay,Germany GmbH,Engineering,0.0,1854.23
TXN50746,2024-08-27,Aug 2024,Inventory - Finished Goods,OthCurrAsset,Canada Inc,Operations,22297.76,0.0
TXN50746,2024-08-27,Aug 2024,Inventory - Raw Materials,OthCurrAsset,Canada Inc,Operations,0.0,22297.76
TXN50747,2024-03-31,Mar 2024,Allowance for Doubtful Accounts,AcctRec,Singapore Pte Ltd,,37470.69,0.0
TXN50747,2024-03-31,Mar 2024,Inventory - Raw Materials,OthCurrAsset,Singapore Pte Ltd,,0.0,37470.69
TXN50748,2024-11-23,Nov 2024,Cash - Operating,Bank,Canada Inc,Marketing,24134.42,0.0
TXN50748,2024-11-23,Nov 2024,Interest Income,OthIncome,Canada Inc,Marketing,0.0,24134.42
TXN50749,2024-06-06,Jun 2024,Cash - Operating,Bank,Australia Pty Ltd,Finance,13064.37,0.0
TXN50749,2024-06-06,Jun 2024,Service Revenue,Income,Australia Pty Ltd,Finance,0.0,13064.37
TXN50750,2024-06-25,Jun 2024,Travel and Entertainment,Expense,Canada Inc,Finance,26801.43,0.0
TXN50750,2024-06-25,Jun 2024,Accounts Payable,AcctPay,Canada Inc,Finance,0.0,26801.43
TXN50751,2024-06-02,Jun 2024,Cost of Goods Sold - Products,COGS,US Headquarters,Finance,39918.44,0.0
TXN50751,2024-06-02,Jun 2024,Accrued Expenses,AcctPay,US Headquarters,Finance,0.0,39918.44
TXN50752,2024-07-10,Jul 2024,Rent Expense,Expense,France SAS,Finance,44119.89,0.0
TXN50752,2024-07-10,Jul 2024,Accounts Receivable,AcctRec,France SAS,Finance,0.0,44119.89
TXN50753,2024-11-26,Nov 2024,Inventory - Finished Goods,OthCurrAsset,Japan KK,Finance,11107.56,0.0
TXN50753,2024-11-26,Nov 2024,Service Revenue,Income,Japan KK,Finance,0.0,11107.56
TXN50754,2024-09-21,Sep 2024,Utilities,Expense,Canada Inc,Marketing,32458.01,0.0
TXN50754,2024-09-21,Sep 2024,Prepaid Expenses,OthCurrAsset,Canada Inc,Marketing,0.0,32458.01
TXN50755,2024-04-06,Apr 2024,Allowance for Doubtful Accounts,AcctRec,UK Operations,Sales,6917.54,0.0
TXN50755,2024-04-06,Apr 2024,Interest Income,OthIncome,UK Operations,Sales,0.0,6917.54
TXN50756,2024-05-19,May 2024,Inventory - Raw Materials,OthCurrAsset,Singapore Pte Ltd,Sales,16100.12,0.0
TXN50756,2024-05-19,May 2024,Product Sales,Income,Singapore Pte Ltd,Sales,0.0,16100.12
TXN50757,2024-04-05,Apr 2024,Accounts Payable,AcctPay,UK Operations,Marketing,13532.84,0.0
TXN50757,2024-04-05,Apr 2024,Cash - Payroll,Bank,UK Operations,Marketing,0.0,13532.84
TXN50758,2024-02-16,Feb 2024,Accounts Receivable,AcctRec,Germany GmbH,Engineering,24729.62,0.0
TXN50758,2024-02-16,Feb 2024,Interest Income,OthIncome,Germany GmbH,Engineering,0.0,24729.62
TXN50759,2024-07-09,Jul 2024,Prepaid Expenses,OthCurrAsset,Singapore Pte Ltd,,39592.09,0.0
TXN50759,2024-07-09,Jul 2024,Service Revenue,Income,Singapore Pte Ltd,,0.0,39592.09
TXN50760,2024-01-29,Jan 2024,Rent Expense,Expense,Canada Inc,Finance,3662.1,0.0
TXN50760,2024-01-29,Jan 2024,Inventory - Raw Materials,OthCurrAsset,Canada Inc,Finance,0.0,3662.1
TXN50761,2024-07-14,Jul 2024,Payroll Liabilities,OthCurrLiab,US Headquarters,Engineering,48732.47,0.0
TXN50761,2024-07-14,Jul 2024,Prepaid Expenses,OthCurrAsset,US Headquarters,Engineering,0.0,48732.47
TXN50762,2024-08-14,Aug 2024,Inventory - Finished Goods,OthCurrAsset,France SAS,,49727.32,0.0
TXN50762,2024-08-14,Aug 2024,Product Sales,Income,France SAS,,0.0,49727.32
TXN50763,2024-09-23,Sep 2024,Accounts Receivable,AcctRec,France SAS,Finance,19517.24,0.0
TXN50763,2024-09-23,Sep 2024,Cash - Payroll,Bank,France SAS,Finance,0.0,19517.24
TXN50764,2024-11-18,Nov 2024,Utilities,Expense,US Headquarters,,46877.3,0.0
TXN50764,2024-11-18,Nov 2024,Accounts Payable,AcctPay,US Headquarters,,0.0,46877.3
TXN50765,2024-11-22,Nov 2024,Inventory - Finished Goods,OthCurrAsset,Canada Inc,Sales,18085.29,0.0
TXN50765,2024-11-22,Nov 2024,Service Revenue,Income,Canada Inc,Sales,0.0,18085.29
TXN50766,2024-02-27,Feb 2024,Prepaid Expenses,OthCurrAsset,France SAS,,21764.67,0.0
TXN50766,2024-02-27,Feb 2024,Consulting Revenue,Income,France SAS,,0.0,21764.67
TXN50767,2024-10-26,Oct 2024,Cash - Operating,Bank,UK Operations,Finance,39478.27,0.0
TXN50767,2024-10-26,Oct 2024,Interest Income,OthIncome,UK Operations,Finance,0.0,39478.27
TXN50768,2024-12-18,Dec 2024,Allowance for Doubtful Accounts,AcctRec,Germany GmbH,Marketing,38562.77,0.0
TXN50768,2024-12-18,Dec 2024,Product Sales,Income,Germany GmbH,Marketing,0.0,38562.77
TXN50769,2024-12-17,Dec 2024,Salaries and Wages,Expense,Australia Pty Ltd,,3096.61,0.0
TXN50769,2024-12-17,Dec 2024,Short-term Loans,OthCurrLiab,Australia Pty Ltd,,0.0,3096.61
TXN50770,2024-10-01,Oct 2024,Inventory - Raw Materials,OthCurrAsset,UK Operations,Sales,24443.36,0.0
TXN50770,2024-10-01,Oct 2024,Consulting Revenue,Income,UK Operations,Sales,0.0,24443.36
TXN50771,2024-08-12,Aug 2024,Salaries and Wages,Expense,France SAS,Engineering,34493.57,0.0
TXN50771,2024-08-12,Aug 2024,Inventory - Raw Materials,OthCurrAsset,France SAS,Engineering,0.0,34493.57
TXN50772,2024-01-21,Jan 2024,Inventory - Finished Goods,OthCurrAsset,Singapore Pte Ltd,,21931.25,0.0
TXN50772,2024-01-21,Jan 2024,Interest Income,OthIncome,Singapore Pte Ltd,,0.0,21931.25
TXN50773,2024-04-07,Apr 2024,Sales Tax Payable,OthCurrLiab,Germany GmbH,Operations,17448.47,0.0
TXN50773,2024-04-07,Apr 2024,Prepaid Expenses,OthCurrAsset,Germany GmbH,Operations,0.0,17448.47
TXN50774,2024-11-02,Nov 2024,Utilities,Expense,Germany GmbH,Engineering,26603.76,0.0
TXN50774,2024-11-02,Nov 2024,Accrued Expenses,AcctPay,Germany GmbH,Engineering,0.0,26603.76
TXN50775,2024-07-06,Jul 2024,Salaries and Wages,Expense,Singapore Pte Ltd,Engineering,38818.3,0.0
TXN50775,2024-07-06,Jul 2024,Cash - Operating,Bank,Singapore Pte Ltd,Engineering,0.0,38818.3
TXN50776,2024-11-13,Nov 2024,Short-term Loans,OthCurrLiab,Australia Pty Ltd,Operations,12015.45,0.0
TXN50776,2024-11-13,Nov 2024,Prepaid Expenses,OthCurrAsset,Australia Pty Ltd,Operations,0.0,12015.45
TXN50777,2024-07-17,Jul 2024,Accrued Expenses,AcctPay,France SAS,Operations,34192.89,0.0
TXN50777,2024-07-17,Jul 2024,Inventory - Raw Materials,OthCurrAsset,France SAS,Operations,0.0,34192.89
TXN50778,2024-05-24,May 2024,Inventory - Raw Materials,OthCurrAsset,Australia Pty Ltd,Finance,32081.11,0.0
TXN50778,2024-05-24,May 2024,Product Sales,Income,Australia Pty Ltd,Finance,0.0,32081.11
TXN50779,2024-01-23,Jan 2024,Allowance for Doubtful Accounts,AcctRec,Germany GmbH,Sales,43687.29,0.0
TXN50779,2024-01-23,Jan 2024,Service Revenue,Income,Germany GmbH,Sales,0.0,43687.29
TXN50780,2024-02-20,Feb 2024,Travel and Entertainment,Expense,US Headquarters,Operations,32123.41,0.0
TXN50780,2024-02-20,Feb 2024,Accrued Expenses,AcctPay,US Headquarters,Operations,0.0,32123.41
TXN50781,2024-11-15,Nov 2024,Cost of Goods Sold - Services,COGS,Canada Inc,Engineering,18381.07,0.0
TXN50781,2024-11-15,Nov 2024,Cash - Operating,Bank,Canada Inc,Engineering,0.0,18381.07
TXN50782,2024-04-16,Apr 2024,Office Supplies,Expense,Singapore Pte Ltd,Engineering,23456.15,0.0
TXN50782,2024-04-16,Apr 2024,Accrued Expenses,AcctPay,Singapore Pte Ltd,Engineering,0.0,23456.15
TXN50783,2024-07-31,Jul 2024,Professional Fees,Expense,Australia Pty Ltd,,3009.17,0.0
TXN50783,2024-07-31,Jul 2024,Cash - Operating,Bank,Australia Pty Ltd,,0.0,3009.17
TXN50784,2024-02-06,Feb 2024,Cash - Operating,Bank,Canada Inc,Engineering,47235.71,0.0
TXN50784,2024-02-06,Feb 2024,Cash - Operating,Bank,Canada Inc,Engineering,0.0,47235.71
TXN50785,2024-04-28,Apr 2024,IT and Software,Expense,Japan KK,Sales,9736.66,0.0
TXN50785,2024-04-28,Apr 2024,Payroll Liabilities,OthCurrLiab,Japan KK,Sales,0.0,9736.66
TXN50786,2024-04-01,Apr 2024,Office Supplies,Expense,Japan KK,,5365.16,0.0
TXN50786,2024-04-01,Apr 2024,Payroll Liabilities,OthCurrLiab,Japan KK,,0.0,5365.16
TXN50787,2024-08-22,Aug 2024,Allowance for Doubtful Accounts,AcctRec,Japan KK,Engineering,8423.79,0.0
TXN50787,2024-08-22,Aug 2024,Consulting Revenue,Income,Japan KK,Engineering,0.0,8423.79
TXN50788,2024-12-02,Dec 2024,Office Supplies,Expense,Germany GmbH,Operations,49921.84,0.0
TXN50788,2024-12-02,Dec 2024,Inventory - Finished Goods,OthCurrAsset,Germany GmbH,Operations,0.0,49921.84
TXN50789,2024-10-08,Oct 2024,Office Supplies,Expense,Australia Pty Ltd,Marketing,20675.93,0.0
TXN50789,2024-10-08,Oct 2024,Sales Tax Payable,OthCurrLiab,Australia Pty Ltd,Marketing,0.0,20675.93
TXN50790,2024-05-03,May 2024,Accounts Receivable,AcctRec,France SAS,Finance,38308.84,0.0
TXN50790,2024-05-03,May 2024,Accounts Receivable,AcctRec,France SAS,Finance,0.0,38308.84
TXN50791,2024-08-19,Aug 2024,Accounts Receivable,AcctRec,Singapore Pte Ltd,Finance,109.76,0.0
TXN50791,2024-08-19,Aug 2024,Product Sales,Income,Singapore Pte Ltd,Finance,0.0,109.76
TXN50792,2024-09-22,Sep 2024,Cash - Payroll,Bank,Germany GmbH,Marketing,427.78,0.0
TXN50792,2024-09-22,Sep 2024,Prepaid Expenses,OthCurrAsset,Germany GmbH,Marketing,0.0,427.78
TXN50793,2024-06-10,Jun 2024,Inventory - Raw Materials,OthCurrAsset,US Headquarters,,41134.64,0.0
TXN50793,2024-06-10,Jun 2024,Inventory - Raw Materials,OthCurrAsset,US Headquarters,,0.0,41134.64
TXN50794,2024-10-19,Oct 2024,Salaries and Wages,Expense,Germany GmbH,Engineering,1983.04,0.0
TXN50794,2024-10-19,Oct 2024,Inventory - Raw Materials,OthCurrAsset,Germany GmbH,Engineering,0.0,1983.04
TXN50795,2024-07-06,Jul 2024,Inventory - Raw Materials,OthCurrAsset,France SAS,Sales,12886.57,0.0
TXN50795,2024-07-06,Jul 2024,Interest Income,OthIncome,France SAS,Sales,0.0,12886.57
TXN50796,2024-10-18,Oct 2024,Allowance for Doubtful Accounts,AcctRec,France SAS,,3952.36,0.0
TXN50796,2024-10-18,Oct 2024,Service Revenue,Income,France SAS,,0.0,3952.36
TXN50797,2024-09-06,Sep 2024,Prepaid Expenses,OthCurrAsset,UK Operations,Operations,32148.51,0.0
TXN50797,2024-09-06,Sep 2024,Interest Income,OthIncome,UK Operations,Operations,0.0,32148.51
TXN50798,2024-02-10,Feb 2024,Payroll Liabilities,OthCurrLiab,US Headquarters,Marketing,17461.72,0.0
TXN50798,2024-02-10,Feb 2024,Prepaid Expenses,OthCurrAsset,US Headquarters,Marketing,0.0,17461.72
TXN50799,2024-03-02,Mar 2024,Cost of Goods Sold - Products,COGS,France SAS,,32673.68,0.0
TXN50799,2024-03-02,Mar 2024,Payroll Liabilities,OthCurrLiab,France SAS,,0.0,32673.68
TXN50800,2024-11-19,Nov 2024,Inventory - Raw Materials,OthCurrAsset,Japan KK,Engineering,15308.69,0.0
TXN50800,2024-11-19,Nov 2024,Service Revenue,Income,Japan KK,Engineering,0.0,15308.69
TXN50801,2024-06-16,Jun 2024,Payroll Liabilities,OthCurrLiab,France SAS,Sales,2620.94,0.0
TXN50801,2024-06-16,Jun 2024,Allowance for Doubtful Accounts,AcctRec,France SAS,Sales,0.0,2620.94
TXN50802,2024-10-31,Oct 2024,Accrued Expenses,AcctPay,UK Operations,Sales,21653.59,0.0
TXN50802,2024-10-31,Oct 2024,Cash - Payroll,Bank,UK Operations,Sales,0.0,21653.59
TXN50803,2024-06-21,Jun 2024,Allowance for Doubtful Accounts,AcctRec,UK Operations,Finance,28614.89,0.0
TXN50803,2024-06-21,Jun 2024,Consulting Revenue,Income,UK Operations,Finance,0.0,28614.89
TXN50804,2024-02-13,Feb 2024,Salaries and Wages,Expense,Japan KK,Operations,21781.11,0.0
TXN50804,2024-02-13,Feb 2024,Accounts Payable,AcctPay,Japan KK,Operations,0.0,21781.11
TXN50805,2024-10-13,Oct 2024,Professional Fees,Expense,France SAS,Finance,19826.41,0.0
TXN50805,2024-10-13,Oct 2024,Sales Tax Payable,OthCurrLiab,France SAS,Finance,0.0,19826.41
TXN50806,2024-09-25,Sep 2024,Sales Tax Payable,OthCurrLiab,France SAS,Sales,3675.03,0.0
TXN50806,2024-09-25,Sep 2024,Inventory - Finished Goods,OthCurrAsset,France SAS,Sales,0.0,3675.03
TXN50807,2024-10-21,Oct 2024,Office Supplies,Expense,UK Operations,Engineering,33620.2,0.0
TXN50807,2024-10-21,Oct 2024,Allowance for Doubtful Accounts,AcctRec,UK Operations,Engineering,0.0,33620.2
TXN50808,2024-06-13,Jun 2024,Accrued Expenses,AcctPay,Australia Pty Ltd,Operations,32804.95,0.0
TXN50808,2024-06-13,Jun 2024,Accounts Receivable,AcctRec,Australia Pty Ltd,Operations,0.0,32804.95
TXN50809,2024-11-11,Nov 2024,Prepaid Expenses,OthCurrAsset,Singapore Pte Ltd,Operations,7376.34,0.0
TXN50809,2024-11-11,Nov 2024,Service Revenue,Income,Singapore Pte Ltd,Operations,0.0,7376.34
TXN50810,2024-04-12,Apr 2024,Cash - Operating,Bank,Australia Pty Ltd,Sales,37910.92,0.0
TXN50810,2024-04-12,Apr 2024,Inventory - Finished Goods,OthCurrAsset,Australia Pty Ltd,Sales,0.0,37910.92
TXN50811,2024-01-28,Jan 2024,Prepaid Expenses,OthCurrAsset,France SAS,Operations,46343.81,0.0
TXN50811,2024-01-28,Jan 2024,Accounts Receivable,AcctRec,France SAS,Operations,0.0,46343.81
TXN50812,2024-01-08,Jan 2024,Allowance for Doubtful Accounts,AcctRec,Australia Pty Ltd,,40233.61,0.0
TXN50812,2024-01-08,Jan 2024,Product Sales,Income,Australia Pty Ltd,,0.0,40233.61
TXN50813,2024-06-18,Jun 2024,Inventory - Raw Materials,OthCurrAsset,France SAS,,26946.47,0.0
TXN50813,2024-06-18,Jun 2024,Consulting Revenue,Income,France SAS,,0.0,26946.47
TXN50814,2024-10-07,Oct 2024,Inventory - Finished Goods,OthCurrAsset,Singapore Pte Ltd,Operations,36523.19,0.0
TXN50814,2024-10-07,Oct 2024,Product Sales,Income,Singapore Pte Ltd,Operations,0.0,36523.19
TXN50815,2024-07-11,Jul 2024,Prepaid Expenses,OthCurrAsset,US Headquarters,Marketing,8598.95,0.0
TXN50815,2024-07-11,Jul 2024,Consulting Revenue,Income,US Headquarters,Marketing,0.0,8598.95
TXN50816,2024-01-28,Jan 2024,Inventory - Finished Goods,OthCurrAsset,Singapore Pte Ltd,,47264.31,0.0
TXN50816,2024-01-28,Jan 2024,Consulting Revenue,Income,Singapore Pte Ltd,,0.0,47264.31
TXN50817,2024-12-05,Dec 2024,Inventory - Finished Goods,OthCurrAsset,Australia Pty Ltd,Engineering,1052.01,0.0
TXN50817,2024-12-05,Dec 2024,Allowance for Doubtful Accounts,AcctRec,Australia Pty Ltd,Engineering,0.0,1052.01
TXN50818,2024-04-28,Apr 2024,Accounts Receivable,AcctRec,Japan KK,Operations,48832.94,0.0
TXN50818,2024-04-28,Apr 2024,Interest Income,OthIncome,Japan KK,Operations,0.0,48832.94
TXN50819,2024-11-01,Nov 2024,Inventory - Raw Materials,OthCurrAsset,UK Operations,Sales,10023.87,0.0
TXN50819,2024-11-01,Nov 2024,Inventory - Finished Goods,OthCurrAsset,UK Operations,Sales,0.0,10023.87
TXN50820,2024-01-12,Jan 2024,Allowance for Doubtful Accounts,AcctRec,US Headquarters,Sales,46121.28,0.0
TXN50820,2024-01-12,Jan 2024,Interest Income,OthIncome,US Headquarters,Sales,0.0,46121.28
TXN50821,2024-03-21,Mar 2024,Utilities,Expense,US Headquarters,Marketing,34247.14,0.0
TXN50821,2024-03-21,Mar 2024,Allowance for Doubtful Accounts,AcctRec,US Headquarters,Marketing,0.0,34247.14
TXN50822,2024-09-13,Sep 2024,Prepaid Expenses,OthCurrAsset,Canada Inc,Engineering,31327.04,0.0
TXN50822,2024-09-13,Sep 2024,Cash - Operating,Bank,Canada Inc,Engineering,0.0,31327.04
TXN50823,2024-10-11,Oct 2024,Inventory - Finished Goods,OthCurrAsset,Canada Inc,Sales,7670.24,0.0
TXN50823,2024-10-11,Oct 2024,Cash - Payroll,Bank,Canada Inc,Sales,0.0,7670.24
TXN50824,2024-02-14,Feb 2024,Interest Expense,OthExpense,Japan KK,Operations,48034.22,0.0
TXN50824,2024-02-14,Feb 2024,Payroll Liabilities,OthCurrLiab,Japan KK,Operations,0.0,48034.22
TXN50825,2024-04-26,Apr 2024,Utilities,Expense,Japan KK,Sales,28687.64,0.0
TXN50825,2024-04-26,Apr 2024,Sales Tax Payable,OthCurrLiab,Japan KK,Sales,0.0,28687.64
TXN50826,2024-06-17,Jun 2024,IT and Software,Expense,Singapore Pte Ltd,Operations,6675.43,0.0
TXN50826,2024-06-17,Jun 2024,Accrued Expenses,AcctPay,Singapore Pte Ltd,Operations,0.0,6675.43
TXN50827,2024-12-16,Dec 2024,Short-term Loans,OthCurrLiab,France SAS,Sales,15519.02,0.0
TXN50827,2024-12-16,Dec 2024,Cash - Payroll,Bank,France SAS,Sales,0.0,15519.02
TXN50828,2024-08-08,Aug 2024,Accounts Receivable,AcctRec,Germany GmbH,,46658.19,0.0
TXN50828,2024-08-08,Aug 2024,Cash - Operating,Bank,Germany GmbH,,0.0,46658.19
TXN50829,2024-10-12,Oct 2024,Inventory - Finished Goods,OthCurrAsset,UK Operations,Sales,15948.12,0.0
TXN50829,2024-10-12,Oct 2024,Cash - Operating,Bank,UK Operations,Sales,0.0,15948.12
TXN50830,2024-06-12,Jun 2024,Sales Tax Payable,OthCurrLiab,Japan KK,Finance,15237.07,0.0
TXN50830,2024-06-12,Jun 2024,Cash - Payroll,Bank,Japan KK,Finance,0.0,15237.07
TXN50831,2024-04-06,Apr 2024,Short-term Loans,OthCurrLiab,UK Operations,Sales,9318.85,0.0
TXN50831,2024-04-06,Apr 2024,Inventory - Raw Materials,OthCurrAsset,UK Operations,Sales,0.0,9318.85
TXN50832,2024-05-16,May 2024,Office Supplies,Expense,France SAS,Operations,11685.91,0.0
TXN50832,2024-05-16,May 2024,Cash - Payroll,Bank,France SAS,Operations,0.0,11685.91
TXN50833,2024-12-18,Dec 2024,Interest Expense,OthExpense,Singapore Pte Ltd,Sales,25166.0,0.0
TXN50833,2024-12-18,Dec 2024,Inventory - Finished Goods,OthCurrAsset,Singapore Pte Ltd,Sales,0.0,25166.0
TXN50834,2024-04-04,Apr 2024,Cash - Payroll,Bank,Japan KK,Finance,23744.96,0.0
TXN50834,2024-04-04,Apr 2024,Product Sales,Income,Japan KK,Finance,0.0,23744.96
TXN50835,2024-07-28,Jul 2024,Inventory - Finished Goods,OthCurrAsset,US Headquarters,Marketing,47514.88,0.0
TXN50835,2024-07-28,Jul 2024,Service Revenue,Income,US Headquarters,Marketing,0.0,47514.88
TXN50836,2024-04-14,Apr 2024,Prepaid Expenses,OthCurrAsset,UK Operations,Sales,46362.45,0.0
TXN50836,2024-04-14,Apr 2024,Inventory - Raw Materials,OthCurrAsset,UK Operations,Sales,0.0,46362.45
TXN50837,2024-09-07,Sep 2024,Cost of Goods Sold - Products,COGS,Australia Pty Ltd,Finance,44390.59,0.0
TXN50837,2024-09-07,Sep 2024,Sales Tax Payable,OthCurrLiab,Australia Pty Ltd,Finance,0.0,44390.59
TXN50838,2024-07-13,Jul 2024,Short-term Loans,OthCurrLiab,Australia Pty Ltd,Finance,30614.09,0.0
TXN50838,2024-07-13,Jul 2024,Inventory - Raw Materials,OthCurrAsset,Australia Pty Ltd,Finance,0.0,30614.09
TXN50839,2024-09-25,Sep 2024,Cost of Goods Sold - Products,COGS,US Headquarters,Operations,5554.88,0.0
TXN50839,2024-09-25,Sep 2024,Allowance for Doubtful Accounts,AcctRec,US Headquarters,Operations,0.0,5554.88
TXN50840,2024-09-22,Sep 2024,Interest Expense,OthExpense,Japan KK,,2058.66,0.0
TXN50840,2024-09-22,Sep 2024,Cash - Operating,Bank,Japan KK,,0.0,2058.66
TXN50841,2024-04-07,Apr 2024,Prepaid Expenses,OthCurrAsset,Canada Inc,Finance,19962.19,0.0
TXN50841,2024-04-07,Apr 2024,Consulting Revenue,Income,Canada Inc,Finance,0.0,19962.19
TXN50842,2024-08-24,Aug 2024,Inventory - Finished Goods,OthCurrAsset,Germany GmbH,Finance,14791.54,0.0
TXN50842,2024-08-24,Aug 2024,Inventory - Raw Materials,OthCurrAsset,Germany GmbH,Finance,0.0,14791.54
TXN50843,2024-03-13,Mar 2024,Accounts Payable,AcctPay,Singapore Pte Ltd,,22639.73,0.0
TXN50843,2024-03-13,Mar 2024,Cash - Payroll,Bank,Singapore Pte Ltd,,0.0,22639.73
TXN50844,2024-10-26,Oct 2024,Salaries and Wages,Expense,Germany GmbH,Finance,20736.61,0.0
TXN50844,2024-10-26,Oct 2024,Accounts Payable,AcctPay,Germany GmbH,Finance,0.0,20736.61
TXN50845,2024-10-29,Oct 2024,Inventory - Finished Goods,OthCurrAsset,France SAS,Finance,4599.97,0.0
TXN50845,2024-10-29,Oct 2024,Service Revenue,Income,France SAS,Finance,0.0,4599.97
TXN50846,2024-03-04,Mar 2024,Cost of Goods Sold - Services,COGS,UK Operations,Engineering,35340.71,0.0
TXN50846,2024-03-04,Mar 2024,Accrued Expenses,AcctPay,UK Operations,Engineering,0.0,35340.71
TXN50847,2024-12-28,Dec 2024,Salaries and Wages,Expense,Japan KK,,39574.22,0.0
TXN50847,2024-12-28,Dec 2024,Prepaid Expenses,OthCurrAsset,Japan KK,,0.0,39574.22
TXN50848,2024-10-08,Oct 2024,Inventory - Raw Materials,OthCurrAsset,Japan KK,Engineering,38436.19,0.0
TXN50848,2024-10-08,Oct 2024,Prepaid Expenses,OthCurrAsset,Japan KK,Engineering,0.0,38436.19
TXN50849,2024-12-03,Dec 2024,Inventory - Finished Goods,OthCurrAsset,Germany GmbH,Sales,43454.05,0.0
TXN50849,2024-12-03,Dec 2024,Product Sales,Income,Germany GmbH,Sales,0.0,43454.05
TXN50850,2024-08-02,Aug 2024,Accounts Receivable,AcctRec,Canada Inc,Marketing,36535.07,0.0
TXN50850,2024-08-02,Aug 2024,Inventory - Finished Goods,OthCurrAsset,Canada Inc,Marketing,0.0,36535.07
TXN50851,2024-04-02,Apr 2024,Prepaid Expenses,OthCurrAsset,UK Operations,Sales,48025.65,0.0
TXN50851,2024-04-02,Apr 2024,Consulting Revenue,Income,UK Operations,Sales,0.0,48025.65
TXN50852,2024-01-07,Jan 2024,Cost of Goods Sold - Products,COGS,Singapore Pte Ltd,Finance,42785.01,0.0
TXN50852,2024-01-07,Jan 2024,Sales Tax Payable,OthCurrLiab,Singapore Pte Ltd,Finance,0.0,42785.01
TXN50853,2024-09-09,Sep 2024,Marketing and Advertising,Expense,France SAS,Sales,29484.23,0.0
TXN50853,2024-09-09,Sep 2024,Accounts Payable,AcctPay,France SAS,Sales,0.0,29484.23
TXN50854,2024-02-10,Feb 2024,Inventory - Finished Goods,OthCurrAsset,US Headquarters,Sales,44120.18,0.0
TXN50854,2024-02-10,Feb 2024,Service Revenue,Income,US Headquarters,Sales,0.0,44120.18
TXN50855,2024-01-26,Jan 2024,Cash - Payroll,Bank,Germany GmbH,Sales,2847.69,0.0
TXN50855,2024-01-26,Jan 2024,Product Sales,Income,Germany GmbH,Sales,0.0,2847.69
TXN50856,2024-12-07,Dec 2024,Allowance for Doubtful Accounts,AcctRec,Canada Inc,Marketing,46027.2,0.0
TXN50856,2024-12-07,Dec 2024,Service Revenue,Income,Canada Inc,Marketing,0.0,46027.2
TXN50857,2024-03-23,Mar 2024,IT and Software,Expense,Canada Inc,Operations,33080.14,0.0
TXN50857,2024-03-23,Mar 2024,Accrued Expenses,AcctPay,Canada Inc,Operations,0.0,33080.14
TXN50858,2024-03-31,Mar 2024,Cash - Operating,Bank,Singapore Pte Ltd,,28990.42,0.0
TXN50858,2024-03-31,Mar 2024,Prepaid Expenses,OthCurrAsset,Singapore Pte Ltd,,0.0,28990.42
TXN50859,2024-06-02,Jun 2024,Payroll Liabilities,OthCurrLiab,Australia Pty Ltd,Marketing,44886.74,0.0
TXN50859,2024-06-02,Jun 2024,Prepaid Expenses,OthCurrAsset,Australia Pty Ltd,Marketing,0.0,44886.74
TXN50860,2024-10-08,Oct 2024,Prepaid Expenses,OthCurrAsset,UK Operations,Marketing,23593.76,0.0
TXN50860,2024-10-08,Oct 2024,Consulting Revenue,Income,UK Operations,Marketing,0.0,23593.76
TXN50861,2024-06-17,Jun 2024,Cash - Operating,Bank,Japan KK,Operations,10571.28,0.0
TXN50861,2024-06-17,Jun 2024,Product Sales,Income,Japan KK,Operations,0.0,10571.28
TXN50862,2024-10-19,Oct 2024,Utilities,Expense,UK Operations,Finance,36231.3,0.0
TXN50862,2024-10-19,Oct 2024,Prepaid Expenses,OthCurrAsset,UK Operations,Finance,0.0,36231.3
TXN50863,2024-11-07,Nov 2024,Accounts Receivable,AcctRec,Australia Pty Ltd,Marketing,26317.02,0.0
TXN50863,2024-11-07,Nov 2024,Cash - Payroll,Bank,Australia Pty Ltd,Marketing,0.0,26317.02
TXN50864,2024-11-10,Nov 2024,Salaries and Wages,Expense,Singapore Pte Ltd,Operations,36486.32,0.0
TXN50864,2024-11-10,Nov 2024,Sales Tax Payable,OthCurrLiab,Singapore Pte Ltd,Operations,0.0,36486.32
TXN50865,2024-04-29,Apr 2024,Inventory - Finished Goods,OthCurrAsset,Canada Inc,Sales,178.89,0.0
TXN50865,2024-04-29,Apr 2024,Product Sales,Income,Canada Inc,Sales,0.0,178.89
TXN50866,2024-04-16,Apr 2024,Prepaid Expenses,OthCurrAsset,Japan KK,Finance,2370.06,0.0
TXN50866,2024-04-16,Apr 2024,Service Revenue,Income,Japan KK,Finance,0.0,2370.06
TXN50867,2024-01-06,Jan 2024,Sales Tax Payable,OthCurrLiab,France SAS,,14153.17,0.0
TXN50867,2024-01-06,Jan 2024,Accounts Receivable,AcctRec,France SAS,,0.0,14153.17
TXN50868,2024-09-16,Sep 2024,Allowance for Doubtful Accounts,AcctRec,Australia Pty Ltd,Engineering,5780.45,0.0
TXN50868,2024-09-16,Sep 2024,Product Sales,Income,Australia Pty Ltd,Engineering,0.0,5780.45
TXN50869,2024-03-30,Mar 2024,Allowance for Doubtful Accounts,AcctRec,France SAS,Marketing,41707.88,0.0
TXN50869,2024-03-30,Mar 2024,Allowance for Doubtful Accounts,AcctRec,France SAS,Marketing,0.0,41707.88
TXN50870,2024-01-19,Jan 2024,Professional Fees,Expense,Germany GmbH,Finance,7853.78,0.0
TXN50870,2024-01-19,Jan 2024,Inventory - Finished Goods,OthCurrAsset,Germany GmbH,Finance,0.0,7853.78
TXN50871,2024-08-24,Aug 2024,IT and Software,Expense,Japan KK,,2895.51,0.0
TXN50871,2024-08-24,Aug 2024,Short-term Loans,OthCurrLiab,Japan KK,,0.0,2895.51
TXN50872,2024-12-13,Dec 2024,Inventory - Finished Goods,OthCurrAsset,Australia Pty Ltd,Operations,26840.69,0.0
TXN50872,2024-12-13,Dec 2024,Consulting Revenue,Income,Australia Pty Ltd,Operations,0.0,26840.69
TXN50873,2024-06-30,Jun 2024,Allowance for Doubtful Accounts,AcctRec,UK Operations,Sales,14094.96,0.0
TXN50873,2024-06-30,Jun 2024,Service Revenue,Income,UK Operations,Sales,0.0,14094.96
TXN50874,2024-10-19,Oct 2024,Prepaid Expenses,OthCurrAsset,Japan KK,Sales,29800.07,0.0
TXN50874,2024-10-19,Oct 2024,Accounts Receivable,AcctRec,Japan KK,Sales,0.0,29800.07
TXN50875,2024-12-27,Dec 2024,Travel and Entertainment,Expense,Australia Pty Ltd,,1678.25,0.0
TXN50875,2024-12-27,Dec 2024,Allowance for Doubtful Accounts,AcctRec,Australia Pty Ltd,,0.0,1678.25
TXN50876,2024-07-09,Jul 2024,Cash - Operating,Bank,Singapore Pte Ltd,Marketing,10885.38,0.0
TXN50876,2024-07-09,Jul 2024,Consulting Revenue,Income,Singapore Pte Ltd,Marketing,0.0,10885.38
TXN50877,2024-01-20,Jan 2024,Allowance for Doubtful Accounts,AcctRec,France SAS,Engineering,22244.33,0.0
TXN50877,2024-01-20,Jan 2024,Service Revenue,Income,France SAS,Engineering,0.0,22244.33
TXN50878,2024-04-07,Apr 2024,Office Supplies,Expense,Australia Pty Ltd,Finance,36648.81,0.0
TXN50878,2024-04-07,Apr 2024,Accounts Receivable,AcctRec,Australia Pty Ltd,Finance,0.0,36648.81
TXN50879,2024-02-20,Feb 2024,Professional Fees,Expense,Germany GmbH,Sales,36256.07,0.0
TXN50879,2024-02-20,Feb 2024,Cash - Payroll,Bank,Germany GmbH,Sales,0.0,36256.07
TXN50880,2024-01-03,Jan 2024,Cost of Goods Sold - Services,COGS,Canada Inc,Engineering,34383.91,0.0
TXN50880,2024-01-03,Jan 2024,Inventory - Finished Goods,OthCurrAsset,Canada Inc,Engineering,0.0,34383.91
TXN50881,2024-08-27,Aug 2024,Utilities,Expense,US Headquarters,Engineering,26076.83,0.0
TXN50881,2024-08-27,Aug 2024,Cash - Operating,Bank,US Headquarters,Engineering,0.0,26076.83
TXN50882,2024-10-22,Oct 2024,Cash - Payroll,Bank,Canada Inc,,44617.57,0.0
TXN50882,2024-10-22,Oct 2024,Consulting Revenue,Income,Canada Inc,,0.0,44617.57
TXN50883,2024-05-21,May 2024,Cash - Payroll,Bank,Australia Pty Ltd,Finance,33589.09,0.0
TXN50883,2024-05-21,May 2024,Consulting Revenue,Income,Australia Pty Ltd,Finance,0.0,33589.09
TXN50884,2024-02-28,Feb 2024,Inventory - Raw Materials,OthCurrAsset,US Headquarters,Operations,28025.33,0.0
TXN50884,2024-02-28,Feb 2024,Consulting Revenue,Income,US Headquarters,Operations,0.0,28025.33
TXN50885,2024-10-08,Oct 2024,Sales Tax Payable,OthCurrLiab,Australia Pty Ltd,Marketing,7163.69,0.0
TXN50885,2024-10-08,Oct 2024,Inventory - Raw Materials,OthCurrAsset,Australia Pty Ltd,Marketing,0.0,7163.69
TXN50886,2024-05-05,May 2024,Inventory - Raw Materials,OthCurrAsset,Germany GmbH,Engineering,15637.74,0.0
TXN50886,2024-05-05,May 2024,Allowance for Doubtful Accounts,AcctRec,Germany GmbH,Engineering,0.0,15637.74
TXN50887,2024-01-26,Jan 2024,Cost of Goods Sold - Services,COGS,Germany GmbH,Engineering,23589.71,0.0
TXN50887,2024-01-26,Jan 2024,Prepaid Expenses,OthCurrAsset,Germany GmbH,Engineering,0.0,23589.71
TXN50888,2024-01-28,Jan 2024,Short-term Loans,OthCurrLiab,UK Operations,Finance,19656.65,0.0
TXN50888,2024-01-28,Jan 2024,Inventory - Finished Goods,OthCurrAsset,UK Operations,Finance,0.0,19656.65
TXN50889,2024-12-19,Dec 2024,Cash - Payroll,Bank,Singapore Pte Ltd,Operations,17845.65,0.0
TXN50889,2024-12-19,Dec 2024,Product Sales,Income,Singapore Pte Ltd,Operations,0.0,17845.65
TXN50890,2024-08-26,Aug 2024,Allowance for Doubtful Accounts,AcctRec,Germany GmbH,Engineering,40661.27,0.0
TXN50890,2024-08-26,Aug 2024,Cash - Operating,Bank,Germany GmbH,Engineering,0.0,40661.27
TXN50891,2024-08-21,Aug 2024,Payroll Liabilities,OthCurrLiab,Canada Inc,,32256.49,0.0
TXN50891,2024-08-21,Aug 2024,Cash - Payroll,Bank,Canada Inc,,0.0,32256.49
TXN50892,2024-04-24,Apr 2024,Salaries and Wages,Expense,Germany GmbH,Operations,12976.83,0.0
TXN50892,2024-04-24,Apr 2024,Short-term Loans,OthCurrLiab,Germany GmbH,Operations,0.0,12976.83
TXN50893,2024-12-06,Dec 2024,Allowance for Doubtful Accounts,AcctRec,Australia Pty Ltd,Marketing,22718.83,0.0
TXN50893,2024-12-06,Dec 2024,Product Sales,Income,Australia Pty Ltd,Marketing,0.0,22718.83
TXN50894,2024-06-28,Jun 2024,Accounts Receivable,AcctRec,Singapore Pte Ltd,Finance,42303.74,0.0
TXN50894,2024-06-28,Jun 2024,Service Revenue,Income,Singapore Pte Ltd,Finance,0.0,42303.74
TXN50895,2024-09-17,Sep 2024,Sales Tax Payable,OthCurrLiab,UK Operations,Finance,40895.89,0.0
TXN50895,2024-09-17,Sep 2024,Inventory - Raw Materials,OthCurrAsset,UK Operations,Finance,0.0,40895.89
TXN50896,2024-11-28,Nov 2024,Marketing and Advertising,Expense,UK Operations,Marketing,26684.0,0.0
TXN50896,2024-11-28,Nov 2024,Allowance for Doubtful Accounts,AcctRec,UK Operations,Marketing,0.0,26684.0
TXN50897,2024-11-13,Nov 2024,Cost of Goods Sold - Services,COGS,France SAS,Operations,8035.11,0.0
TXN50897,2024-11-13,Nov 2024,Inventory - Finished Goods,OthCurrAsset,France SAS,Operations,0.0,8035.11
TXN50898,2024-04-16,Apr 2024,Inventory - Finished Goods,OthCurrAsset,Japan KK,Finance,28403.84,0.0
TXN50898,2024-04-16,Apr 2024,Service Revenue,Income,Japan KK,Finance,0.0,28403.84
TXN50899,2024-03-29,Mar 2024,Travel and Entertainment,Expense,UK Operations,,46550.08,0.0
TXN50899,2024-03-29,Mar 2024,Cash - Payroll,Bank,UK Operations,,0.0,46550.08
TXN50900,2024-10-30,Oct 2024,Accrued Expenses,AcctPay,Singapore Pte Ltd,Marketing,27798.88,0.0
TXN50900,2024-10-30,Oct 2024,Accounts Receivable,AcctRec,Singapore Pte Ltd,Marketing,0.0,27798.88
TXN50901,2024-07-26,Jul 2024,Payroll Liabilities,OthCurrLiab,UK Operations,Operations,5526.36,0.0
TXN50901,2024-07-26,Jul 2024,Accounts Receivable,AcctRec,UK Operations,Operations,0.0,5526.36
TXN50902,2024-09-10,Sep 2024,Inventory - Raw Materials,OthCurrAsset,US Headquarters,Engineering,10958.83,0.0
TXN50902,2024-09-10,Sep 2024,Product Sales,Income,US Headquarters,Engineering,0.0,10958.83
TXN50903,2024-03-16,Mar 2024,IT and Software,Expense,Germany GmbH,Finance,26609.67,0.0
TXN50903,2024-03-16,Mar 2024,Accounts Payable,AcctPay,Germany GmbH,Finance,0.0,26609.67
TXN50904,2024-04-10,Apr 2024,Prepaid Expenses,OthCurrAsset,France SAS,,43883.53,0.0
TXN50904,2024-04-10,Apr 2024,Consulting Revenue,Income,France SAS,,0.0,43883.53
TXN50905,2024-08-10,Aug 2024,Professional Fees,Expense,Australia Pty Ltd,Engineering,29178.08,0.0
TXN50905,2024-08-10,Aug 2024,Prepaid Expenses,OthCurrAsset,Australia Pty Ltd,Engineering,0.0,29178.08
TXN50906,2024-03-06,Mar 2024,Cost of Goods Sold - Products,COGS,Canada Inc,Engineering,18524.22,0.0
TXN50906,2024-03-06,Mar 2024,Cash - Operating,Bank,Canada Inc,Engineering,0.0,18524.22
TXN50907,2024-12-26,Dec 2024,Cash - Payroll,Bank,Australia Pty Ltd,Engineering,43076.27,0.0
TXN50907,2024-12-26,Dec 2024,Allowance for Doubtful Accounts,AcctRec,Australia Pty Ltd,Engineering,0.0,43076.27
TXN50908,2024-12-25,Dec 2024,Marketing and Advertising,Expense,Japan KK,,15974.55,0.0
TXN50908,2024-12-25,Dec 2024,Prepaid Expenses,OthCurrAsset,Japan KK,,0.0,15974.55
TXN50909,2024-10-06,Oct 2024,Inventory - Raw Materials,OthCurrAsset,France SAS,,8753.16,0.0
TXN50909,2024-10-06,Oct 2024,Interest Income,OthIncome,France SAS,,0.0,8753.16
TXN50910,2024-07-03,Jul 2024,Cash - Payroll,Bank,Japan KK,Sales,14494.7,0.0
TXN50910,2024-07-03,Jul 2024,Cash - Payroll,Bank,Japan KK,Sales,0.0,14494.7
TXN50911,2024-01-06,Jan 2024,Payroll Liabilities,OthCurrLiab,UK Operations,,883.82,0.0
TXN50911,2024-01-06,Jan 2024,Inventory - Finished Goods,OthCurrAsset,UK Operations,,0.0,883.82
TXN50912,2024-08-11,Aug 2024,Payroll Liabilities,OthCurrLiab,Germany GmbH,Engineering,6947.29,0.0
TXN50912,2024-08-11,Aug 2024,Prepaid Expenses,OthCurrAsset,Germany GmbH,Engineering,0.0,6947.29
TXN50913,2024-12-22,Dec 2024,Professional Fees,Expense,Japan KK,Operations,9071.89,0.0
TXN50913,2024-12-22,Dec 2024,Accounts Payable,AcctPay,Japan KK,Operations,0.0,9071.89
TXN50914,2024-07-15,Jul 2024,IT and Software,Expense,Australia Pty Ltd,Sales,9370.97,0.0
TXN50914,2024-07-15,Jul 2024,Accounts Payable,AcctPay,Australia Pty Ltd,Sales,0.0,9370.97
TXN50915,2024-05-01,May 2024,Cost of Goods Sold - Products,COGS,Canada Inc,Finance,46335.57,0.0
TXN50915,2024-05-01,May 2024,Cash - Operating,Bank,Canada Inc,Finance,0.0,46335.57
TXN50916,2024-10-17,Oct 2024,Cost of Goods Sold - Services,COGS,Singapore Pte Ltd,,18492.07,0.0
TXN50916,2024-10-17,Oct 2024,Accounts Receivable,AcctRec,Singapore Pte Ltd,,0.0,18492.07
TXN50917,2024-09-26,Sep 2024,IT and Software,Expense,Canada Inc,Finance,25895.78,0.0
TXN50917,2024-09-26,Sep 2024,Cash - Payroll,Bank,Canada Inc,Finance,0.0,25895.78
TXN50918,2024-05-05,May 2024,Cash - Operating,Bank,Singapore Pte Ltd,,37110.14,0.0
TXN50918,2024-05-05,May 2024,Inventory - Finished Goods,OthCurrAsset,Singapore Pte Ltd,,0.0,37110.14
TXN50919,2024-11-20,Nov 2024,Prepaid Expenses,OthCurrAsset,Canada Inc,Operations,2733.44,0.0
TXN50919,2024-11-20,Nov 2024,Product Sales,Income,Canada Inc,Operations,0.0,2733.44
TXN50920,2024-08-28,Aug 2024,Office Supplies,Expense,Singapore Pte Ltd,Operations,45312.15,0.0
TXN50920,2024-08-28,Aug 2024,Prepaid Expenses,OthCurrAsset,Singapore Pte Ltd,Operations,0.0,45312.15
TXN50921,2024-06-29,Jun 2024,IT and Software,Expense,Canada Inc,Marketing,8458.66,0.0
TXN50921,2024-06-29,Jun 2024,Short-term Loans,OthCurrLiab,Canada Inc,Marketing,0.0,8458.66
TXN50922,2024-06-04,Jun 2024,IT and Software,Expense,Canada Inc,Engineering,31502.07,0.0
TXN50922,2024-06-04,Jun 2024,Cash - Operating,Bank,Canada Inc,Engineering,0.0,31502.07
TXN50923,2024-12-02,Dec 2024,Cash - Operating,Bank,Canada Inc,,31253.42,0.0
TXN50923,2024-12-02,Dec 2024,Service Revenue,Income,Canada Inc,,0.0,31253.42
TXN50924,2024-09-15,Sep 2024,Utilities,Expense,UK Operations,Marketing,12677.34,0.0
TXN50924,2024-09-15,Sep 2024,Inventory - Raw Materials,OthCurrAsset,UK Operations,Marketing,0.0,12677.34
TXN50925,2024-01-08,Jan 2024,Salaries and Wages,Expense,UK Operations,Operations,8813.23,0.0
TXN50925,2024-01-08,Jan 2024,Payroll Liabilities,OthCurrLiab,UK Operations,Operations,0.0,8813.23
TXN50926,2024-08-16,Aug 2024,Payroll Liabilities,OthCurrLiab,Australia Pty Ltd,Sales,13136.5,0.0
TXN50926,2024-08-16,Aug 2024,Cash - Payroll,Bank,Australia Pty Ltd,Sales,0.0,13136.5
TXN50927,2024-09-27,Sep 2024,Inventory - Raw Materials,OthCurrAsset,US Headquarters,Marketing,49205.18,0.0
TXN50927,2024-09-27,Sep 2024,Prepaid Expenses,OthCurrAsset,US Headquarters,Marketing,0.0,49205.18
TXN50928,2024-03-19,Mar 2024,Allowance for Doubtful Accounts,AcctRec,Singapore Pte Ltd,Finance,38541.35,0.0
TXN50928,2024-03-19,Mar 2024,Service Revenue,Income,Singapore Pte Ltd,Finance,0.0,38541.35
TXN50929,2024-04-17,Apr 2024,Accounts Payable,AcctPay,Australia Pty Ltd,Engineering,32148.83,0.0
TXN50929,2024-04-17,Apr 2024,Cash - Operating,Bank,Australia Pty Ltd,Engineering,0.0,32148.83
TXN50930,2024-03-26,Mar 2024,Professional Fees,Expense,Singapore Pte Ltd,Finance,23863.97,0.0
TXN50930,2024-03-26,Mar 2024,Allowance for Doubtful Accounts,AcctRec,Singapore Pte Ltd,Finance,0.0,23863.97
TXN50931,2024-07-13,Jul 2024,Marketing and Advertising,Expense,Japan KK,Finance,13205.0,0.0
TXN50931,2024-07-13,Jul 2024,Cash - Operating,Bank,Japan KK,Finance,0.0,13205.0
TXN50932,2024-05-27,May 2024,Inventory - Finished Goods,OthCurrAsset,Singapore Pte Ltd,Finance,33956.82,0.0
TXN50932,2024-05-27,May 2024,Cash - Operating,Bank,Singapore Pte Ltd,Finance,0.0,33956.82
TXN50933,2024-02-19,Feb 2024,Utilities,Expense,Australia Pty Ltd,Finance,30563.23,0.0
TXN50933,2024-02-19,Feb 2024,Inventory - Finished Goods,OthCurrAsset,Australia Pty Ltd,Finance,0.0,30563.23
TXN50934,2024-05-18,May 2024,Travel and Entertainment,Expense,Canada Inc,Engineering,12841.66,0.0
TXN50934,2024-05-18,May 2024,Payroll Liabilities,OthCurrLiab,Canada Inc,Engineering,0.0,12841.66
TXN50935,2024-05-03,May 2024,Salaries and Wages,Expense,France SAS,Operations,16936.59,0.0
TXN50935,2024-05-03,May 2024,Inventory - Finished Goods,OthCurrAsset,France SAS,Operations,0.0,16936.59
TXN50936,2024-10-07,Oct 2024,Allowance for Doubtful Accounts,AcctRec,US Headquarters,,522.96,0.0
TXN50936,2024-10-07,Oct 2024,Product Sales,Income,US Headquarters,,0.0,522.96
TXN50937,2024-09-25,Sep 2024,Accounts Receivable,AcctRec,UK Operations,,22352.52,0.0
TXN50937,2024-09-25,Sep 2024,Consulting Revenue,Income,UK Operations,,0.0,22352.52
TXN50938,2024-04-08,Apr 2024,Inventory - Raw Materials,OthCurrAsset,US Headquarters,Engineering,31007.92,0.0
TXN50938,2024-04-08,Apr 2024,Service Revenue,Income,US Headquarters,Engineering,0.0,31007.92
TXN50939,2024-11-02,Nov 2024,Inventory - Raw Materials,OthCurrAsset,UK Operations,,47893.99,0.0
TXN50939,2024-11-02,Nov 2024,Service Revenue,Income,UK Operations,,0.0,47893.99
TXN50940,2024-07-11,Jul 2024,Allowance for Doubtful Accounts,AcctRec,Germany GmbH,Engineering,34813.12,0.0
TXN50940,2024-07-11,Jul 2024,Product Sales,Income,Germany GmbH,Engineering,0.0,34813.12
TXN50941,2024-11-23,Nov 2024,Interest Expense,OthExpense,Singapore Pte Ltd,Marketing,38491.02,0.0
TXN50941,2024-11-23,Nov 2024,Inventory - Finished Goods,OthCurrAsset,Singapore Pte Ltd,Marketing,0.0,38491.02
TXN50942,2024-05-11,May 2024,Allowance for Doubtful Accounts,AcctRec,Germany GmbH,Engineering,13936.65,0.0
TXN50942,2024-05-11,May 2024,Consulting Revenue,Income,Germany GmbH,Engineering,0.0,13936.65
TXN50943,2024-01-31,Jan 2024,Cash - Payroll,Bank,Canada Inc,Marketing,8978.68,0.0
TXN50943,2024-01-31,Jan 2024,Interest Income,OthIncome,Canada Inc,Marketing,0.0,8978.68
TXN50944,2024-04-01,Apr 2024,Accrued Expenses,AcctPay,Singapore Pte Ltd,Engineering,7279.24,0.0
TXN50944,2024-04-01,Apr 2024,Inventory - Raw Materials,OthCurrAsset,Singapore Pte Ltd,Engineering,0.0,7279.24
TXN50945,2024-11-25,Nov 2024,Cash - Operating,Bank,UK Operations,Finance,35798.48,0.0
TXN50945,2024-11-25,Nov 2024,Product Sales,Income,UK Operations,Finance,0.0,35798.48
TXN50946,2024-10-19,Oct 2024,Interest Expense,OthExpense,Canada Inc,Finance,1036.36,0.0
TXN50946,2024-10-19,Oct 2024,Payroll Liabilities,OthCurrLiab,Canada Inc,Finance,0.0,1036.36
TXN50947,2024-01-01,Jan 2024,Accounts Receivable,AcctRec,US Headquarters,,19585.14,0.0
TXN50947,2024-01-01,Jan 2024,Interest Income,OthIncome,US Headquarters,,0.0,19585.14
TXN50948,2024-10-21,Oct 2024,Payroll Liabilities,OthCurrLiab,US Headquarters,Operations,35409.52,0.0
TXN50948,2024-10-21,Oct 2024,Allowance for Doubtful Accounts,AcctRec,US Headquarters,Operations,0.0,35409.52
TXN50949,2024-07-25,Jul 2024,Travel and Entertainment,Expense,UK Operations,Operations,11369.76,0.0
TXN50949,2024-07-25,Jul 2024,Cash - Payroll,Bank,UK Operations,Operations,0.0,11369.76
TXN50950,2024-10-17,Oct 2024,Interest Expense,OthExpense,Australia Pty Ltd,Marketing,34123.6,0.0
TXN50950,2024-10-17,Oct 2024,Payroll Liabilities,OthCurrLiab,Australia Pty Ltd,Marketing,0.0,34123.6
TXN50951,2024-02-16,Feb 2024,Prepaid Expenses,OthCurrAsset,Australia Pty Ltd,Operations,42681.77,0.0
TXN50951,2024-02-16,Feb 2024,Interest Income,OthIncome,Australia Pty Ltd,Operations,0.0,42681.77
TXN50952,2024-05-28,May 2024,Inventory - Finished Goods,OthCurrAsset,France SAS,Sales,27768.33,0.0
TXN50952,2024-05-28,May 2024,Cash - Payroll,Bank,France SAS,Sales,0.0,27768.33
TXN50953,2024-06-02,Jun 2024,Cost of Goods Sold - Services,COGS,Japan KK,Engineering,31567.79,0.0
TXN50953,2024-06-02,Jun 2024,Payroll Liabilities,OthCurrLiab,Japan KK,Engineering,0.0,31567.79
TXN50954,2024-08-12,Aug 2024,Inventory - Raw Materials,OthCurrAsset,France SAS,Sales,1881.34,0.0
TXN50954,2024-08-12,Aug 2024,Service Revenue,Income,France SAS,Sales,0.0,1881.34
TXN50955,2024-09-07,Sep 2024,Travel and Entertainment,Expense,Japan KK,Engineering,39657.68,0.0
TXN50955,2024-09-07,Sep 2024,Accrued Expenses,AcctPay,Japan KK,Engineering,0.0,39657.68
TXN50956,2024-08-18,Aug 2024,Inventory - Finished Goods,OthCurrAsset,US Headquarters,Engineering,17030.33,0.0
TXN50956,2024-08-18,Aug 2024,Product Sales,Income,US Headquarters,Engineering,0.0,17030.33
TXN50957,2024-07-26,Jul 2024,Travel and Entertainment,Expense,UK Operations,Sales,40374.47,0.0
TXN50957,2024-07-26,Jul 2024,Payroll Liabilities,OthCurrLiab,UK Operations,Sales,0.0,40374.47
TXN50958,2024-10-01,Oct 2024,Cash - Operating,Bank,Germany GmbH,,29009.35,0.0
TXN50958,2024-10-01,Oct 2024,Inventory - Finished Goods,OthCurrAsset,Germany GmbH,,0.0,29009.35
TXN50959,2024-03-13,Mar 2024,Inventory - Raw Materials,OthCurrAsset,Singapore Pte Ltd,,1051.24,0.0
TXN50959,2024-03-13,Mar 2024,Cash - Operating,Bank,Singapore Pte Ltd,,0.0,1051.24
TXN50960,2024-05-04,May 2024,Accounts Receivable,AcctRec,Germany GmbH,Engineering,8695.23,0.0
TXN50960,2024-05-04,May 2024,Product Sales,Income,Germany GmbH,Engineering,0.0,8695.23
TXN50961,2024-08-21,Aug 2024,Accounts Payable,AcctPay,Germany GmbH,Operations,3291.49,0.0
TXN50961,2024-08-21,Aug 2024,Allowance for Doubtful Accounts,AcctRec,Germany GmbH,Operations,0.0,3291.49
TXN50962,2024-10-31,Oct 2024,Interest Expense,OthExpense,France SAS,Engineering,40242.23,0.0
TXN50962,2024-10-31,Oct 2024,Prepaid Expenses,OthCurrAsset,France SAS,Engineering,0.0,40242.23
TXN50963,2024-06-15,Jun 2024,Prepaid Expenses,OthCurrAsset,UK Operations,,28840.75,0.0
TXN50963,2024-06-15,Jun 2024,Service Revenue,Income,UK Operations,,0.0,28840.75
TXN50964,2024-01-24,Jan 2024,Prepaid Expenses,OthCurrAsset,Germany GmbH,Marketing,3254.77,0.0
TXN50964,2024-01-24,Jan 2024,Interest Income,OthIncome,Germany GmbH,Marketing,0.0,3254.77
TXN50965,2024-03-27,Mar 2024,Inventory - Raw Materials,OthCurrAsset,Australia Pty Ltd,Operations,8333.81,0.0
TXN50965,2024-03-27,Mar 2024,Product Sales,Income,Australia Pty Ltd,Operations,0.0,8333.81
TXN50966,2024-03-09,Mar 2024,Accounts Payable,AcctPay,UK Operations,,30660.83,0.0
TXN50966,2024-03-09,Mar 2024,Allowance for Doubtful Accounts,AcctRec,UK Operations,,0.0,30660.83
TXN50967,2024-02-11,Feb 2024,Inventory - Finished Goods,OthCurrAsset,US Headquarters,Engineering,9052.7,0.0
TXN50967,2024-02-11,Feb 2024,Consulting Revenue,Income,US Headquarters,Engineering,0.0,9052.7
TXN50968,2024-08-01,Aug 2024,Accounts Receivable,AcctRec,Singapore Pte Ltd,,6431.93,0.0
TXN50968,2024-08-01,Aug 2024,Interest Income,OthIncome,Singapore Pte Ltd,,0.0,6431.93
TXN50969,2024-07-29,Jul 2024,Cash - Payroll,Bank,France SAS,Sales,30565.85,0.0
TXN50969,2024-07-29,Jul 2024,Interest Income,OthIncome,France SAS,Sales,0.0,30565.85
TXN50970,2024-11-09,Nov 2024,Allowance for Doubtful Accounts,AcctRec,UK Operations,,41341.53,0.0
TXN50970,2024-11-09,Nov 2024,Product Sales,Income,UK Operations,,0.0,41341.53
TXN50971,2024-10-12,Oct 2024,Cost of Goods Sold - Services,COGS,France SAS,Sales,5963.64,0.0
TXN50971,2024-10-12,Oct 2024,Sales Tax Payable,OthCurrLiab,France SAS,Sales,0.0,5963.64
TXN50972,2024-07-04,Jul 2024,Utilities,Expense,France SAS,Finance,38539.53,0.0
TXN50972,2024-07-04,Jul 2024,Cash - Operating,Bank,France SAS,Finance,0.0,38539.53
TXN50973,2024-04-09,Apr 2024,Allowance for Doubtful Accounts,AcctRec,UK Operations,Sales,34293.66,0.0
TXN50973,2024-04-09,Apr 2024,Allowance for Doubtful Accounts,AcctRec,UK Operations,Sales,0.0,34293.66
TXN50974,2024-03-31,Mar 2024,Accounts Receivable,AcctRec,Germany GmbH,,46141.38,0.0
TXN50974,2024-03-31,Mar 2024,Consulting Revenue,Income,Germany GmbH,,0.0,46141.38
TXN50975,2024-04-17,Apr 2024,Payroll Liabilities,OthCurrLiab,Japan KK,Marketing,16781.3,0.0
TXN50975,2024-04-17,Apr 2024,Cash - Operating,Bank,Japan KK,Marketing,0.0,16781.3
TXN50976,2024-02-23,Feb 2024,Payroll Liabilities,OthCurrLiab,US Headquarters,Operations,8876.79,0.0
TXN50976,2024-02-23,Feb 2024,Inventory - Raw Materials,OthCurrAsset,US Headquarters,Operations,0.0,8876.79
TXN50977,2024-02-29,Feb 2024,Office Supplies,Expense,UK Operations,Sales,36098.01,0.0
TXN50977,2024-02-29,Feb 2024,Prepaid Expenses,OthCurrAsset,UK Operations,Sales,0.0,36098.01
TXN50978,2024-04-11,Apr 2024,Cash - Operating,Bank,Australia Pty Ltd,Sales,38970.87,0.0
TXN50978,2024-04-11,Apr 2024,Service Revenue,Income,Australia Pty Ltd,Sales,0.0,38970.87
TXN50979,2024-07-30,Jul 2024,Inventory - Raw Materials,OthCurrAsset,France SAS,Finance,44579.12,0.0
TXN50979,2024-07-30,Jul 2024,Interest Income,OthIncome,France SAS,Finance,0.0,44579.12
TXN50980,2024-01-28,Jan 2024,Salaries and Wages,Expense,Japan KK,Sales,10886.64,0.0
TXN50980,2024-01-28,Jan 2024,Prepaid Expenses,OthCurrAsset,Japan KK,Sales,0.0,10886.64
TXN50981,2024-07-10,Jul 2024,Utilities,Expense,Germany GmbH,Finance,36019.08,0.0
TXN50981,2024-07-10,Jul 2024,Allowance for Doubtful Accounts,AcctRec,Germany GmbH,Finance,0.0,36019.08
TXN50982,2024-06-20,Jun 2024,Cash - Payroll,Bank,Germany GmbH,Engineering,34641.31,0.0
TXN50982,2024-06-20,Jun 2024,Product Sales,Income,Germany GmbH,Engineering,0.0,34641.31
TXN50983,2024-08-26,Aug 2024,Accounts Receivable,AcctRec,Singapore Pte Ltd,Finance,8642.95,0.0
TXN50983,2024-08-26,Aug 2024,Service Revenue,Income,Singapore Pte Ltd,Finance,0.0,8642.95
TXN50984,2024-11-22,Nov 2024,Cash - Operating,Bank,Germany GmbH,Operations,48509.78,0.0
TXN50984,2024-11-22,Nov 2024,Allowance for Doubtful Accounts,AcctRec,Germany GmbH,Operations,0.0,48509.78
TXN50985,2024-09-24,Sep 2024,Sales Tax Payable,OthCurrLiab,Singapore Pte Ltd,Sales,29619.89,0.0
TXN50985,2024-09-24,Sep 2024,Cash - Operating,Bank,Singapore Pte Ltd,Sales,0.0,29619.89
TXN50986,2024-08-07,Aug 2024,IT and Software,Expense,France SAS,Sales,16432.07,0.0
TXN50986,2024-08-07,Aug 2024,Accounts Receivable,AcctRec,France SAS,Sales,0.0,16432.07
TXN50987,2024-10-20,Oct 2024,Allowance for Doubtful Accounts,AcctRec,US Headquarters,Finance,49011.18,0.0
TXN50987,2024-10-20,Oct 2024,Product Sales,Income,US Headquarters,Finance,0.0,49011.18
TXN50988,2024-08-05,Aug 2024,Cost of Goods Sold - Services,COGS,Japan KK,Finance,40504.85,0.0
TXN50988,2024-08-05,Aug 2024,Accounts Payable,AcctPay,Japan KK,Finance,0.0,40504.85
TXN50989,2024-09-10,Sep 2024,Inventory - Finished Goods,OthCurrAsset,France SAS,Engineering,27968.5,0.0
TXN50989,2024-09-10,Sep 2024,Interest Income,OthIncome,France SAS,Engineering,0.0,27968.5
TXN50990,2024-04-21,Apr 2024,Cost of Goods Sold - Services,COGS,Germany GmbH,Marketing,14859.94,0.0
TXN50990,2024-04-21,Apr 2024,Cash - Operating,Bank,Germany GmbH,Marketing,0.0,14859.94
TXN50991,2024-09-02,Sep 2024,Inventory - Finished Goods,OthCurrAsset,Canada Inc,Sales,35194.89,0.0
TXN50991,2024-09-02,Sep 2024,Inventory - Raw Materials,OthCurrAsset,Canada Inc,Sales,0.0,35194.89
TXN50992,2024-01-13,Jan 2024,Allowance for Doubtful Accounts,AcctRec,Singapore Pte Ltd,Finance,38614.57,0.0
TXN50992,2024-01-13,Jan 2024,Cash - Payroll,Bank,Singapore Pte Ltd,Finance,0.0,38614.57
TXN50993,2024-07-08,Jul 2024,Cash - Operating,Bank,Singapore Pte Ltd,,31706.77,0.0
TXN50993,2024-07-08,Jul 2024,Allowance for Doubtful Accounts,AcctRec,Singapore Pte Ltd,,0.0,31706.77
TXN50994,2024-12-19,Dec 2024,Utilities,Expense,Australia Pty Ltd,Operations,1732.44,0.0
TXN50994,2024-12-19,Dec 2024,Short-term Loans,OthCurrLiab,Australia Pty Ltd,Operations,0.0,1732.44
TXN50995,2024-11-09,Nov 2024,Inventory - Finished Goods,OthCurrAsset,France SAS,,4139.86,0.0
TXN50995,2024-11-09,Nov 2024,Cash - Operating,Bank,France SAS,,0.0,4139.86
TXN50996,2024-09-20,Sep 2024,IT and Software,Expense,Australia Pty Ltd,Engineering,5637.23,0.0
TXN50996,2024-09-20,Sep 2024,Cash - Operating,Bank,Australia Pty Ltd,Engineering,0.0,5637.23
TXN50997,2024-07-06,Jul 2024,Short-term Loans,OthCurrLiab,Australia Pty Ltd,Sales,32443.82,0.0
TXN50997,2024-07-06,Jul 2024,Inventory - Finished Goods,OthCurrAsset,Australia Pty Ltd,Sales,0.0,32443.82
TXN50998,2024-04-14,Apr 2024,Allowance for Doubtful Accounts,AcctRec,Germany GmbH,Marketing,12007.77,0.0
TXN50998,2024-04-14,Apr 2024,Service Revenue,Income,Germany GmbH,Marketing,0.0,12007.77
TXN50999,2024-04-25,Apr 2024,Marketing and Advertising,Expense,Australia Pty Ltd,Marketing,44906.86,0.0
TXN50999,2024-04-25,Apr 2024,Inventory - Raw Materials,OthCurrAsset,Australia Pty Ltd,Marketing,0.0,44906.86
TXN51000,2024-01-28,Jan 2024,Professional Fees,Expense,UK Operations,Marketing,17326.81,0.0
TXN51000,2024-01-28,Jan 2024,Cash - Payroll,Bank,UK Operations,Marketing,0.0,17326.81
TXN51001,2024-08-28,Aug 2024,Accounts Payable,AcctPay,Canada Inc,Finance,31085.47,0.0
TXN51001,2024-08-28,Aug 2024,Cash - Payroll,Bank,Canada Inc,Finance,0.0,31085.47
TXN51002,2024-08-22,Aug 2024,Cash - Operating,Bank,UK Operations,Engineering,19595.06,0.0
TXN51002,2024-08-22,Aug 2024,Product Sales,Income,UK Operations,Engineering,0.0,19595.06
TXN51003,2024-03-25,Mar 2024,Rent Expense,Expense,Canada Inc,Engineering,34884.4,0.0
TXN51003,2024-03-25,Mar 2024,Accrued Expenses,AcctPay,Canada Inc,Engineering,0.0,34884.4
TXN51004,2024-11-17,Nov 2024,Salaries and Wages,Expense,US Headquarters,Marketing,20885.18,0.0
TXN51004,2024-11-17,Nov 2024,Accounts Payable,AcctPay,US Headquarters,Marketing,0.0,20885.18
TXN51005,2024-06-26,Jun 2024,Cash - Payroll,Bank,Japan KK,Finance,36911.69,0.0
TXN51005,2024-06-26,Jun 2024,Product Sales,Income,Japan KK,Finance,0.0,36911.69
TXN51006,2024-01-12,Jan 2024,Office Supplies,Expense,France SAS,Operations,32269.13,0.0
TXN51006,2024-01-12,Jan 2024,Payroll Liabilities,OthCurrLiab,France SAS,Operations,0.0,32269.13
TXN51007,2024-11-26,Nov 2024,Professional Fees,Expense,Australia Pty Ltd,Finance,29708.53,0.0
TXN51007,2024-11-26,Nov 2024,Accounts Payable,AcctPay,Australia Pty Ltd,Finance,0.0,29708.53
TXN51008,2024-08-22,Aug 2024,Accrued Expenses,AcctPay,Canada Inc,Operations,6684.52,0.0
TXN51008,2024-08-22,Aug 2024,Prepaid Expenses,OthCurrAsset,Canada Inc,Operations,0.0,6684.52
TXN51009,2024-05-13,May 2024,Prepaid Expenses,OthCurrAsset,France SAS,Finance,18657.93,0.0
TXN51009,2024-05-13,May 2024,Product Sales,Income,France SAS,Finance,0.0,18657.93
TXN51010,2024-03-16,Mar 2024,Cash - Payroll,Bank,Australia Pty Ltd,Marketing,22850.73,0.0
TXN51010,2024-03-16,Mar 2024,Consulting Revenue,Income,Australia Pty Ltd,Marketing,0.0,22850.73
TXN51011,2024-04-03,Apr 2024,Salaries and Wages,Expense,Germany GmbH,,34673.68,0.0
TXN51011,2024-04-03,Apr 2024,Accounts Receivable,AcctRec,Germany GmbH,,0.0,34673.68
TXN51012,2024-05-01,May 2024,Travel and Entertainment,Expense,UK Operations,Engineering,49689.27,0.0
TXN51012,2024-05-01,May 2024,Inventory - Raw Materials,OthCurrAsset,UK Operations,Engineering,0.0,49689.27
TXN51013,2024-07-08,Jul 2024,Accounts Receivable,AcctRec,Germany GmbH,Sales,28168.11,0.0
TXN51013,2024-07-08,Jul 2024,Consulting Revenue,Income,Germany GmbH,Sales,0.0,28168.11
TXN51014,2024-03-16,Mar 2024,Accounts Receivable,AcctRec,Australia Pty Ltd,Finance,27039.34,0.0
TXN51014,2024-03-16,Mar 2024,Product Sales,Income,Australia Pty Ltd,Finance,0.0,27039.34
TXN51015,2024-01-13,Jan 2024,Accounts Receivable,AcctRec,Japan KK,Finance,38449.06,0.0
TXN51015,2024-01-13,Jan 2024,Cash - Payroll,Bank,Japan KK,Finance,0.0,38449.06
TXN51016,2024-01-03,Jan 2024,Utilities,Expense,Australia Pty Ltd,,35302.02,0.0
TXN51016,2024-01-03,Jan 2024,Sales Tax Payable,OthCurrLiab,Australia Pty Ltd,,0.0,35302.02
TXN51017,2024-12-07,Dec 2024,Accounts Receivable,AcctRec,Germany GmbH,Operations,36454.33,0.0
TXN51017,2024-12-07,Dec 2024,Inventory - Finished Goods,OthCurrAsset,Germany GmbH,Operations,0.0,36454.33
TXN51018,2024-02-27,Feb 2024,Utilities,Expense,Singapore Pte Ltd,Engineering,7057.22,0.0
TXN51018,2024-02-27,Feb 2024,Cash - Operating,Bank,Singapore Pte Ltd,Engineering,0.0,7057.22
TXN51019,2024-07-24,Jul 2024,Inventory - Raw Materials,OthCurrAsset,France SAS,Finance,17933.94,0.0
TXN51019,2024-07-24,Jul 2024,Service Revenue,Income,France SAS,Finance,0.0,17933.94
TXN51020,2024-10-25,Oct 2024,Prepaid Expenses,OthCurrAsset,France SAS,Marketing,9866.21,0.0
TXN51020,2024-10-25,Oct 2024,Interest Income,OthIncome,France SAS,Marketing,0.0,9866.21
TXN51021,2024-12-12,Dec 2024,IT and Software,Expense,UK Operations,Operations,19781.74,0.0
TXN51021,2024-12-12,Dec 2024,Sales Tax Payable,OthCurrLiab,UK Operations,Operations,0.0,19781.74
TXN51022,2024-09-18,Sep 2024,Prepaid Expenses,OthCurrAsset,US Headquarters,,18117.14,0.0
TXN51022,2024-09-18,Sep 2024,Interest Income,OthIncome,US Headquarters,,0.0,18117.14
TXN51023,2024-07-08,Jul 2024,Accounts Receivable,AcctRec,Japan KK,Marketing,708.32,0.0
TXN51023,2024-07-08,Jul 2024,Interest Income,OthIncome,Japan KK,Marketing,0.0,708.32
TXN51024,2024-10-14,Oct 2024,Marketing and Advertising,Expense,UK Operations,Sales,36419.88,0.0
TXN51024,2024-10-14,Oct 2024,Accounts Payable,AcctPay,UK Operations,Sales,0.0,36419.88
TXN51025,2024-05-27,May 2024,Marketing and Advertising,Expense,Germany GmbH,,48521.0,0.0
TXN51025,2024-05-27,May 2024,Accounts Receivable,AcctRec,Germany GmbH,,0.0,48521.0
TXN51026,2024-10-27,Oct 2024,Professional Fees,Expense,UK Operations,Sales,10468.41,0.0
TXN51026,2024-10-27,Oct 2024,Inventory - Finished Goods,OthCurrAsset,UK Operations,Sales,0.0,10468.41
TXN51027,2024-02-03,Feb 2024,Utilities,Expense,Japan KK,Engineering,430.28,0.0
TXN51027,2024-02-03,Feb 2024,Prepaid Expenses,OthCurrAsset,Japan KK,Engineering,0.0,430.28
TXN51028,2024-03-30,Mar 2024,Cash - Payroll,Bank,Singapore Pte Ltd,,28439.02,0.0
TXN51028,2024-03-30,Mar 2024,Cash - Payroll,Bank,Singapore Pte Ltd,,0.0,28439.02
TXN51029,2024-07-14,Jul 2024,Sales Tax Payable,OthCurrLiab,Canada Inc,Operations,24580.22,0.0
TXN51029,2024-07-14,Jul 2024,Prepaid Expenses,OthCurrAsset,Canada Inc,Operations,0.0,24580.22
TXN51030,2024-10-26,Oct 2024,Cost of Goods Sold - Products,COGS,Canada Inc,Finance,28008.12,0.0
TXN51030,2024-10-26,Oct 2024,Cash - Operating,Bank,Canada Inc,Finance,0.0,28008.12
TXN51031,2024-03-19,Mar 2024,Payroll Liabilities,OthCurrLiab,Canada Inc,Marketing,47805.73,0.0
TXN51031,2024-03-19,Mar 2024,Cash - Operating,Bank,Canada Inc,Marketing,0.0,47805.73
TXN51032,2024-11-30,Nov 2024,Inventory - Finished Goods,OthCurrAsset,Canada Inc,Finance,9050.68,0.0
TXN51032,2024-11-30,Nov 2024,Cash - Payroll,Bank,Canada Inc,Finance,0.0,9050.68
TXN51033,2024-01-15,Jan 2024,Inventory - Raw Materials,OthCurrAsset,UK Operations,Marketing,24703.21,0.0
TXN51033,2024-01-15,Jan 2024,Inventory - Finished Goods,OthCurrAsset,UK Operations,Marketing,0.0,24703.21
TXN51034,2024-07-04,Jul 2024,Inventory - Finished Goods,OthCurrAsset,Singapore Pte Ltd,Operations,21859.82,0.0
TXN51034,2024-07-04,Jul 2024,Interest Income,OthIncome,Singapore Pte Ltd,Operations,0.0,21859.82
TXN51035,2024-12-21,Dec 2024,Utilities,Expense,UK Operations,Marketing,25675.04,0.0
TXN51035,2024-12-21,Dec 2024,Accounts Receivable,AcctRec,UK Operations,Marketing,0.0,25675.04
TXN51036,2024-10-24,Oct 2024,Cash - Payroll,Bank,US Headquarters,Sales,16052.09,0.0
TXN51036,2024-10-24,Oct 2024,Accounts Receivable,AcctRec,US Headquarters,Sales,0.0,16052.09
TXN51037,2024-03-24,Mar 2024,Office Supplies,Expense,US Headquarters,Marketing,18122.06,0.0
TXN51037,2024-03-24,Mar 2024,Cash - Operating,Bank,US Headquarters,Marketing,0.0,18122.06
TXN51038,2024-05-28,May 2024,Cash - Payroll,Bank,Canada Inc,Operations,31983.43,0.0
TXN51038,2024-05-28,May 2024,Service Revenue,Income,Canada Inc,Operations,0.0,31983.43
TXN51039,2024-02-18,Feb 2024,Prepaid Expenses,OthCurrAsset,Germany GmbH,Operations,16198.08,0.0
TXN51039,2024-02-18,Feb 2024,Consulting Revenue,Income,Germany GmbH,Operations,0.0,16198.08
TXN51040,2024-05-18,May 2024,Salaries and Wages,Expense,Australia Pty Ltd,Engineering,26767.57,0.0
TXN51040,2024-05-18,May 2024,Cash - Operating,Bank,Australia Pty Ltd,Engineering,0.0,26767.57
TXN51041,2024-03-11,Mar 2024,Salaries and Wages,Expense,Canada Inc,Marketing,38962.51,0.0
TXN51041,2024-03-11,Mar 2024,Cash - Payroll,Bank,Canada Inc,Marketing,0.0,38962.51
TXN51042,2024-04-21,Apr 2024,Inventory - Raw Materials,OthCurrAsset,Germany GmbH,Operations,11133.56,0.0
TXN51042,2024-04-21,Apr 2024,Product Sales,Income,Germany GmbH,Operations,0.0,11133.56
TXN51043,2024-08-01,Aug 2024,Cash - Operating,Bank,Singapore Pte Ltd,Engineering,5916.63,0.0
TXN51043,2024-08-01,Aug 2024,Interest Income,OthIncome,Singapore Pte Ltd,Engineering,0.0,5916.63
TXN51044,2024-06-27,Jun 2024,Short-term Loans,OthCurrLiab,Canada Inc,,18192.17,0.0
TXN51044,2024-06-27,Jun 2024,Inventory - Raw Materials,OthCurrAsset,Canada Inc,,0.0,18192.17
TXN51045,2024-06-24,Jun 2024,Accounts Payable,AcctPay,Germany GmbH,,15303.74,0.0
TXN51045,2024-06-24,Jun 2024,Cash - Payroll,Bank,Germany GmbH,,0.0,15303.74
TXN51046,2024-03-06,Mar 2024,Cash - Payroll,Bank,Germany GmbH,,11406.06,0.0
TXN51046,2024-03-06,Mar 2024,Product Sales,Income,Germany GmbH,,0.0,11406.06
TXN51047,2024-08-05,Aug 2024,Marketing and Advertising,Expense,UK Operations,Engineering,1038.44,0.0
TXN51047,2024-08-05,Aug 2024,Cash - Operating,Bank,UK Operations,Engineering,0.0,1038.44
TXN51048,2024-04-10,Apr 2024,Cost of Goods Sold - Products,COGS,UK Operations,Engineering,39673.45,0.0
TXN51048,2024-04-10,Apr 2024,Accounts Payable,AcctPay,UK Operations,Engineering,0.0,39673.45
TXN51049,2024-03-01,Mar 2024,Cost of Goods Sold - Services,COGS,Canada Inc,Engineering,3405.74,0.0
TXN51049,2024-03-01,Mar 2024,Cash - Payroll,Bank,Canada Inc,Engineering,0.0,3405.74
TXN51050,2024-11-04,Nov 2024,Accounts Receivable,AcctRec,France SAS,Operations,45068.63,0.0
TXN51050,2024-11-04,Nov 2024,Product Sales,Income,France SAS,Operations,0.0,45068.63
TXN51051,2024-02-16,Feb 2024,Accounts Receivable,AcctRec,Germany GmbH,,47098.06,0.0
TXN51051,2024-02-16,Feb 2024,Accounts Receivable,AcctRec,Germany GmbH,,0.0,47098.06
TXN51052,2024-03-23,Mar 2024,Inventory - Raw Materials,OthCurrAsset,France SAS,Operations,28554.74,0.0
TXN51052,2024-03-23,Mar 2024,Product Sales,Income,France SAS,Operations,0.0,28554.74
TXN51053,2024-09-27,Sep 2024,Prepaid Expenses,OthCurrAsset,France SAS,,9658.22,0.0
TXN51053,2024-09-27,Sep 2024,Product Sales,Income,France SAS,,0.0,9658.22
TXN51054,2024-02-20,Feb 2024,IT and Software,Expense,France SAS,Operations,42579.71,0.0
TXN51054,2024-02-20,Feb 2024,Accounts Receivable,AcctRec,France SAS,Operations,0.0,42579.71
TXN51055,2024-08-13,Aug 2024,Allowance for Doubtful Accounts,AcctRec,UK Operations,Sales,41753.63,0.0
TXN51055,2024-08-13,Aug 2024,Cash - Payroll,Bank,UK Operations,Sales,0.0,41753.63
TXN51056,2024-09-20,Sep 2024,Cash - Operating,Bank,France SAS,Finance,5730.99,0.0
TXN51056,2024-09-20,Sep 2024,Allowance for Doubtful Accounts,AcctRec,France SAS,Finance,0.0,5730.99
TXN51057,2024-02-26,Feb 2024,Short-term Loans,OthCurrLiab,Germany GmbH,Finance,38137.46,0.0
TXN51057,2024-02-26,Feb 2024,Inventory - Finished Goods,OthCurrAsset,Germany GmbH,Finance,0.0,38137.46
TXN51058,2024-01-21,Jan 2024,Travel and Entertainment,Expense,UK Operations,Marketing,24736.27,0.0
TXN51058,2024-01-21,Jan 2024,Sales Tax Payable,OthCurrLiab,UK Operations,Marketing,0.0,24736.27
TXN51059,2024-06-08,Jun 2024,Prepaid Expenses,OthCurrAsset,Singapore Pte Ltd,Sales,27740.4,0.0
TXN51059,2024-06-08,Jun 2024,Interest Income,OthIncome,Singapore Pte Ltd,Sales,0.0,27740.4
TXN51060,2024-04-06,Apr 2024,Cost of Goods Sold - Products,COGS,UK Operations,Finance,46960.19,0.0
TXN51060,2024-04-06,Apr 2024,Payroll Liabilities,OthCurrLiab,UK Operations,Finance,0.0,46960.19
TXN51061,2024-09-08,Sep 2024,Cost of Goods Sold - Services,COGS,UK Operations,Finance,21959.11,0.0
TXN51061,2024-09-08,Sep 2024,Cash - Payroll,Bank,UK Operations,Finance,0.0,21959.11
TXN51062,2024-03-14,Mar 2024,Inventory - Finished Goods,OthCurrAsset,Japan KK,Finance,34782.35,0.0
TXN51062,2024-03-14,Mar 2024,Cash - Payroll,Bank,Japan KK,Finance,0.0,34782.35
TXN51063,2024-02-03,Feb 2024,Marketing and Advertising,Expense,Australia Pty Ltd,Sales,16997.72,0.0
TXN51063,2024-02-03,Feb 2024,Cash - Payroll,Bank,Australia Pty Ltd,Sales,0.0,16997.72
TXN51064,2024-04-29,Apr 2024,Short-term Loans,OthCurrLiab,Japan KK,,25005.59,0.0
TXN51064,2024-04-29,Apr 2024,Inventory - Raw Materials,OthCurrAsset,Japan KK,,0.0,25005.59
TXN51065,2024-05-19,May 2024,Marketing and Advertising,Expense,Japan KK,Marketing,23843.73,0.0
TXN51065,2024-05-19,May 2024,Accounts Payable,AcctPay,Japan KK,Marketing,0.0,23843.73
TXN51066,2024-09-18,Sep 2024,Accounts Receivable,AcctRec,Canada Inc,Sales,38423.18,0.0
TXN51066,2024-09-18,Sep 2024,Interest Income,OthIncome,Canada Inc,Sales,0.0,38423.18
TXN51067,2024-09-11,Sep 2024,Inventory - Finished Goods,OthCurrAsset,France SAS,,47125.91,0.0
TXN51067,2024-09-11,Sep 2024,Product Sales,Income,France SAS,,0.0,47125.91
TXN51068,2024-02-04,Feb 2024,Inventory - Raw Materials,OthCurrAsset,Singapore Pte Ltd,,1434.77,0.0
TXN51068,2024-02-04,Feb 2024,Consulting Revenue,Income,Singapore Pte Ltd,,0.0,1434.77
TXN51069,2024-03-19,Mar 2024,Short-term Loans,OthCurrLiab,Canada Inc,Operations,31199.31,0.0
TXN51069,2024-03-19,Mar 2024,Prepaid Expenses,OthCurrAsset,Canada Inc,Operations,0.0,31199.31
TXN51070,2024-09-09,Sep 2024,Professional Fees,Expense,Singapore Pte Ltd,Sales,14748.79,0.0
TXN51070,2024-09-09,Sep 2024,Inventory - Raw Materials,OthCurrAsset,Singapore Pte Ltd,Sales,0.0,14748.79
TXN51071,2024-10-04,Oct 2024,Cash - Operating,Bank,Australia Pty Ltd,Operations,27376.34,0.0
TXN51071,2024-10-04,Oct 2024,Allowance for Doubtful Accounts,AcctRec,Australia Pty Ltd,Operations,0.0,27376.34
TXN51072,2024-03-01,Mar 2024,Travel and Entertainment,Expense,Japan KK,Finance,15796.5,0.0
TXN51072,2024-03-01,Mar 2024,Cash - Operating,Bank,Japan KK,Finance,0.0,15796.5
TXN51073,2024-01-17,Jan 2024,Accrued Expenses,AcctPay,Germany GmbH,Operations,33004.61,0.0
TXN51073,2024-01-17,Jan 2024,Allowance for Doubtful Accounts,AcctRec,Germany GmbH,Operations,0.0,33004.61
TXN51074,2024-08-08,Aug 2024,Cost of Goods Sold - Services,COGS,Germany GmbH,Marketing,35814.59,0.0
TXN51074,2024-08-08,Aug 2024,Sales Tax Payable,OthCurrLiab,Germany GmbH,Marketing,0.0,35814.59
TXN51075,2024-12-11,Dec 2024,Travel and Entertainment,Expense,Singapore Pte Ltd,,27733.82,0.0
TXN51075,2024-12-11,Dec 2024,Accounts Payable,AcctPay,Singapore Pte Ltd,,0.0,27733.82
TXN51076,2024-10-14,Oct 2024,Inventory - Raw Materials,OthCurrAsset,Germany GmbH,Operations,2881.28,0.0
TXN51076,2024-10-14,Oct 2024,Interest Income,OthIncome,Germany GmbH,Operations,0.0,2881.28
TXN51077,2024-11-11,Nov 2024,Cash - Operating,Bank,Australia Pty Ltd,Marketing,16092.09,0.0
TXN51077,2024-11-11,Nov 2024,Service Revenue,Income,Australia Pty Ltd,Marketing,0.0,16092.09
TXN51078,2024-07-06,Jul 2024,Sales Tax Payable,OthCurrLiab,Australia Pty Ltd,,29239.95,0.0
TXN51078,2024-07-06,Jul 2024,Allowance for Doubtful Accounts,AcctRec,Australia Pty Ltd,,0.0,29239.95
TXN51079,2024-02-19,Feb 2024,Cost of Goods Sold - Products,COGS,Japan KK,Marketing,49598.08,0.0
TXN51079,2024-02-19,Feb 2024,Payroll Liabilities,OthCurrLiab,Japan KK,Marketing,0.0,49598.08
TXN51080,2024-05-05,May 2024,Cost of Goods Sold - Services,COGS,France SAS,Sales,32439.33,0.0
TXN51080,2024-05-05,May 2024,Inventory - Raw Materials,OthCurrAsset,France SAS,Sales,0.0,32439.33
TXN51081,2024-02-28,Feb 2024,Allowance for Doubtful Accounts,AcctRec,Australia Pty Ltd,Sales,1083.63,0.0
TXN51081,2024-02-28,Feb 2024,Interest Income,OthIncome,Australia Pty Ltd,Sales,0.0,1083.63
TXN51082,2024-10-17,Oct 2024,Cost of Goods Sold - Products,COGS,Japan KK,Marketing,1118.07,0.0
TXN51082,2024-10-17,Oct 2024,Inventory - Finished Goods,OthCurrAsset,Japan KK,Marketing,0.0,1118.07
TXN51083,2024-07-12,Jul 2024,Accounts Payable,AcctPay,Japan KK,Marketing,28669.68,0.0
TXN51083,2024-07-12,Jul 2024,Inventory - Finished Goods,OthCurrAsset,Japan KK,Marketing,0.0,28669.68
TXN51084,2024-12-11,Dec 2024,Sales Tax Payable,OthCurrLiab,France SAS,Marketing,24886.9,0.0
TXN51084,2024-12-11,Dec 2024,Cash - Payroll,Bank,France SAS,Marketing,0.0,24886.9
TXN51085,2024-11-10,Nov 2024,Inventory - Finished Goods,OthCurrAsset,Canada Inc,Marketing,48474.44,0.0
TXN51085,2024-11-10,Nov 2024,Product Sales,Income,Canada Inc,Marketing,0.0,48474.44
TXN51086,2024-10-01,Oct 2024,Inventory - Raw Materials,OthCurrAsset,France SAS,Marketing,13331.24,0.0
TXN51086,2024-10-01,Oct 2024,Interest Income,OthIncome,France SAS,Marketing,0.0,13331.24
TXN51087,2024-04-25,Apr 2024,Accounts Receivable,AcctRec,UK Operations,,42224.93,0.0
TXN51087,2024-04-25,Apr 2024,Consulting Revenue,Income,UK Operations,,0.0,42224.93
TXN51088,2024-02-04,Feb 2024,Sales Tax Payable,OthCurrLiab,Singapore Pte Ltd,Finance,10565.98,0.0
TXN51088,2024-02-04,Feb 2024,Inventory - Raw Materials,OthCurrAsset,Singapore Pte Ltd,Finance,0.0,10565.98
TXN51089,2024-06-02,Jun 2024,Allowance for Doubtful Accounts,AcctRec,Japan KK,,27043.38,0.0
TXN51089,2024-06-02,Jun 2024,Consulting Revenue,Income,Japan KK,,0.0,27043.38
TXN51090,2024-11-15,Nov 2024,Cash - Operating,Bank,Singapore Pte Ltd,,38195.77,0.0
TXN51090,2024-11-15,Nov 2024,Service Revenue,Income,Singapore Pte Ltd,,0.0,38195.77
TXN51091,2024-10-22,Oct 2024,Payroll Liabilities,OthCurrLiab,Singapore Pte Ltd,Sales,33074.23,0.0
TXN51091,2024-10-22,Oct 2024,Accounts Receivable,AcctRec,Singapore Pte Ltd,Sales,0.0,33074.23
TXN51092,2024-11-22,Nov 2024,Cash - Payroll,Bank,Japan KK,Operations,36358.09,0.0
TXN51092,2024-11-22,Nov 2024,Consulting Revenue,Income,Japan KK,Operations,0.0,36358.09
TXN51093,2024-08-24,Aug 2024,Utilities,Expense,Germany GmbH,Sales,7608.59,0.0
TXN51093,2024-08-24,Aug 2024,Prepaid Expenses,OthCurrAsset,Germany GmbH,Sales,0.0,7608.59
TXN51094,2024-07-29,Jul 2024,Sales Tax Payable,OthCurrLiab,Australia Pty Ltd,Engineering,31732.98,0.0
TXN51094,2024-07-29,Jul 2024,Prepaid Expenses,OthCurrAsset,Australia Pty Ltd,Engineering,0.0,31732.98
TXN51095,2024-05-26,May 2024,Cash - Payroll,Bank,Germany GmbH,Marketing,34374.06,0.0
TXN51095,2024-05-26,May 2024,Product Sales,Income,Germany GmbH,Marketing,0.0,34374.06
TXN51096,2024-03-17,Mar 2024,Payroll Liabilities,OthCurrLiab,France SAS,Engineering,12354.77,0.0
TXN51096,2024-03-17,Mar 2024,Allowance for Doubtful Accounts,AcctRec,France SAS,Engineering,0.0,12354.77
TXN51097,2024-10-13,Oct 2024,Cash - Payroll,Bank,Japan KK,Finance,32381.41,0.0
TXN51097,2024-10-13,Oct 2024,Consulting Revenue,Income,Japan KK,Finance,0.0,32381.41
TXN51098,2024-03-10,Mar 2024,Inventory - Raw Materials,OthCurrAsset,US Headquarters,Marketing,39504.53,0.0
TXN51098,2024-03-10,Mar 2024,Service Revenue,Income,US Headquarters,Marketing,0.0,39504.53
TXN51099,2024-11-25,Nov 2024,Prepaid Expenses,OthCurrAsset,US Headquarters,,24343.51,0.0
TXN51099,2024-11-25,Nov 2024,Product Sales,Income,US Headquarters,,0.0,24343.51
TXN51100,2024-06-09,Jun 2024,Office Supplies,Expense,Canada Inc,Engineering,45038.69,0.0
TXN51100,2024-06-09,Jun 2024,Payroll Liabilities,OthCurrLiab,Canada Inc,Engineering,0.0,45038.69
TXN51101,2024-12-02,Dec 2024,Accrued Expenses,AcctPay,UK Operations,Finance,47163.79,0.0
TXN51101,2024-12-02,Dec 2024,Cash - Payroll,Bank,UK Operations,Finance,0.0,47163.79
TXN51102,2024-02-27,Feb 2024,Professional Fees,Expense,UK Operations,Operations,33244.44,0.0
TXN51102,2024-02-27,Feb 2024,Inventory - Raw Materials,OthCurrAsset,UK Operations,Operations,0.0,33244.44
TXN51103,2024-09-11,Sep 2024,Sales Tax Payable,OthCurrLiab,UK Operations,Sales,30031.08,0.0
TXN51103,2024-09-11,Sep 2024,Accounts Receivable,AcctRec,UK Operations,Sales,0.0,30031.08
TXN51104,2024-10-26,Oct 2024,Cash - Payroll,Bank,Japan KK,,37223.55,0.0
TXN51104,2024-10-26,Oct 2024,Cash - Payroll,Bank,Japan KK,,0.0,37223.55
TXN51105,2024-02-24,Feb 2024,Utilities,Expense,Germany GmbH,Sales,48499.18,0.0
TXN51105,2024-02-24,Feb 2024,Sales Tax Payable,OthCurrLiab,Germany GmbH,Sales,0.0,48499.18
TXN51106,2024-01-29,Jan 2024,Accounts Receivable,AcctRec,Singapore Pte Ltd,Operations,18797.78,0.0
TXN51106,2024-01-29,Jan 2024,Inventory - Raw Materials,OthCurrAsset,Singapore Pte Ltd,Operations,0.0,18797.78
TXN51107,2024-08-04,Aug 2024,Prepaid Expenses,OthCurrAsset,Singapore Pte Ltd,,12392.7,0.0
TXN51107,2024-08-04,Aug 2024,Service Revenue,Income,Singapore Pte Ltd,,0.0,12392.7
TXN51108,2024-07-04,Jul 2024,Inventory - Finished Goods,OthCurrAsset,Singapore Pte Ltd,,18450.19,0.0
TXN51108,2024-07-04,Jul 2024,Product Sales,Income,Singapore Pte Ltd,,0.0,18450.19
TXN51109,2024-12-05,Dec 2024,Utilities,Expense,US Headquarters,,45881.12,0.0
TXN51109,2024-12-05,Dec 2024,Accrued Expenses,AcctPay,US Headquarters,,0.0,45881.12
TXN51110,2024-07-15,Jul 2024,Interest Expense,OthExpense,Canada Inc,,47928.33,0.0
TXN51110,2024-07-15,Jul 2024,Cash - Payroll,Bank,Canada Inc,,0.0,47928.33
TXN51111,2024-09-30,Sep 2024,Allowance for Doubtful Accounts,AcctRec,France SAS,Finance,19484.7,0.0
TXN51111,2024-09-30,Sep 2024,Accounts Receivable,AcctRec,France SAS,Finance,0.0,19484.7
TXN51112,2024-06-03,Jun 2024,Cash - Payroll,Bank,UK Operations,Sales,14941.4,0.0
TXN51112,2024-06-03,Jun 2024,Allowance for Doubtful Accounts,AcctRec,UK Operations,Sales,0.0,14941.4
TXN51113,2024-11-19,Nov 2024,Prepaid Expenses,OthCurrAsset,Australia Pty Ltd,,20373.81,0.0
TXN51113,2024-11-19,Nov 2024,Product Sales,Income,Australia Pty Ltd,,0.0,20373.81
TXN51114,2024-09-08,Sep 2024,Payroll Liabilities,OthCurrLiab,Singapore Pte Ltd,,20706.77,0.0
TXN51114,2024-09-08,Sep 2024,Prepaid Expenses,OthCurrAsset,Singapore Pte Ltd,,0.0,20706.77
TXN51115,2024-02-21,Feb 2024,Allowance for Doubtful Accounts,AcctRec,Germany GmbH,,13122.41,0.0
TXN51115,2024-02-21,Feb 2024,Consulting Revenue,Income,Germany GmbH,,0.0,13122.41
TXN51116,2024-08-20,Aug 2024,Allowance for Doubtful Accounts,AcctRec,US Headquarters,Engineering,32104.5,0.0
TXN51116,2024-08-20,Aug 2024,Service Revenue,Income,US Headquarters,Engineering,0.0,32104.5
TXN51117,2024-01-02,Jan 2024,Cash - Operating,Bank,Japan KK,Sales,31451.98,0.0
TXN51117,2024-01-02,Jan 2024,Product Sales,Income,Japan KK,Sales,0.0,31451.98
TXN51118,2024-03-21,Mar 2024,Accrued Expenses,AcctPay,France SAS,Operations,35706.84,0.0
TXN51118,2024-03-21,Mar 2024,Prepaid Expenses,OthCurrAsset,France SAS,Operations,0.0,35706.84
TXN51119,2024-10-31,Oct 2024,Cash - Payroll,Bank,Japan KK,Marketing,22629.35,0.0
TXN51119,2024-10-31,Oct 2024,Accounts Receivable,AcctRec,Japan KK,Marketing,0.0,22629.35
TXN51120,2024-03-29,Mar 2024,Salaries and Wages,Expense,Australia Pty Ltd,Marketing,10013.32,0.0
TXN51120,2024-03-29,Mar 2024,Prepaid Expenses,OthCurrAsset,Australia Pty Ltd,Marketing,0.0,10013.32
TXN51121,2024-07-12,Jul 2024,Inventory - Finished Goods,OthCurrAsset,France SAS,Engineering,47410.65,0.0
TXN51121,2024-07-12,Jul 2024,Inventory - Raw Materials,OthCurrAsset,France SAS,Engineering,0.0,47410.65
TXN51122,2024-11-16,Nov 2024,Inventory - Finished Goods,OthCurrAsset,France SAS,Engineering,48708.97,0.0
TXN51122,2024-11-16,Nov 2024,Service Revenue,Income,France SAS,Engineering,0.0,48708.97
TXN51123,2024-01-26,Jan 2024,Cash - Operating,Bank,Japan KK,Operations,21502.28,0.0
TXN51123,2024-01-26,Jan 2024,Consulting Revenue,Income,Japan KK,Operations,0.0,21502.28
TXN51124,2024-03-28,Mar 2024,Travel and Entertainment,Expense,UK Operations,Engineering,35957.31,0.0
TXN51124,2024-03-28,Mar 2024,Payroll Liabilities,OthCurrLiab,UK Operations,Engineering,0.0,35957.31
TXN51125,2024-09-10,Sep 2024,Prepaid Expenses,OthCurrAsset,UK Operations,Sales,35706.83,0.0
TXN51125,2024-09-10,Sep 2024,Consulting Revenue,Income,UK Operations,Sales,0.0,35706.83
TXN51126,2024-05-27,May 2024,Inventory - Raw Materials,OthCurrAsset,Singapore Pte Ltd,Finance,6596.95,0.0
TXN51126,2024-05-27,May 2024,Cash - Payroll,Bank,Singapore Pte Ltd,Finance,0.0,6596.95
TXN51127,2024-05-24,May 2024,Accounts Payable,AcctPay,France SAS,Finance,9100.46,0.0
TXN51127,2024-05-24,May 2024,Accounts Receivable,AcctRec,France SAS,Finance,0.0,9100.46
TXN51128,2024-05-14,May 2024,Inventory - Raw Materials,OthCurrAsset,France SAS,Operations,22603.74,0.0
TXN51128,2024-05-14,May 2024,Interest Income,OthIncome,France SAS,Operations,0.0,22603.74
TXN51129,2024-02-13,Feb 2024,Inventory - Finished Goods,OthCurrAsset,US Headquarters,Finance,6746.93,0.0
TXN51129,2024-02-13,Feb 2024,Interest Income,OthIncome,US Headquarters,Finance,0.0,6746.93
TXN51130,2024-12-17,Dec 2024,IT and Software,Expense,France SAS,,19236.42,0.0
TXN51130,2024-12-17,Dec 2024,Inventory - Raw Materials,OthCurrAsset,France SAS,,0.0,19236.42
TXN51131,2024-02-07,Feb 2024,Cash - Payroll,Bank,UK Operations,Operations,3031.74,0.0
TXN51131,2024-02-07,Feb 2024,Interest Income,OthIncome,UK Operations,Operations,0.0,3031.74
TXN51132,2024-06-30,Jun 2024,Utilities,Expense,US Headquarters,Engineering,12757.48,0.0
TXN51132,2024-06-30,Jun 2024,Prepaid Expenses,OthCurrAsset,US Headquarters,Engineering,0.0,12757.48
TXN51133,2024-12-09,Dec 2024,IT and Software,Expense,Australia Pty Ltd,Sales,48406.08,0.0
TXN51133,2024-12-09,Dec 2024,Accounts Receivable,AcctRec,Australia Pty Ltd,Sales,0.0,48406.08
TXN51134,2024-05-13,May 2024,Allowance for Doubtful Accounts,AcctRec,Germany GmbH,Operations,24692.71,0.0
TXN51134,2024-05-13,May 2024,Service Revenue,Income,Germany GmbH,Operations,0.0,24692.71
TXN51135,2024-02-15,Feb 2024,Cash - Operating,Bank,Australia Pty Ltd,,26568.15,0.0
TXN51135,2024-02-15,Feb 2024,Consulting Revenue,Income,Australia Pty Ltd,,0.0,26568.15
TXN51136,2024-01-23,Jan 2024,Sales Tax Payable,OthCurrLiab,Germany GmbH,Finance,43596.81,0.0
TXN51136,2024-01-23,Jan 2024,Allowance for Doubtful Accounts,AcctRec,Germany GmbH,Finance,0.0,43596.81
TXN51137,2024-05-24,May 2024,Inventory - Raw Materials,OthCurrAsset,Canada Inc,Operations,41496.5,0.0
TXN51137,2024-05-24,May 2024,Accounts Receivable,AcctRec,Canada Inc,Operations,0.0,41496.5
TXN51138,2024-08-11,Aug 2024,Salaries and Wages,Expense,Germany GmbH,Marketing,36869.77,0.0
TXN51138,2024-08-11,Aug 2024,Accrued Expenses,AcctPay,Germany GmbH,Marketing,0.0,36869.77
TXN51139,2024-12-02,Dec 2024,Cash - Payroll,Bank,Singapore Pte Ltd,Engineering,9527.11,0.0
TXN51139,2024-12-02,Dec 2024,Product Sales,Income,Singapore Pte Ltd,Engineering,0.0,9527.11
TXN51140,2024-08-28,Aug 2024,Travel and Entertainment,Expense,Canada Inc,Sales,35327.55,0.0
TXN51140,2024-08-28,Aug 2024,Cash - Operating,Bank,Canada Inc,Sales,0.0,35327.55
TXN51141,2024-08-14,Aug 2024,Cost of Goods Sold - Services,COGS,Australia Pty Ltd,,28086.64,0.0
TXN51141,2024-08-14,Aug 2024,Short-term Loans,OthCurrLiab,Australia Pty Ltd,,0.0,28086.64
TXN51142,2024-03-16,Mar 2024,Cash - Payroll,Bank,UK Operations,Marketing,4769.54,0.0
TXN51142,2024-03-16,Mar 2024,Prepaid Expenses,OthCurrAsset,UK Operations,Marketing,0.0,4769.54
TXN51143,2024-03-27,Mar 2024,IT and Software,Expense,Canada Inc,Operations,44555.64,0.0
TXN51143,2024-03-27,Mar 2024,Cash - Operating,Bank,Canada Inc,Operations,0.0,44555.64
TXN51144,2024-09-26,Sep 2024,Allowance for Doubtful Accounts,AcctRec,Germany GmbH,Finance,46028.62,0.0
TXN51144,2024-09-26,Sep 2024,Product Sales,Income,Germany GmbH,Finance,0.0,46028.62
TXN51145,2024-06-17,Jun 2024,Marketing and Advertising,Expense,US Headquarters,Marketing,34097.49,0.0
TXN51145,2024-06-17,Jun 2024,Inventory - Finished Goods,OthCurrAsset,US Headquarters,Marketing,0.0,34097.49
TXN51146,2024-10-29,Oct 2024,Prepaid Expenses,OthCurrAsset,UK Operations,Marketing,7773.4,0.0
TXN51146,2024-10-29,Oct 2024,Interest Income,OthIncome,UK Operations,Marketing,0.0,7773.4
TXN51147,2024-08-20,Aug 2024,Cash - Operating,Bank,Canada Inc,Operations,32934.51,0.0
TXN51147,2024-08-20,Aug 2024,Interest Income,OthIncome,Canada Inc,Operations,0.0,32934.51
TXN51148,2024-06-15,Jun 2024,Sales Tax Payable,OthCurrLiab,Germany GmbH,Sales,43177.61,0.0
TXN51148,2024-06-15,Jun 2024,Accounts Receivable,AcctRec,Germany GmbH,Sales,0.0,43177.61
TXN51149,2024-01-29,Jan 2024,Marketing and Advertising,Expense,UK Operations,Operations,47599.82,0.0
TXN51149,2024-01-29,Jan 2024,Inventory - Raw Materials,OthCurrAsset,UK Operations,Operations,0.0,47599.82
TXN51150,2024-04-01,Apr 2024,Cash - Payroll,Bank,France SAS,Finance,4550.5,0.0
TXN51150,2024-04-01,Apr 2024,Allowance for Doubtful Accounts,AcctRec,France SAS,Finance,0.0,4550.5
TXN51151,2024-07-25,Jul 2024,Cost of Goods Sold - Services,COGS,Canada Inc,,37652.67,0.0
TXN51151,2024-07-25,Jul 2024,Inventory - Raw Materials,OthCurrAsset,Canada Inc,,0.0,37652.67
TXN51152,2024-09-08,Sep 2024,Inventory - Finished Goods,OthCurrAsset,Japan KK,,40337.02,0.0
TXN51152,2024-09-08,Sep 2024,Service Revenue,Income,Japan KK,,0.0,40337.02
TXN51153,2024-07-02,Jul 2024,Marketing and Advertising,Expense,UK Operations,Marketing,25681.4,0.0
TXN51153,2024-07-02,Jul 2024,Accounts Payable,AcctPay,UK Operations,Marketing,0.0,25681.4
TXN51154,2024-05-17,May 2024,Short-term Loans,OthCurrLiab,Japan KK,Engineering,37848.88,0.0
TXN51154,2024-05-17,May 2024,Cash - Payroll,Bank,Japan KK,Engineering,0.0,37848.88
TXN51155,2024-08-10,Aug 2024,Allowance for Doubtful Accounts,AcctRec,Japan KK,Engineering,2117.86,0.0
TXN51155,2024-08-10,Aug 2024,Service Revenue,Income,Japan KK,Engineering,0.0,2117.86
TXN51156,2024-11-27,Nov 2024,Cost of Goods Sold - Services,COGS,Germany GmbH,Finance,26411.21,0.0
TXN51156,2024-11-27,Nov 2024,Inventory - Raw Materials,OthCurrAsset,Germany GmbH,Finance,0.0,26411.21
TXN51157,2024-08-27,Aug 2024,Salaries and Wages,Expense,Japan KK,Engineering,45369.66,0.0
TXN51157,2024-08-27,Aug 2024,Accounts Receivable,AcctRec,Japan KK,Engineering,0.0,45369.66
TXN51158,2024-12-16,Dec 2024,Cash - Operating,Bank,Canada Inc,Sales,26202.29,0.0
TXN51158,2024-12-16,Dec 2024,Product Sales,Income,Canada Inc,Sales,0.0,26202.29
TXN51159,2024-01-24,Jan 2024,Inventory - Finished Goods,OthCurrAsset,UK Operations,Operations,21303.18,0.0
TXN51159,2024-01-24,Jan 2024,Consulting Revenue,Income,UK Operations,Operations,0.0,21303.18
TXN51160,2024-06-30,Jun 2024,Cost of Goods Sold - Services,COGS,Canada Inc,Operations,4180.3,0.0
TXN51160,2024-06-30,Jun 2024,Short-term Loans,OthCurrLiab,Canada Inc,Operations,0.0,4180.3
TXN51161,2024-12-04,Dec 2024,Accounts Payable,AcctPay,Singapore Pte Ltd,Sales,39330.24,0.0
TXN51161,2024-12-04,Dec 2024,Cash - Operating,Bank,Singapore Pte Ltd,Sales,0.0,39330.24
TXN51162,2024-08-01,Aug 2024,Interest Expense,OthExpense,Canada Inc,Marketing,29401.7,0.0
TXN51162,2024-08-01,Aug 2024,Accounts Payable,AcctPay,Canada Inc,Marketing,0.0,29401.7
TXN51163,2024-11-15,Nov 2024,Cash - Payroll,Bank,Canada Inc,Marketing,48339.31,0.0
TXN51163,2024-11-15,Nov 2024,Cash - Payroll,Bank,Canada Inc,Marketing,0.0,48339.31
TXN51164,2024-04-04,Apr 2024,Inventory - Finished Goods,OthCurrAsset,UK Operations,,49111.09,0.0
TXN51164,2024-04-04,Apr 2024,Product Sales,Income,UK Operations,,0.0,49111.09
TXN51165,2024-08-10,Aug 2024,Inventory - Finished Goods,OthCurrAsset,US Headquarters,Engineering,19807.2,0.0
TXN51165,2024-08-10,Aug 2024,Interest Income,OthIncome,US Headquarters,Engineering,0.0,19807.2
TXN51166,2024-08-23,Aug 2024,Travel and Entertainment,Expense,Japan KK,,48293.61,0.0
TXN51166,2024-08-23,Aug 2024,Inventory - Raw Materials,OthCurrAsset,Japan KK,,0.0,48293.61
TXN51167,2024-11-12,Nov 2024,Marketing and Advertising,Expense,Australia Pty Ltd,,33722.78,0.0
TXN51167,2024-11-12,Nov 2024,Inventory - Raw Materials,OthCurrAsset,Australia Pty Ltd,,0.0,33722.78
TXN51168,2024-02-14,Feb 2024,Cash - Operating,Bank,Germany GmbH,Sales,792.41,0.0
TXN51168,2024-02-14,Feb 2024,Service Revenue,Income,Germany GmbH,Sales,0.0,792.41
TXN51169,2024-01-14,Jan 2024,Marketing and Advertising,Expense,France SAS,Finance,32466.3,0.0
TXN51169,2024-01-14,Jan 2024,Payroll Liabilities,OthCurrLiab,France SAS,Finance,0.0,32466.3
TXN51170,2024-10-02,Oct 2024,Travel and Entertainment,Expense,France SAS,Engineering,15115.8,0.0
TXN51170,2024-10-02,Oct 2024,Prepaid Expenses,OthCurrAsset,France SAS,Engineering,0.0,15115.8
TXN51171,2024-01-12,Jan 2024,Payroll Liabilities,OthCurrLiab,UK Operations,Sales,45130.53,0.0
TXN51171,2024-01-12,Jan 2024,Allowance for Doubtful Accounts,AcctRec,UK Operations,Sales,0.0,45130.53
TXN51172,2024-08-29,Aug 2024,Inventory - Raw Materials,OthCurrAsset,US Headquarters,Finance,29302.79,0.0
TXN51172,2024-08-29,Aug 2024,Interest Income,OthIncome,US Headquarters,Finance,0.0,29302.79
TXN51173,2024-01-27,Jan 2024,Payroll Liabilities,OthCurrLiab,Australia Pty Ltd,Engineering,5222.91,0.0
TXN51173,2024-01-27,Jan 2024,Allowance for Doubtful Accounts,AcctRec,Australia Pty Ltd,Engineering,0.0,5222.91
TXN51174,2024-09-10,Sep 2024,IT and Software,Expense,Canada Inc,Engineering,24426.08,0.0
TXN51174,2024-09-10,Sep 2024,Short-term Loans,OthCurrLiab,Canada Inc,Engineering,0.0,24426.08
TXN51175,2024-11-09,Nov 2024,Marketing and Advertising,Expense,Singapore Pte Ltd,Sales,35743.09,0.0
TXN51175,2024-11-09,Nov 2024,Sales Tax Payable,OthCurrLiab,Singapore Pte Ltd,Sales,0.0,35743.09
TXN51176,2024-06-10,Jun 2024,Travel and Entertainment,Expense,UK Operations,Marketing,44654.57,0.0
TXN51176,2024-06-10,Jun 2024,Cash - Payroll,Bank,UK Operations,Marketing,0.0,44654.57
TXN51177,2024-09-10,Sep 2024,Accounts Receivable,AcctRec,Australia Pty Ltd,Finance,34905.97,0.0
TXN51177,2024-09-10,Sep 2024,Service Revenue,Income,Australia Pty Ltd,Finance,0.0,34905.97
TXN51178,2024-08-28,Aug 2024,Inventory - Finished Goods,OthCurrAsset,Australia Pty Ltd,Finance,11681.95,0.0
TXN51178,2024-08-28,Aug 2024,Consulting Revenue,Income,Australia Pty Ltd,Finance,0.0,11681.95
TXN51179,2024-11-04,Nov 2024,Payroll Liabilities,OthCurrLiab,Singapore Pte Ltd,Sales,44170.35,0.0
TXN51179,2024-11-04,Nov 2024,Allowance for Doubtful Accounts,AcctRec,Singapore Pte Ltd,Sales,0.0,44170.35
TXN51180,2024-12-10,Dec 2024,Short-term Loans,OthCurrLiab,Australia Pty Ltd,Finance,40007.78,0.0
TXN51180,2024-12-10,Dec 2024,Cash - Payroll,Bank,Australia Pty Ltd,Finance,0.0,40007.78
TXN51181,2024-05-24,May 2024,Cash - Payroll,Bank,UK Operations,,24196.2,0.0
TXN51181,2024-05-24,May 2024,Interest Income,OthIncome,UK Operations,,0.0,24196.2
TXN51182,2024-02-21,Feb 2024,Cash - Operating,Bank,Japan KK,Finance,15252.23,0.0
TXN51182,2024-02-21,Feb 2024,Product Sales,Income,Japan KK,Finance,0.0,15252.23
TXN51183,2024-07-02,Jul 2024,Prepaid Expenses,OthCurrAsset,Canada Inc,Marketing,33878.7,0.0
TXN51183,2024-07-02,Jul 2024,Product Sales,Income,Canada Inc,Marketing,0.0,33878.7
TXN51184,2024-02-02,Feb 2024,Inventory - Raw Materials,OthCurrAsset,Australia Pty Ltd,Finance,5787.07,0.0
TXN51184,2024-02-02,Feb 2024,Service Revenue,Income,Australia Pty Ltd,Finance,0.0,5787.07
TXN51185,2024-09-06,Sep 2024,Short-term Loans,OthCurrLiab,Canada Inc,Marketing,39265.8,0.0
TXN51185,2024-09-06,Sep 2024,Accounts Receivable,AcctRec,Canada Inc,Marketing,0.0,39265.8
TXN51186,2024-03-18,Mar 2024,Prepaid Expenses,OthCurrAsset,UK Operations,,2616.06,0.0
TXN51186,2024-03-18,Mar 2024,Allowance for Doubtful Accounts,AcctRec,UK Operations,,0.0,2616.06
TXN51187,2024-02-26,Feb 2024,Cash - Operating,Bank,UK Operations,Operations,30521.83,0.0
TXN51187,2024-02-26,Feb 2024,Prepaid Expenses,OthCurrAsset,UK Operations,Operations,0.0,30521.83
TXN51188,2024-10-14,Oct 2024,Rent Expense,Expense,US Headquarters,Operations,5360.01,0.0
TXN51188,2024-10-14,Oct 2024,Inventory - Finished Goods,OthCurrAsset,US Headquarters,Operations,0.0,5360.01
TXN51189,2024-03-21,Mar 2024,Cost of Goods Sold - Services,COGS,Canada Inc,,22131.74,0.0
TXN51189,2024-03-21,Mar 2024,Accounts Receivable,AcctRec,Canada Inc,,0.0,22131.74
TXN51190,2024-11-27,Nov 2024,Cash - Payroll,Bank,Australia Pty Ltd,Marketing,40976.12,0.0
TXN51190,2024-11-27,Nov 2024,Interest Income,OthIncome,Australia Pty Ltd,Marketing,0.0,40976.12
TXN51191,2024-07-31,Jul 2024,Utilities,Expense,US Headquarters,Sales,41757.19,0.0
TXN51191,2024-07-31,Jul 2024,Accrued Expenses,AcctPay,US Headquarters,Sales,0.0,41757.19
TXN51192,2024-03-28,Mar 2024,Sales Tax Payable,OthCurrLiab,UK Operations,Marketing,18684.57,0.0
TXN51192,2024-03-28,Mar 2024,Inventory - Finished Goods,OthCurrAsset,UK Operations,Marketing,0.0,18684.57
TXN51193,2024-12-06,Dec 2024,Rent Expense,Expense,France SAS,Sales,37684.99,0.0
TXN51193,2024-12-06,Dec 2024,Accounts Receivable,AcctRec,France SAS,Sales,0.0,37684.99
TXN51194,2024-08-07,Aug 2024,Inventory - Raw Materials,OthCurrAsset,Japan KK,Finance,44913.46,0.0
TXN51194,2024-08-07,Aug 2024,Prepaid Expenses,OthCurrAsset,Japan KK,Finance,0.0,44913.46
TXN51195,2024-12-15,Dec 2024,Short-term Loans,OthCurrLiab,Australia Pty Ltd,Engineering,22184.68,0.0
TXN51195,2024-12-15,Dec 2024,Cash - Operating,Bank,Australia Pty Ltd,Engineering,0.0,22184.68
TXN51196,2024-02-13,Feb 2024,Payroll Liabilities,OthCurrLiab,Australia Pty Ltd,Marketing,20142.38,0.0
TXN51196,2024-02-13,Feb 2024,Cash - Operating,Bank,Australia Pty Ltd,Marketing,0.0,20142.38
TXN51197,2024-07-20,Jul 2024,Inventory - Raw Materials,OthCurrAsset,US Headquarters,,46133.69,0.0
TXN51197,2024-07-20,Jul 2024,Product Sales,Income,US Headquarters,,0.0,46133.69
TXN51198,2024-11-19,Nov 2024,Professional Fees,Expense,Canada Inc,Finance,20159.94,0.0
TXN51198,2024-11-19,Nov 2024,Inventory - Raw Materials,OthCurrAsset,Canada Inc,Finance,0.0,20159.94
TXN51199,2024-06-09,Jun 2024,Inventory - Raw Materials,OthCurrAsset,Australia Pty Ltd,Engineering,41367.48,0.0
TXN51199,2024-06-09,Jun 2024,Cash - Payroll,Bank,Australia Pty Ltd,Engineering,0.0,41367.48
TXN51200,2024-12-24,Dec 2024,Inventory - Raw Materials,OthCurrAsset,Japan KK,Finance,32229.58,0.0
TXN51200,2024-12-24,Dec 2024,Prepaid Expenses,OthCurrAsset,Japan KK,Finance,0.0,32229.58
TXN51201,2024-11-12,Nov 2024,Payroll Liabilities,OthCurrLiab,Singapore Pte Ltd,,17328.01,0.0
TXN51201,2024-11-12,Nov 2024,Prepaid Expenses,OthCurrAsset,Singapore Pte Ltd,,0.0,17328.01
TXN51202,2024-04-11,Apr 2024,Inventory - Finished Goods,OthCurrAsset,Canada Inc,Engineering,1944.81,0.0
TXN51202,2024-04-11,Apr 2024,Service Revenue,Income,Canada Inc,Engineering,0.0,1944.81
TXN51203,2024-09-23,Sep 2024,Professional Fees,Expense,Canada Inc,Sales,4731.7,0.0
TXN51203,2024-09-23,Sep 2024,Inventory - Finished Goods,OthCurrAsset,Canada Inc,Sales,0.0,4731.7
TXN51204,2024-11-21,Nov 2024,Short-term Loans,OthCurrLiab,Germany GmbH,Engineering,1491.77,0.0
TXN51204,2024-11-21,Nov 2024,Accounts Receivable,AcctRec,Germany GmbH,Engineering,0.0,1491.77
TXN51205,2024-05-03,May 2024,Cost of Goods Sold - Products,COGS,Canada Inc,,21195.02,0.0
TXN51205,2024-05-03,May 2024,Inventory - Finished Goods,OthCurrAsset,Canada Inc,,0.0,21195.02
TXN51206,2024-05-12,May 2024,Cost of Goods Sold - Services,COGS,Australia Pty Ltd,Engineering,2481.87,0.0
TXN51206,2024-05-12,May 2024,Accounts Payable,AcctPay,Australia Pty Ltd,Engineering,0.0,2481.87
TXN51207,2024-06-01,Jun 2024,Inventory - Finished Goods,OthCurrAsset,US Headquarters,Finance,17015.12,0.0
TXN51207,2024-06-01,Jun 2024,Service Revenue,Income,US Headquarters,Finance,0.0,17015.12
TXN51208,2024-06-28,Jun 2024,Short-term Loans,OthCurrLiab,Canada Inc,Marketing,33379.43,0.0
TXN51208,2024-06-28,Jun 2024,Inventory - Finished Goods,OthCurrAsset,Canada Inc,Marketing,0.0,33379.43
TXN51209,2024-03-12,Mar 2024,Inventory - Raw Materials,OthCurrAsset,Japan KK,Operations,36901.86,0.0
TXN51209,2024-03-12,Mar 2024,Service Revenue,Income,Japan KK,Operations,0.0,36901.86
TXN51210,2024-07-03,Jul 2024,Marketing and Advertising,Expense,Singapore Pte Ltd,Engineering,7413.01,0.0
TXN51210,2024-07-03,Jul 2024,Cash - Payroll,Bank,Singapore Pte Ltd,Engineering,0.0,7413.01
TXN51211,2024-02-17,Feb 2024,Travel and Entertainment,Expense,US Headquarters,Finance,44436.61,0.0
TXN51211,2024-02-17,Feb 2024,Cash - Payroll,Bank,US Headquarters,Finance,0.0,44436.61
TXN51212,2024-07-08,Jul 2024,Sales Tax Payable,OthCurrLiab,Japan KK,Operations,27992.53,0.0
TXN51212,2024-07-08,Jul 2024,Inventory - Raw Materials,OthCurrAsset,Japan KK,Operations,0.0,27992.53
TXN51213,2024-09-12,Sep 2024,Inventory - Finished Goods,OthCurrAsset,Japan KK,Finance,34481.99,0.0
TXN51213,2024-09-12,Sep 2024,Allowance for Doubtful Accounts,AcctRec,Japan KK,Finance,0.0,34481.99
TXN51214,2024-03-24,Mar 2024,Accrued Expenses,AcctPay,Germany GmbH,Operations,6443.49,0.0
TXN51214,2024-03-24,Mar 2024,Inventory - Finished Goods,OthCurrAsset,Germany GmbH,Operations,0.0,6443.49
TXN51215,2024-09-19,Sep 2024,Salaries and Wages,Expense,UK Operations,,10710.86,0.0
TXN51215,2024-09-19,Sep 2024,Accrued Expenses,AcctPay,UK Operations,,0.0,10710.86
TXN51216,2024-07-08,Jul 2024,Accounts Receivable,AcctRec,UK Operations,Operations,42630.66,0.0
TXN51216,2024-07-08,Jul 2024,Consulting Revenue,Income,UK Operations,Operations,0.0,42630.66
TXN51217,2024-01-21,Jan 2024,Accounts Receivable,AcctRec,Germany GmbH,Engineering,18636.22,0.0
TXN51217,2024-01-21,Jan 2024,Accounts Receivable,AcctRec,Germany GmbH,Engineering,0.0,18636.22
TXN51218,2024-09-05,Sep 2024,Cost of Goods Sold - Products,COGS,US Headquarters,Sales,7192.78,0.0
TXN51218,2024-09-05,Sep 2024,Inventory - Raw Materials,OthCurrAsset,US Headquarters,Sales,0.0,7192.78
TXN51219,2024-05-25,May 2024,Cost of Goods Sold - Services,COGS,France SAS,Sales,40974.34,0.0
TXN51219,2024-05-25,May 2024,Accrued Expenses,AcctPay,France SAS,Sales,0.0,40974.34
TXN51220,2024-06-27,Jun 2024,IT and Software,Expense,UK Operations,Engineering,20937.0,0.0
TXN51220,2024-06-27,Jun 2024,Accounts Payable,AcctPay,UK Operations,Engineering,0.0,20937.0
TXN51221,2024-06-21,Jun 2024,Accrued Expenses,AcctPay,Japan KK,Finance,41739.55,0.0
TXN51221,2024-06-21,Jun 2024,Prepaid Expenses,OthCurrAsset,Japan KK,Finance,0.0,41739.55
TXN51222,2024-03-11,Mar 2024,Inventory - Finished Goods,OthCurrAsset,Singapore Pte Ltd,Finance,33394.32,0.0
TXN51222,2024-03-11,Mar 2024,Consulting Revenue,Income,Singapore Pte Ltd,Finance,0.0,33394.32
TXN51223,2024-02-15,Feb 2024,Professional Fees,Expense,Japan KK,Finance,11717.83,0.0
TXN51223,2024-02-15,Feb 2024,Cash - Operating,Bank,Japan KK,Finance,0.0,11717.83
TXN51224,2024-12-09,Dec 2024,Cash - Payroll,Bank,Singapore Pte Ltd,,13941.02,0.0
TXN51224,2024-12-09,Dec 2024,Product Sales,Income,Singapore Pte Ltd,,0.0,13941.02
TXN51225,2024-10-19,Oct 2024,Cost of Goods Sold - Services,COGS,Canada Inc,Operations,32293.47,0.0
TXN51225,2024-10-19,Oct 2024,Allowance for Doubtful Accounts,AcctRec,Canada Inc,Operations,0.0,32293.47
TXN51226,2024-11-12,Nov 2024,Short-term Loans,OthCurrLiab,US Headquarters,Operations,26135.51,0.0
TXN51226,2024-11-12,Nov 2024,Cash - Operating,Bank,US Headquarters,Operations,0.0,26135.51
TXN51227,2024-03-02,Mar 2024,Prepaid Expenses,OthCurrAsset,Germany GmbH,Engineering,13820.63,0.0
TXN51227,2024-03-02,Mar 2024,Interest Income,OthIncome,Germany GmbH,Engineering,0.0,13820.63
TXN51228,2024-02-13,Feb 2024,Cost of Goods Sold - Products,COGS,Australia Pty Ltd,Finance,29485.76,0.0
TXN51228,2024-02-13,Feb 2024,Inventory - Finished Goods,OthCurrAsset,Australia Pty Ltd,Finance,0.0,29485.76
TXN51229,2024-08-11,Aug 2024,Marketing and Advertising,Expense,Germany GmbH,Finance,1300.44,0.0
TXN51229,2024-08-11,Aug 2024,Inventory - Raw Materials,OthCurrAsset,Germany GmbH,Finance,0.0,1300.44
TXN51230,2024-02-16,Feb 2024,Cash - Payroll,Bank,UK Operations,Engineering,27134.79,0.0
TXN51230,2024-02-16,Feb 2024,Consulting Revenue,Income,UK Operations,Engineering,0.0,27134.79
TXN51231,2024-02-15,Feb 2024,Cost of Goods Sold - Products,COGS,Germany GmbH,Marketing,47613.02,0.0
TXN51231,2024-02-15,Feb 2024,Sales Tax Payable,OthCurrLiab,Germany GmbH,Marketing,0.0,47613.02
TXN51232,2024-06-15,Jun 2024,Cash - Operating,Bank,Germany GmbH,Engineering,35693.7,0.0
TXN51232,2024-06-15,Jun 2024,Consulting Revenue,Income,Germany GmbH,Engineering,0.0,35693.7
TXN51233,2024-03-13,Mar 2024,Cash - Operating,Bank,Japan KK,Marketing,12970.92,0.0
TXN51233,2024-03-13,Mar 2024,Cash - Operating,Bank,Japan KK,Marketing,0.0,12970.92
TXN51234,2024-04-13,Apr 2024,Professional Fees,Expense,France SAS,Operations,29342.85,0.0
TXN51234,2024-04-13,Apr 2024,Prepaid Expenses,OthCurrAsset,France SAS,Operations,0.0,29342.85
TXN51235,2024-02-28,Feb 2024,Cost of Goods Sold - Services,COGS,Canada Inc,Engineering,15984.99,0.0
TXN51235,2024-02-28,Feb 2024,Accounts Payable,AcctPay,Canada Inc,Engineering,0.0,15984.99
TXN51236,2024-01-15,Jan 2024,Accounts Receivable,AcctRec,Japan KK,,11763.65,0.0
TXN51236,2024-01-15,Jan 2024,Inventory - Raw Materials,OthCurrAsset,Japan KK,,0.0,11763.65
TXN51237,2024-10-27,Oct 2024,Salaries and Wages,Expense,UK Operations,Sales,38172.62,0.0
TXN51237,2024-10-27,Oct 2024,Inventory - Raw Materials,OthCurrAsset,UK Operations,Sales,0.0,38172.62
TXN51238,2024-10-17,Oct 2024,Rent Expense,Expense,Japan KK,Finance,4287.03,0.0
TXN51238,2024-10-17,Oct 2024,Accounts Receivable,AcctRec,Japan KK,Finance,0.0,4287.03
TXN51239,2024-07-10,Jul 2024,Professional Fees,Expense,Germany GmbH,Sales,26923.03,0.0
TXN51239,2024-07-10,Jul 2024,Accounts Payable,AcctPay,Germany GmbH,Sales,0.0,26923.03
TXN51240,2024-01-22,Jan 2024,Interest Expense,OthExpense,US Headquarters,Finance,48059.61,0.0
TXN51240,2024-01-22,Jan 2024,Accounts Receivable,AcctRec,US Headquarters,Finance,0.0,48059.61
TXN51241,2024-01-01,Jan 2024,Inventory - Finished Goods,OthCurrAsset,US Headquarters,Finance,13737.82,0.0
TXN51241,2024-01-01,Jan 2024,Interest Income,OthIncome,US Headquarters,Finance,0.0,13737.82
TXN51242,2024-06-28,Jun 2024,Cash - Payroll,Bank,France SAS,Operations,42050.14,0.0
TXN51242,2024-06-28,Jun 2024,Product Sales,Income,France SAS,Operations,0.0,42050.14
TXN51243,2024-06-02,Jun 2024,Short-term Loans,OthCurrLiab,UK Operations,Finance,34951.62,0.0
TXN51243,2024-06-02,Jun 2024,Accounts Receivable,AcctRec,UK Operations,Finance,0.0,34951.62
TXN51244,2024-08-09,Aug 2024,Sales Tax Payable,OthCurrLiab,France SAS,Operations,25290.53,0.0
TXN51244,2024-08-09,Aug 2024,Inventory - Finished Goods,OthCurrAsset,France SAS,Operations,0.0,25290.53
TXN51245,2024-05-13,May 2024,Accounts Receivable,AcctRec,Singapore Pte Ltd,Marketing,12371.82,0.0
TXN51245,2024-05-13,May 2024,Cash - Payroll,Bank,Singapore Pte Ltd,Marketing,0.0,12371.82
TXN51246,2024-08-23,Aug 2024,Cash - Operating,Bank,Australia Pty Ltd,Engineering,45709.51,0.0
TXN51246,2024-08-23,Aug 2024,Interest Income,OthIncome,Australia Pty Ltd,Engineering,0.0,45709.51
TXN51247,2024-01-03,Jan 2024,Travel and Entertainment,Expense,US Headquarters,,8759.45,0.0
TXN51247,2024-01-03,Jan 2024,Prepaid Expenses,OthCurrAsset,US Headquarters,,0.0,8759.45
TXN51248,2024-10-02,Oct 2024,Interest Expense,OthExpense,UK Operations,,32598.2,0.0
TXN51248,2024-10-02,Oct 2024,Accounts Payable,AcctPay,UK Operations,,0.0,32598.2
TXN51249,2024-12-10,Dec 2024,IT and Software,Expense,UK Operations,Marketing,48604.75,0.0
TXN51249,2024-12-10,Dec 2024,Inventory - Finished Goods,OthCurrAsset,UK Operations,Marketing,0.0,48604.75
TXN51250,2024-07-17,Jul 2024,Accounts Receivable,AcctRec,Germany GmbH,,49191.4,0.0
TXN51250,2024-07-17,Jul 2024,Service Revenue,Income,Germany GmbH,,0.0,49191.4
TXN51251,2024-08-15,Aug 2024,Sales Tax Payable,OthCurrLiab,US Headquarters,Sales,37182.91,0.0
TXN51251,2024-08-15,Aug 2024,Cash - Payroll,Bank,US Headquarters,Sales,0.0,37182.91
TXN51252,2024-02-16,Feb 2024,Accounts Receivable,AcctRec,Canada Inc,,11135.27,0.0
TXN51252,2024-02-16,Feb 2024,Cash - Operating,Bank,Canada Inc,,0.0,11135.27
TXN51253,2024-05-23,May 2024,Cash - Payroll,Bank,Singapore Pte Ltd,,35377.7,0.0
TXN51253,2024-05-23,May 2024,Interest Income,OthIncome,Singapore Pte Ltd,,0.0,35377.7
TXN51254,2024-02-26,Feb 2024,Cash - Payroll,Bank,Canada Inc,Operations,25066.25,0.0
TXN51254,2024-02-26,Feb 2024,Service Revenue,Income,Canada Inc,Operations,0.0,25066.25
TXN51255,2024-02-03,Feb 2024,Inventory - Raw Materials,OthCurrAsset,Germany GmbH,,3345.96,0.0
TXN51255,2024-02-03,Feb 2024,Service Revenue,Income,Germany GmbH,,0.0,3345.96
TXN51256,2024-09-24,Sep 2024,Inventory - Finished Goods,OthCurrAsset,Canada Inc,Sales,42398.59,0.0
TXN51256,2024-09-24,Sep 2024,Consulting Revenue,Income,Canada Inc,Sales,0.0,42398.59
TXN51257,2024-12-14,Dec 2024,Interest Expense,OthExpense,Singapore Pte Ltd,Engineering,46900.73,0.0
TXN51257,2024-12-14,Dec 2024,Cash - Operating,Bank,Singapore Pte Ltd,Engineering,0.0,46900.73
TXN51258,2024-06-14,Jun 2024,Travel and Entertainment,Expense,Japan KK,Finance,13774.38,0.0
TXN51258,2024-06-14,Jun 2024,Accounts Payable,AcctPay,Japan KK,Finance,0.0,13774.38
TXN51259,2024-07-04,Jul 2024,Allowance for Doubtful Accounts,AcctRec,US Headquarters,,11304.96,0.0
TXN51259,2024-07-04,Jul 2024,Interest Income,OthIncome,US Headquarters,,0.0,11304.96
TXN51260,2024-06-10,Jun 2024,Inventory - Raw Materials,OthCurrAsset,US Headquarters,Finance,9810.95,0.0
TXN51260,2024-06-10,Jun 2024,Product Sales,Income,US Headquarters,Finance,0.0,9810.95
TXN51261,2024-04-25,Apr 2024,Accounts Receivable,AcctRec,Japan KK,Engineering,45858.06,0.0
TXN51261,2024-04-25,Apr 2024,Consulting Revenue,Income,Japan KK,Engineering,0.0,45858.06
TXN51262,2024-02-02,Feb 2024,Short-term Loans,OthCurrLiab,UK Operations,Engineering,24050.32,0.0
TXN51262,2024-02-02,Feb 2024,Prepaid Expenses,OthCurrAsset,UK Operations,Engineering,0.0,24050.32
TXN51263,2024-11-16,Nov 2024,Office Supplies,Expense,Australia Pty Ltd,Marketing,12432.96,0.0
TXN51263,2024-11-16,Nov 2024,Cash - Operating,Bank,Australia Pty Ltd,Marketing,0.0,12432.96
TXN51264,2024-06-19,Jun 2024,Cost of Goods Sold - Services,COGS,France SAS,Engineering,38809.9,0.0
TXN51264,2024-06-19,Jun 2024,Payroll Liabilities,OthCurrLiab,France SAS,Engineering,0.0,38809.9
TXN51265,2024-08-16,Aug 2024,Allowance for Doubtful Accounts,AcctRec,UK Operations,Engineering,48728.83,0.0
TXN51265,2024-08-16,Aug 2024,Accounts Receivable,AcctRec,UK Operations,Engineering,0.0,48728.83
TXN51266,2024-12-21,Dec 2024,Accounts Payable,AcctPay,UK Operations,Sales,3193.91,0.0
TXN51266,2024-12-21,Dec 2024,Accounts Receivable,AcctRec,UK Operations,Sales,0.0,3193.91
TXN51267,2024-11-08,Nov 2024,Cash - Operating,Bank,Japan KK,Engineering,5181.2,0.0
TXN51267,2024-11-08,Nov 2024,Consulting Revenue,Income,Japan KK,Engineering,0.0,5181.2
TXN51268,2024-07-14,Jul 2024,IT and Software,Expense,Japan KK,Engineering,30903.37,0.0
TXN51268,2024-07-14,Jul 2024,Payroll Liabilities,OthCurrLiab,Japan KK,Engineering,0.0,30903.37
TXN51269,2024-11-15,Nov 2024,Short-term Loans,OthCurrLiab,US Headquarters,Finance,19257.61,0.0
TXN51269,2024-11-15,Nov 2024,Inventory - Raw Materials,OthCurrAsset,US Headquarters,Finance,0.0,19257.61
TXN51270,2024-02-21,Feb 2024,Payroll Liabilities,OthCurrLiab,Australia Pty Ltd,,46885.48,0.0
TXN51270,2024-02-21,Feb 2024,Inventory - Raw Materials,OthCurrAsset,Australia Pty Ltd,,0.0,46885.48
TXN51271,2024-06-17,Jun 2024,Cost of Goods Sold - Services,COGS,France SAS,Engineering,5224.21,0.0
TXN51271,2024-06-17,Jun 2024,Sales Tax Payable,OthCurrLiab,France SAS,Engineering,0.0,5224.21
TXN51272,2024-04-09,Apr 2024,Travel and Entertainment,Expense,Germany GmbH,,25494.01,0.0
TXN51272,2024-04-09,Apr 2024,Short-term Loans,OthCurrLiab,Germany GmbH,,0.0,25494.01
TXN51273,2024-11-13,Nov 2024,Accounts Payable,AcctPay,Singapore Pte Ltd,Sales,12233.31,0.0
TXN51273,2024-11-13,Nov 2024,Cash - Payroll,Bank,Singapore Pte Ltd,Sales,0.0,12233.31
TXN51274,2024-06-08,Jun 2024,Sales Tax Payable,OthCurrLiab,Japan KK,Operations,47991.09,0.0
TXN51274,2024-06-08,Jun 2024,Inventory - Raw Materials,OthCurrAsset,Japan KK,Operations,0.0,47991.09
TXN51275,2024-10-04,Oct 2024,Utilities,Expense,Germany GmbH,Sales,23529.24,0.0
TXN51275,2024-10-04,Oct 2024,Inventory - Finished Goods,OthCurrAsset,Germany GmbH,Sales,0.0,23529.24
TXN51276,2024-01-05,Jan 2024,Short-term Loans,OthCurrLiab,Germany GmbH,Engineering,11945.63,0.0
TXN51276,2024-01-05,Jan 2024,Prepaid Expenses,OthCurrAsset,Germany GmbH,Engineering,0.0,11945.63
TXN51277,2024-01-28,Jan 2024,Cash - Payroll,Bank,Japan KK,Marketing,9850.82,0.0
TXN51277,2024-01-28,Jan 2024,Product Sales,Income,Japan KK,Marketing,0.0,9850.82
TXN51278,2024-06-23,Jun 2024,Travel and Entertainment,Expense,France SAS,,23838.68,0.0
TXN51278,2024-06-23,Jun 2024,Sales Tax Payable,OthCurrLiab,France SAS,,0.0,23838.68
TXN51279,2024-12-20,Dec 2024,Accounts Receivable,AcctRec,Australia Pty Ltd,Operations,28348.24,0.0
TXN51279,2024-12-20,Dec 2024,Interest Income,OthIncome,Australia Pty Ltd,Operations,0.0,28348.24
TXN51280,2024-06-17,Jun 2024,Accounts Payable,AcctPay,Germany GmbH,Engineering,22769.67,0.0
TXN51280,2024-06-17,Jun 2024,Allowance for Doubtful Accounts,AcctRec,Germany GmbH,Engineering,0.0,22769.67
TXN51281,2024-04-22,Apr 2024,Inventory - Raw Materials,OthCurrAsset,US Headquarters,,11228.95,0.0
TXN51281,2024-04-22,Apr 2024,Service Revenue,Income,US Headquarters,,0.0,11228.95
TXN51282,2024-05-02,May 2024,Payroll Liabilities,OthCurrLiab,Singapore Pte Ltd,,38440.59,0.0
TXN51282,2024-05-02,May 2024,Cash - Payroll,Bank,Singapore Pte Ltd,,0.0,38440.59
TXN51283,2024-07-23,Jul 2024,Cash - Operating,Bank,Germany GmbH,Engineering,18204.58,0.0
TXN51283,2024-07-23,Jul 2024,Product Sales,Income,Germany GmbH,Engineering,0.0,18204.58
TXN51284,2024-03-13,Mar 2024,Office Supplies,Expense,Canada Inc,Finance,9800.73,0.0
TXN51284,2024-03-13,Mar 2024,Cash - Operating,Bank,Canada Inc,Finance,0.0,9800.73
TXN51285,2024-01-16,Jan 2024,Accounts Receivable,AcctRec,France SAS,Sales,14276.63,0.0
TXN51285,2024-01-16,Jan 2024,Service Revenue,Income,France SAS,Sales,0.0,14276.63
TXN51286,2024-06-22,Jun 2024,Accounts Receivable,AcctRec,France SAS,Sales,9879.78,0.0
TXN51286,2024-06-22,Jun 2024,Product Sales,Income,France SAS,Sales,0.0,9879.78
TXN51287,2024-01-11,Jan 2024,Accounts Receivable,AcctRec,Germany GmbH,Finance,32777.97,0.0
TXN51287,2024-01-11,Jan 2024,Cash - Payroll,Bank,Germany GmbH,Finance,0.0,32777.97
TXN51288,2024-06-05,Jun 2024,Salaries and Wages,Expense,Singapore Pte Ltd,Sales,18545.07,0.0
TXN51288,2024-06-05,Jun 2024,Accrued Expenses,AcctPay,Singapore Pte Ltd,Sales,0.0,18545.07
TXN51289,2024-11-15,Nov 2024,Cash - Payroll,Bank,Japan KK,,3362.34,0.0
TXN51289,2024-11-15,Nov 2024,Service Revenue,Income,Japan KK,,0.0,3362.34
TXN51290,2024-04-08,Apr 2024,Interest Expense,OthExpense,Japan KK,,18775.34,0.0
TXN51290,2024-04-08,Apr 2024,Allowance for Doubtful Accounts,AcctRec,Japan KK,,0.0,18775.34
TXN51291,2024-01-24,Jan 2024,Cash - Payroll,Bank,France SAS,Operations,14779.72,0.0
TXN51291,2024-01-24,Jan 2024,Product Sales,Income,France SAS,Operations,0.0,14779.72
TXN51292,2024-11-18,Nov 2024,Allowance for Doubtful Accounts,AcctRec,Canada Inc,Sales,42589.98,0.0
TXN51292,2024-11-18,Nov 2024,Cash - Payroll,Bank,Canada Inc,Sales,0.0,42589.98
TXN51293,2024-02-11,Feb 2024,Allowance for Doubtful Accounts,AcctRec,Singapore Pte Ltd,,30782.83,0.0
TXN51293,2024-02-11,Feb 2024,Consulting Revenue,Income,Singapore Pte Ltd,,0.0,30782.83
TXN51294,2024-09-12,Sep 2024,Travel and Entertainment,Expense,Singapore Pte Ltd,Sales,16158.97,0.0
TXN51294,2024-09-12,Sep 2024,Short-term Loans,OthCurrLiab,Singapore Pte Ltd,Sales,0.0,16158.97
TXN51295,2024-09-10,Sep 2024,IT and Software,Expense,Singapore Pte Ltd,Marketing,29101.22,0.0
TXN51295,2024-09-10,Sep 2024,Payroll Liabilities,OthCurrLiab,Singapore Pte Ltd,Marketing,0.0,29101.22
TXN51296,2024-01-19,Jan 2024,Rent Expense,Expense,France SAS,Sales,44754.74,0.0
TXN51296,2024-01-19,Jan 2024,Prepaid Expenses,OthCurrAsset,France SAS,Sales,0.0,44754.74
TXN51297,2024-04-21,Apr 2024,Office Supplies,Expense,Canada Inc,Finance,44446.58,0.0
TXN51297,2024-04-21,Apr 2024,Inventory - Raw Materials,OthCurrAsset,Canada Inc,Finance,0.0,44446.58
TXN51298,2024-10-08,Oct 2024,Inventory - Raw Materials,OthCurrAsset,UK Operations,Sales,37605.98,0.0
TXN51298,2024-10-08,Oct 2024,Consulting Revenue,Income,UK Operations,Sales,0.0,37605.98
TXN51299,2024-04-27,Apr 2024,Allowance for Doubtful Accounts,AcctRec,US Headquarters,Finance,25661.88,0.0
TXN51299,2024-04-27,Apr 2024,Interest Income,OthIncome,US Headquarters,Finance,0.0,25661.88
TXN51300,2024-08-09,Aug 2024,Allowance for Doubtful Accounts,AcctRec,Japan KK,Marketing,40244.77,0.0
TXN51300,2024-08-09,Aug 2024,Product Sales,Income,Japan KK,Marketing,0.0,40244.77
TXN51301,2024-04-01,Apr 2024,Cash - Operating,Bank,Singapore Pte Ltd,Sales,13354.68,0.0
TXN51301,2024-04-01,Apr 2024,Consulting Revenue,Income,Singapore Pte Ltd,Sales,0.0,13354.68
TXN51302,2024-09-13,Sep 2024,Cash - Operating,Bank,UK Operations,Marketing,46337.64,0.0
TXN51302,2024-09-13,Sep 2024,Consulting Revenue,Income,UK Operations,Marketing,0.0,46337.64
TXN51303,2024-01-20,Jan 2024,Accounts Receivable,AcctRec,France SAS,Marketing,9912.65,0.0
TXN51303,2024-01-20,Jan 2024,Consulting Revenue,Income,France SAS,Marketing,0.0,9912.65
TXN51304,2024-04-07,Apr 2024,Cash - Operating,Bank,Germany GmbH,,37017.07,0.0
TXN51304,2024-04-07,Apr 2024,Prepaid Expenses,OthCurrAsset,Germany GmbH,,0.0,37017.07
TXN51305,2024-06-02,Jun 2024,Marketing and Advertising,Expense,Canada Inc,Marketing,39178.1,0.0
TXN51305,2024-06-02,Jun 2024,Sales Tax Payable,OthCurrLiab,Canada Inc,Marketing,0.0,39178.1
TXN51306,2024-12-01,Dec 2024,Cash - Payroll,Bank,US Headquarters,Finance,32739.14,0.0
TXN51306,2024-12-01,Dec 2024,Prepaid Expenses,OthCurrAsset,US Headquarters,Finance,0.0,32739.14
TXN51307,2024-07-22,Jul 2024,Cash - Payroll,Bank,France SAS,Sales,36194.46,0.0
TXN51307,2024-07-22,Jul 2024,Interest Income,OthIncome,France SAS,Sales,0.0,36194.46
TXN51308,2024-08-24,Aug 2024,Prepaid Expenses,OthCurrAsset,Australia Pty Ltd,Engineering,15722.43,0.0
TXN51308,2024-08-24,Aug 2024,Interest Income,OthIncome,Australia Pty Ltd,Engineering,0.0,15722.43
TXN51309,2024-04-17,Apr 2024,Cash - Payroll,Bank,Singapore Pte Ltd,Finance,42661.91,0.0
TXN51309,2024-04-17,Apr 2024,Service Revenue,Income,Singapore Pte Ltd,Finance,0.0,42661.91
TXN51310,2024-06-05,Jun 2024,Sales Tax Payable,OthCurrLiab,US Headquarters,Finance,40539.03,0.0
TXN51310,2024-06-05,Jun 2024,Cash - Payroll,Bank,US Headquarters,Finance,0.0,40539.03
TXN51311,2024-08-02,Aug 2024,Short-term Loans,OthCurrLiab,Japan KK,,37656.05,0.0
TXN51311,2024-08-02,Aug 2024,Accounts Receivable,AcctRec,Japan KK,,0.0,37656.05
TXN51312,2024-06-15,Jun 2024,Cash - Payroll,Bank,US Headquarters,Operations,39289.35,0.0
TXN51312,2024-06-15,Jun 2024,Accounts Receivable,AcctRec,US Headquarters,Operations,0.0,39289.35
TXN51313,2024-10-17,Oct 2024,Professional Fees,Expense,Japan KK,Finance,10289.81,0.0
TXN51313,2024-10-17,Oct 2024,Prepaid Expenses,OthCurrAsset,Japan KK,Finance,0.0,10289.81
TXN51314,2024-04-06,Apr 2024,Inventory - Finished Goods,OthCurrAsset,Singapore Pte Ltd,Engineering,16509.18,0.0
TXN51314,2024-04-06,Apr 2024,Accounts Receivable,AcctRec,Singapore Pte Ltd,Engineering,0.0,16509.18
TXN51315,2024-02-17,Feb 2024,Prepaid Expenses,OthCurrAsset,Germany GmbH,Engineering,33776.79,0.0
TXN51315,2024-02-17,Feb 2024,Interest Income,OthIncome,Germany GmbH,Engineering,0.0,33776.79
TXN51316,2024-01-14,Jan 2024,Accounts Receivable,AcctRec,Germany GmbH,Sales,3567.6,0.0
TXN51316,2024-01-14,Jan 2024,Cash - Payroll,Bank,Germany GmbH,Sales,0.0,3567.6
TXN51317,2024-04-29,Apr 2024,Office Supplies,Expense,Canada Inc,,26267.35,0.0
TXN51317,2024-04-29,Apr 2024,Accrued Expenses,AcctPay,Canada Inc,,0.0,26267.35
TXN51318,2024-01-06,Jan 2024,Salaries and Wages,Expense,Germany GmbH,Marketing,42999.4,0.0
TXN51318,2024-01-06,Jan 2024,Cash - Payroll,Bank,Germany GmbH,Marketing,0.0,42999.4
TXN51319,2024-03-07,Mar 2024,Rent Expense,Expense,Japan KK,Finance,37182.82,0.0
TXN51319,2024-03-07,Mar 2024,Accounts Receivable,AcctRec,Japan KK,Finance,0.0,37182.82
TXN51320,2024-04-15,Apr 2024,Salaries and Wages,Expense,Canada Inc,Finance,40913.02,0.0
TXN51320,2024-04-15,Apr 2024,Sales Tax Payable,OthCurrLiab,Canada Inc,Finance,0.0,40913.02
TXN51321,2024-10-21,Oct 2024,Payroll Liabilities,OthCurrLiab,Canada Inc,Operations,10228.34,0.0
TXN51321,2024-10-21,Oct 2024,Accounts Receivable,AcctRec,Canada Inc,Operations,0.0,10228.34
TXN51322,2024-04-13,Apr 2024,Short-term Loans,OthCurrLiab,US Headquarters,Sales,22342.01,0.0
TXN51322,2024-04-13,Apr 2024,Prepaid Expenses,OthCurrAsset,US Headquarters,Sales,0.0,22342.01
TXN51323,2024-05-06,May 2024,IT and Software,Expense,Australia Pty Ltd,Operations,43974.05,0.0
TXN51323,2024-05-06,May 2024,Cash - Operating,Bank,Australia Pty Ltd,Operations,0.0,43974.05
TXN51324,2024-02-16,Feb 2024,Utilities,Expense,Canada Inc,,44061.6,0.0
TXN51324,2024-02-16,Feb 2024,Prepaid Expenses,OthCurrAsset,Canada Inc,,0.0,44061.6
TXN51325,2024-11-09,Nov 2024,Inventory - Finished Goods,OthCurrAsset,Germany GmbH,Finance,12531.83,0.0
TXN51325,2024-11-09,Nov 2024,Allowance for Doubtful Accounts,AcctRec,Germany GmbH,Finance,0.0,12531.83
TXN51326,2024-08-22,Aug 2024,Marketing and Advertising,Expense,Japan KK,,9253.87,0.0
TXN51326,2024-08-22,Aug 2024,Short-term Loans,OthCurrLiab,Japan KK,,0.0,9253.87
TXN51327,2024-01-23,Jan 2024,Utilities,Expense,France SAS,Sales,13761.44,0.0
TXN51327,2024-01-23,Jan 2024,Payroll Liabilities,OthCurrLiab,France SAS,Sales,0.0,13761.44
TXN51328,2024-02-04,Feb 2024,Accounts Payable,AcctPay,France SAS,Finance,20622.78,0.0
TXN51328,2024-02-04,Feb 2024,Accounts Receivable,AcctRec,France SAS,Finance,0.0,20622.78
TXN51329,2024-02-09,Feb 2024,Allowance for Doubtful Accounts,AcctRec,UK Operations,Operations,38350.3,0.0
TXN51329,2024-02-09,Feb 2024,Service Revenue,Income,UK Operations,Operations,0.0,38350.3
TXN51330,2024-05-09,May 2024,Inventory - Finished Goods,OthCurrAsset,France SAS,Operations,2327.29,0.0
TXN51330,2024-05-09,May 2024,Interest Income,OthIncome,France SAS,Operations,0.0,2327.29
TXN51331,2024-07-14,Jul 2024,Cash - Operating,Bank,Australia Pty Ltd,,20027.16,0.0
TXN51331,2024-07-14,Jul 2024,Product Sales,Income,Australia Pty Ltd,,0.0,20027.16
TXN51332,2024-05-08,May 2024,Inventory - Finished Goods,OthCurrAsset,UK Operations,,45865.14,0.0
TXN51332,2024-05-08,May 2024,Interest Income,OthIncome,UK Operations,,0.0,45865.14
TXN51333,2024-09-05,Sep 2024,Travel and Entertainment,Expense,Singapore Pte Ltd,Engineering,4219.18,0.0
TXN51333,2024-09-05,Sep 2024,Accounts Receivable,AcctRec,Singapore Pte Ltd,Engineering,0.0,4219.18
TXN51334,2024-08-29,Aug 2024,Cash - Operating,Bank,Canada Inc,Sales,8612.4,0.0
TXN51334,2024-08-29,Aug 2024,Service Revenue,Income,Canada Inc,Sales,0.0,8612.4
TXN51335,2024-05-30,May 2024,Inventory - Finished Goods,OthCurrAsset,UK Operations,Operations,37098.18,0.0
TXN51335,2024-05-30,May 2024,Product Sales,Income,UK Operations,Operations,0.0,37098.18
TXN51336,2024-12-12,Dec 2024,Inventory - Finished Goods,OthCurrAsset,Canada Inc,Sales,22088.83,0.0
TXN51336,2024-12-12,Dec 2024,Product Sales,Income,Canada Inc,Sales,0.0,22088.83
TXN51337,2024-12-11,Dec 2024,Short-term Loans,OthCurrLiab,France SAS,Finance,34867.44,0.0
TXN51337,2024-12-11,Dec 2024,Inventory - Finished Goods,OthCurrAsset,France SAS,Finance,0.0,34867.44
TXN51338,2024-12-05,Dec 2024,IT and Software,Expense,UK Operations,Finance,34548.3,0.0
TXN51338,2024-12-05,Dec 2024,Cash - Operating,Bank,UK Operations,Finance,0.0,34548.3
TXN51339,2024-01-25,Jan 2024,Rent Expense,Expense,Japan KK,Sales,46448.15,0.0
TXN51339,2024-01-25,Jan 2024,Allowance for Doubtful Accounts,AcctRec,Japan KK,Sales,0.0,46448.15
TXN51340,2024-02-16,Feb 2024,Prepaid Expenses,OthCurrAsset,US Headquarters,Finance,1494.41,0.0
TXN51340,2024-02-16,Feb 2024,Service Revenue,Income,US Headquarters,Finance,0.0,1494.41
TXN51341,2024-12-14,Dec 2024,Prepaid Expenses,OthCurrAsset,UK Operations,Sales,47941.39,0.0
TXN51341,2024-12-14,Dec 2024,Service Revenue,Income,UK Operations,Sales,0.0,47941.39
TXN51342,2024-03-26,Mar 2024,Sales Tax Payable,OthCurrLiab,US Headquarters,Finance,25673.76,0.0
TXN51342,2024-03-26,Mar 2024,Inventory - Raw Materials,OthCurrAsset,US Headquarters,Finance,0.0,25673.76
TXN51343,2024-11-16,Nov 2024,Marketing and Advertising,Expense,France SAS,Operations,10435.25,0.0
TXN51343,2024-11-16,Nov 2024,Cash - Payroll,Bank,France SAS,Operations,0.0,10435.25
TXN51344,2024-04-28,Apr 2024,Allowance for Doubtful Accounts,AcctRec,France SAS,Engineering,17893.16,0.0
TXN51344,2024-04-28,Apr 2024,Consulting Revenue,Income,France SAS,Engineering,0.0,17893.16
TXN51345,2024-01-07,Jan 2024,Prepaid Expenses,OthCurrAsset,Japan KK,Sales,22992.92,0.0
TXN51345,2024-01-07,Jan 2024,Consulting Revenue,Income,Japan KK,Sales,0.0,22992.92
TXN51346,2024-11-28,Nov 2024,Accounts Receivable,AcctRec,Australia Pty Ltd,Engineering,3459.83,0.0
TXN51346,2024-11-28,Nov 2024,Interest Income,OthIncome,Australia Pty Ltd,Engineering,0.0,3459.83
TXN51347,2024-02-22,Feb 2024,Interest Expense,OthExpense,Germany GmbH,Marketing,47955.83,0.0
TXN51347,2024-02-22,Feb 2024,Short-term Loans,OthCurrLiab,Germany GmbH,Marketing,0.0,47955.83
TXN51348,2024-07-17,Jul 2024,Sales Tax Payable,OthCurrLiab,Germany GmbH,Marketing,8849.02,0.0
TXN51348,2024-07-17,Jul 2024,Prepaid Expenses,OthCurrAsset,Germany GmbH,Marketing,0.0,8849.02
TXN51349,2024-12-07,Dec 2024,IT and Software,Expense,Singapore Pte Ltd,Engineering,16821.75,0.0
TXN51349,2024-12-07,Dec 2024,Accounts Payable,AcctPay,Singapore Pte Ltd,Engineering,0.0,16821.75
TXN51350,2024-07-14,Jul 2024,Cash - Payroll,Bank,France SAS,Operations,29414.68,0.0
TXN51350,2024-07-14,Jul 2024,Cash - Operating,Bank,France SAS,Operations,0.0,29414.68
TXN51351,2024-11-11,Nov 2024,Rent Expense,Expense,UK Operations,Marketing,11896.18,0.0
TXN51351,2024-11-11,Nov 2024,Sales Tax Payable,OthCurrLiab,UK Operations,Marketing,0.0,11896.18
TXN51352,2024-02-10,Feb 2024,Cash - Payroll,Bank,US Headquarters,Sales,18788.73,0.0
TXN51352,2024-02-10,Feb 2024,Interest Income,OthIncome,US Headquarters,Sales,0.0,18788.73
TXN51353,2024-04-14,Apr 2024,Travel and Entertainment,Expense,US Headquarters,Sales,46178.12,0.0
TXN51353,2024-04-14,Apr 2024,Short-term Loans,OthCurrLiab,US Headquarters,Sales,0.0,46178.12
TXN51354,2024-06-17,Jun 2024,Accounts Payable,AcctPay,Germany GmbH,Marketing,15945.18,0.0
TXN51354,2024-06-17,Jun 2024,Inventory - Raw Materials,OthCurrAsset,Germany GmbH,Marketing,0.0,15945.18
TXN51355,2024-07-31,Jul 2024,Sales Tax Payable,OthCurrLiab,Canada Inc,Engineering,11527.6,0.0
TXN51355,2024-07-31,Jul 2024,Cash - Payroll,Bank,Canada Inc,Engineering,0.0,11527.6
TXN51356,2024-04-15,Apr 2024,Accrued Expenses,AcctPay,US Headquarters,,49419.98,0.0
TXN51356,2024-04-15,Apr 2024,Inventory - Raw Materials,OthCurrAsset,US Headquarters,,0.0,49419.98
TXN51357,2024-07-14,Jul 2024,Prepaid Expenses,OthCurrAsset,Australia Pty Ltd,Sales,22173.81,0.0
TXN51357,2024-07-14,Jul 2024,Interest Income,OthIncome,Australia Pty Ltd,Sales,0.0,22173.81
TXN51358,2024-02-05,Feb 2024,Cash - Payroll,Bank,France SAS,Engineering,31754.91,0.0
TXN51358,2024-02-05,Feb 2024,Service Revenue,Income,France SAS,Engineering,0.0,31754.91
TXN51359,2024-02-16,Feb 2024,Accrued Expenses,AcctPay,Germany GmbH,Operations,27487.47,0.0
TXN51359,2024-02-16,Feb 2024,Cash - Payroll,Bank,Germany GmbH,Operations,0.0,27487.47
TXN51360,2024-09-16,Sep 2024,Inventory - Finished Goods,OthCurrAsset,UK Operations,Finance,36276.96,0.0
TXN51360,2024-09-16,Sep 2024,Service Revenue,Income,UK Operations,Finance,0.0,36276.96
TXN51361,2024-05-05,May 2024,Inventory - Raw Materials,OthCurrAsset,Japan KK,Sales,30331.98,0.0
TXN51361,2024-05-05,May 2024,Interest Income,OthIncome,Japan KK,Sales,0.0,30331.98
TXN51362,2024-11-21,Nov 2024,Office Supplies,Expense,France SAS,Marketing,43135.03,0.0
TXN51362,2024-11-21,Nov 2024,Prepaid Expenses,OthCurrAsset,France SAS,Marketing,0.0,43135.03
TXN51363,2024-07-12,Jul 2024,Marketing and Advertising,Expense,Germany GmbH,Finance,22124.67,0.0
TXN51363,2024-07-12,Jul 2024,Accounts Receivable,AcctRec,Germany GmbH,Finance,0.0,22124.67
TXN51364,2024-09-03,Sep 2024,Accounts Receivable,AcctRec,US Headquarters,Finance,21427.12,0.0
TXN51364,2024-09-03,Sep 2024,Service Revenue,Income,US Headquarters,Finance,0.0,21427.12
TXN51365,2024-10-10,Oct 2024,Accounts Receivable,AcctRec,Germany GmbH,Marketing,19084.47,0.0
TXN51365,2024-10-10,Oct 2024,Interest Income,OthIncome,Germany GmbH,Marketing,0.0,19084.47
TXN51366,2024-10-14,Oct 2024,Accrued Expenses,AcctPay,Singapore Pte Ltd,Engineering,16728.38,0.0
TXN51366,2024-10-14,Oct 2024,Cash - Payroll,Bank,Singapore Pte Ltd,Engineering,0.0,16728.38
TXN51367,2024-04-07,Apr 2024,Sales Tax Payable,OthCurrLiab,US Headquarters,Engineering,43096.59,0.0
TXN51367,2024-04-07,Apr 2024,Allowance for Doubtful Accounts,AcctRec,US Headquarters,Engineering,0.0,43096.59
TXN51368,2024-07-26,Jul 2024,Travel and Entertainment,Expense,Japan KK,Finance,48527.58,0.0
TXN51368,2024-07-26,Jul 2024,Inventory - Raw Materials,OthCurrAsset,Japan KK,Finance,0.0,48527.58
TXN51369,2024-11-24,Nov 2024,Cash - Operating,Bank,UK Operations,Finance,44261.48,0.0
TXN51369,2024-11-24,Nov 2024,Allowance for Doubtful Accounts,AcctRec,UK Operations,Finance,0.0,44261.48
TXN51370,2024-10-16,Oct 2024,Prepaid Expenses,OthCurrAsset,Germany GmbH,Sales,38171.25,0.0
TXN51370,2024-10-16,Oct 2024,Prepaid Expenses,OthCurrAsset,Germany GmbH,Sales,0.0,38171.25
TXN51371,2024-06-27,Jun 2024,Interest Expense,OthExpense,Singapore Pte Ltd,,34455.62,0.0
TXN51371,2024-06-27,Jun 2024,Prepaid Expenses,OthCurrAsset,Singapore Pte Ltd,,0.0,34455.62
TXN51372,2024-08-05,Aug 2024,Accounts Receivable,AcctRec,France SAS,Sales,23938.51,0.0
TXN51372,2024-08-05,Aug 2024,Inventory - Finished Goods,OthCurrAsset,France SAS,Sales,0.0,23938.51
TXN51373,2024-12-27,Dec 2024,Inventory - Raw Materials,OthCurrAsset,US Headquarters,,33317.21,0.0
TXN51373,2024-12-27,Dec 2024,Interest Income,OthIncome,US Headquarters,,0.0,33317.21
TXN51374,2024-12-14,Dec 2024,Interest Expense,OthExpense,Germany GmbH,Marketing,12446.0,0.0
TXN51374,2024-12-14,Dec 2024,Accounts Receivable,AcctRec,Germany GmbH,Marketing,0.0,12446.0
TXN51375,2024-01-07,Jan 2024,Allowance for Doubtful Accounts,AcctRec,UK Operations,Engineering,32255.43,0.0
TXN51375,2024-01-07,Jan 2024,Inventory - Finished Goods,OthCurrAsset,UK Operations,Engineering,0.0,32255.43
TXN51376,2024-10-27,Oct 2024,Cash - Payroll,Bank,UK Operations,Operations,45506.46,0.0
TXN51376,2024-10-27,Oct 2024,Prepaid Expenses,OthCurrAsset,UK Operations,Operations,0.0,45506.46
TXN51377,2024-08-06,Aug 2024,Inventory - Finished Goods,OthCurrAsset,Canada Inc,,15180.76,0.0
TXN51377,2024-08-06,Aug 2024,Allowance for Doubtful Accounts,AcctRec,Canada Inc,,0.0,15180.76
TXN51378,2024-10-27,Oct 2024,Inventory - Finished Goods,OthCurrAsset,Canada Inc,,20639.29,0.0
TXN51378,2024-10-27,Oct 2024,Prepaid Expenses,OthCurrAsset,Canada Inc,,0.0,20639.29
TXN51379,2024-02-15,Feb 2024,Accrued Expenses,AcctPay,UK Operations,,28673.32,0.0
TXN51379,2024-02-15,Feb 2024,Accounts Receivable,AcctRec,UK Operations,,0.0,28673.32
TXN51380,2024-04-17,Apr 2024,Prepaid Expenses,OthCurrAsset,Japan KK,,15474.21,0.0
TXN51380,2024-04-17,Apr 2024,Allowance for Doubtful Accounts,AcctRec,Japan KK,,0.0,15474.21
TXN51381,2024-01-01,Jan 2024,Marketing and Advertising,Expense,UK Operations,Engineering,38709.81,0.0
TXN51381,2024-01-01,Jan 2024,Payroll Liabilities,OthCurrLiab,UK Operations,Engineering,0.0,38709.81
TXN51382,2024-05-27,May 2024,Cash - Payroll,Bank,Japan KK,Sales,8902.42,0.0
TXN51382,2024-05-27,May 2024,Service Revenue,Income,Japan KK,Sales,0.0,8902.42
TXN51383,2024-09-06,Sep 2024,Rent Expense,Expense,Germany GmbH,Operations,47429.32,0.0
TXN51383,2024-09-06,Sep 2024,Accounts Receivable,AcctRec,Germany GmbH,Operations,0.0,47429.32
TXN51384,2024-04-12,Apr 2024,Sales Tax Payable,OthCurrLiab,US Headquarters,,9218.2,0.0
TXN51384,2024-04-12,Apr 2024,Prepaid Expenses,OthCurrAsset,US Headquarters,,0.0,9218.2
TXN51385,2024-07-28,Jul 2024,Inventory - Finished Goods,OthCurrAsset,Singapore Pte Ltd,,45657.27,0.0
TXN51385,2024-07-28,Jul 2024,Service Revenue,Income,Singapore Pte Ltd,,0.0,45657.27
TXN51386,2024-02-10,Feb 2024,Accounts Receivable,AcctRec,Canada Inc,Engineering,18948.65,0.0
TXN51386,2024-02-10,Feb 2024,Product Sales,Income,Canada Inc,Engineering,0.0,18948.65
TXN51387,2024-10-26,Oct 2024,Accounts Payable,AcctPay,France SAS,Finance,24311.2,0.0
TXN51387,2024-10-26,Oct 2024,Cash - Operating,Bank,France SAS,Finance,0.0,24311.2
TXN51388,2024-05-16,May 2024,Cash - Operating,Bank,US Headquarters,,29164.03,0.0
TXN51388,2024-05-16,May 2024,Cash - Payroll,Bank,US Headquarters,,0.0,29164.03
TXN51389,2024-09-24,Sep 2024,Prepaid Expenses,OthCurrAsset,US Headquarters,Finance,30188.95,0.0
TXN51389,2024-09-24,Sep 2024,Accounts Receivable,AcctRec,US Headquarters,Finance,0.0,30188.95
TXN51390,2024-09-05,Sep 2024,Inventory - Finished Goods,OthCurrAsset,Singapore Pte Ltd,Marketing,30258.14,0.0
TXN51390,2024-09-05,Sep 2024,Consulting Revenue,Income,Singapore Pte Ltd,Marketing,0.0,30258.14
TXN51391,2024-06-10,Jun 2024,Cost of Goods Sold - Products,COGS,France SAS,Marketing,33287.41,0.0
TXN51391,2024-06-10,Jun 2024,Inventory - Finished Goods,OthCurrAsset,France SAS,Marketing,0.0,33287.41
TXN51392,2024-06-18,Jun 2024,Salaries and Wages,Expense,UK Operations,Engineering,22900.27,0.0
TXN51392,2024-06-18,Jun 2024,Cash - Operating,Bank,UK Operations,Engineering,0.0,22900.27
TXN51393,2024-11-04,Nov 2024,Rent Expense,Expense,UK Operations,Operations,14045.43,0.0
TXN51393,2024-11-04,Nov 2024,Inventory - Finished Goods,OthCurrAsset,UK Operations,Operations,0.0,14045.43
TXN51394,2024-08-19,Aug 2024,Inventory - Finished Goods,OthCurrAsset,Singapore Pte Ltd,Operations,20715.02,0.0
TXN51394,2024-08-19,Aug 2024,Consulting Revenue,Income,Singapore Pte Ltd,Operations,0.0,20715.02
TXN51395,2024-01-09,Jan 2024,Payroll Liabilities,OthCurrLiab,Australia Pty Ltd,Engineering,48482.92,0.0
TXN51395,2024-01-09,Jan 2024,Cash - Payroll,Bank,Australia Pty Ltd,Engineering,0.0,48482.92
TXN51396,2024-11-06,Nov 2024,Sales Tax Payable,OthCurrLiab,Singapore Pte Ltd,Finance,36986.31,0.0
TXN51396,2024-11-06,Nov 2024,Allowance for Doubtful Accounts,AcctRec,Singapore Pte Ltd,Finance,0.0,36986.31
TXN51397,2024-08-31,Aug 2024,Salaries and Wages,Expense,UK Operations,,19304.44,0.0
TXN51397,2024-08-31,Aug 2024,Accrued Expenses,AcctPay,UK Operations,,0.0,19304.44
TXN51398,2024-10-19,Oct 2024,Prepaid Expenses,OthCurrAsset,US Headquarters,Sales,24946.46,0.0
TXN51398,2024-10-19,Oct 2024,Interest Income,OthIncome,US Headquarters,Sales,0.0,24946.46
TXN51399,2024-03-27,Mar 2024,Rent Expense,Expense,Singapore Pte Ltd,Engineering,24160.21,0.0
TXN51399,2024-03-27,Mar 2024,Allowance for Doubtful Accounts,AcctRec,Singapore Pte Ltd,Engineering,0.0,24160.21
TXN51400,2024-03-28,Mar 2024,Accrued Expenses,AcctPay,UK Operations,Engineering,21801.18,0.0
TXN51400,2024-03-28,Mar 2024,Accounts Receivable,AcctRec,UK Operations,Engineering,0.0,21801.18
TXN51401,2024-07-15,Jul 2024,Interest Expense,OthExpense,Canada Inc,Sales,35986.83,0.0
TXN51401,2024-07-15,Jul 2024,Cash - Payroll,Bank,Canada Inc,Sales,0.0,35986.83
TXN51402,2024-12-06,Dec 2024,Office Supplies,Expense,Germany GmbH,Operations,31714.05,0.0
TXN51402,2024-12-06,Dec 2024,Allowance for Doubtful Accounts,AcctRec,Germany GmbH,Operations,0.0,31714.05
TXN51403,2024-10-21,Oct 2024,Inventory - Finished Goods,OthCurrAsset,UK Operations,,17226.97,0.0
TXN51403,2024-10-21,Oct 2024,Inventory - Finished Goods,OthCurrAsset,UK Operations,,0.0,17226.97
TXN51404,2024-07-14,Jul 2024,Cash - Operating,Bank,Japan KK,Sales,11255.19,0.0
TXN51404,2024-07-14,Jul 2024,Product Sales,Income,Japan KK,Sales,0.0,11255.19
TXN51405,2024-02-15,Feb 2024,Cash - Operating,Bank,Australia Pty Ltd,,29650.8,0.0
TXN51405,2024-02-15,Feb 2024,Consulting Revenue,Income,Australia Pty Ltd,,0.0,29650.8
TXN51406,2024-03-06,Mar 2024,Cash - Operating,Bank,Australia Pty Ltd,Finance,28888.15,0.0
TXN51406,2024-03-06,Mar 2024,Service Revenue,Income,Australia Pty Ltd,Finance,0.0,28888.15
TXN51407,2024-07-17,Jul 2024,Accrued Expenses,AcctPay,Japan KK,Marketing,38586.92,0.0
TXN51407,2024-07-17,Jul 2024,Inventory - Raw Materials,OthCurrAsset,Japan KK,Marketing,0.0,38586.92
TXN51408,2024-12-05,Dec 2024,Travel and Entertainment,Expense,France SAS,Engineering,19826.09,0.0
TXN51408,2024-12-05,Dec 2024,Inventory - Finished Goods,OthCurrAsset,France SAS,Engineering,0.0,19826.09
TXN51409,2024-03-15,Mar 2024,IT and Software,Expense,Canada Inc,Sales,25041.65,0.0
TXN51409,2024-03-15,Mar 2024,Inventory - Raw Materials,OthCurrAsset,Canada Inc,Sales,0.0,25041.65
TXN51410,2024-03-15,Mar 2024,Cost of Goods Sold - Services,COGS,US Headquarters,Operations,16074.95,0.0
TXN51410,2024-03-15,Mar 2024,Inventory - Raw Materials,OthCurrAsset,US Headquarters,Operations,0.0,16074.95
TXN51411,2024-12-27,Dec 2024,Marketing and Advertising,Expense,Singapore Pte Ltd,,41451.5,0.0
TXN51411,2024-12-27,Dec 2024,Cash - Operating,Bank,Singapore Pte Ltd,,0.0,41451.5
TXN51412,2024-06-19,Jun 2024,Accrued Expenses,AcctPay,Germany GmbH,,10609.59,0.0
TXN51412,2024-06-19,Jun 2024,Inventory - Finished Goods,OthCurrAsset,Germany GmbH,,0.0,10609.59
TXN51413,2024-01-27,Jan 2024,Prepaid Expenses,OthCurrAsset,Germany GmbH,Finance,36397.03,0.0
TXN51413,2024-01-27,Jan 2024,Service Revenue,Income,Germany GmbH,Finance,0.0,36397.03
TXN51414,2024-01-12,Jan 2024,Office Supplies,Expense,Japan KK,Marketing,21179.63,0.0
TXN51414,2024-01-12,Jan 2024,Prepaid Expenses,OthCurrAsset,Japan KK,Marketing,0.0,21179.63
TXN51415,2024-07-19,Jul 2024,Cash - Payroll,Bank,UK Operations,Operations,36365.05,0.0
TXN51415,2024-07-19,Jul 2024,Interest Income,OthIncome,UK Operations,Operations,0.0,36365.05
TXN51416,2024-02-19,Feb 2024,Cost of Goods Sold - Products,COGS,Germany GmbH,Marketing,37638.1,0.0
TXN51416,2024-02-19,Feb 2024,Short-term Loans,OthCurrLiab,Germany GmbH,Marketing,0.0,37638.1
TXN51417,2024-06-04,Jun 2024,Inventory - Finished Goods,OthCurrAsset,Singapore Pte Ltd,,8268.35,0.0
TXN51417,2024-06-04,Jun 2024,Interest Income,OthIncome,Singapore Pte Ltd,,0.0,8268.35
TXN51418,2024-05-29,May 2024,Accounts Payable,AcctPay,Germany GmbH,Sales,10985.01,0.0
TXN51418,2024-05-29,May 2024,Accounts Receivable,AcctRec,Germany GmbH,Sales,0.0,10985.01
TXN51419,2024-10-21,Oct 2024,Allowance for Doubtful Accounts,AcctRec,UK Operations,,39296.41,0.0
TXN51419,2024-10-21,Oct 2024,Allowance for Doubtful Accounts,AcctRec,UK Operations,,0.0,39296.41
TXN51420,2024-12-13,Dec 2024,Cash - Payroll,Bank,Germany GmbH,Engineering,4892.78,0.0
TXN51420,2024-12-13,Dec 2024,Cash - Operating,Bank,Germany GmbH,Engineering,0.0,4892.78
TXN51421,2024-03-01,Mar 2024,Inventory - Finished Goods,OthCurrAsset,Australia Pty Ltd,Operations,21747.69,0.0
TXN51421,2024-03-01,Mar 2024,Interest Income,OthIncome,Australia Pty Ltd,Operations,0.0,21747.69
TXN51422,2024-05-05,May 2024,IT and Software,Expense,US Headquarters,Engineering,12118.69,0.0
TXN51422,2024-05-05,May 2024,Accounts Receivable,AcctRec,US Headquarters,Engineering,0.0,12118.69
TXN51423,2024-11-30,Nov 2024,Cost of Goods Sold - Services,COGS,Japan KK,,49559.08,0.0
TXN51423,2024-11-30,Nov 2024,Accounts Payable,AcctPay,Japan KK,,0.0,49559.08
TXN51424,2024-11-28,Nov 2024,Cost of Goods Sold - Products,COGS,Japan KK,Marketing,31653.44,0.0
TXN51424,2024-11-28,Nov 2024,Cash - Payroll,Bank,Japan KK,Marketing,0.0,31653.44
TXN51425,2024-02-29,Feb 2024,Professional Fees,Expense,UK Operations,Engineering,24512.0,0.0
TXN51425,2024-02-29,Feb 2024,Allowance for Doubtful Accounts,AcctRec,UK Operations,Engineering,0.0,24512.0
TXN51426,2024-01-12,Jan 2024,Inventory - Raw Materials,OthCurrAsset,Singapore Pte Ltd,Marketing,34716.92,0.0
TXN51426,2024-01-12,Jan 2024,Service Revenue,Income,Singapore Pte Ltd,Marketing,0.0,34716.92
TXN51427,2024-07-15,Jul 2024,Cash - Payroll,Bank,Singapore Pte Ltd,,35166.58,0.0
TXN51427,2024-07-15,Jul 2024,Product Sales,Income,Singapore Pte Ltd,,0.0,35166.58
TXN51428,2024-06-15,Jun 2024,Accrued Expenses,AcctPay,UK Operations,,45453.14,0.0
TXN51428,2024-06-15,Jun 2024,Allowance for Doubtful Accounts,AcctRec,UK Operations,,0.0,45453.14
TXN51429,2024-12-24,Dec 2024,Professional Fees,Expense,US Headquarters,Finance,27847.4,0.0
TXN51429,2024-12-24,Dec 2024,Accounts Payable,AcctPay,US Headquarters,Finance,0.0,27847.4
TXN51430,2024-02-02,Feb 2024,Cash - Payroll,Bank,UK Operations,Sales,48287.48,0.0
TXN51430,2024-02-02,Feb 2024,Prepaid Expenses,OthCurrAsset,UK Operations,Sales,0.0,48287.48
TXN51431,2024-11-02,Nov 2024,Accounts Payable,AcctPay,Germany GmbH,Engineering,27780.62,0.0
TXN51431,2024-11-02,Nov 2024,Cash - Operating,Bank,Germany GmbH,Engineering,0.0,27780.62
TXN51432,2024-03-06,Mar 2024,Cost of Goods Sold - Products,COGS,France SAS,,8144.39,0.0
TXN51432,2024-03-06,Mar 2024,Cash - Payroll,Bank,France SAS,,0.0,8144.39
TXN51433,2024-03-04,Mar 2024,Inventory - Finished Goods,OthCurrAsset,Canada Inc,Marketing,48317.18,0.0
TXN51433,2024-03-04,Mar 2024,Product Sales,Income,Canada Inc,Marketing,0.0,48317.18
TXN51434,2024-05-07,May 2024,Utilities,Expense,Canada Inc,Engineering,47316.11,0.0
TXN51434,2024-05-07,May 2024,Payroll Liabilities,OthCurrLiab,Canada Inc,Engineering,0.0,47316.11
TXN51435,2024-09-30,Sep 2024,Professional Fees,Expense,Singapore Pte Ltd,Sales,28895.87,0.0
TXN51435,2024-09-30,Sep 2024,Inventory - Finished Goods,OthCurrAsset,Singapore Pte Ltd,Sales,0.0,28895.87
TXN51436,2024-11-06,Nov 2024,Accrued Expenses,AcctPay,France SAS,,5040.56,0.0
TXN51436,2024-11-06,Nov 2024,Cash - Operating,Bank,France SAS,,0.0,5040.56
TXN51437,2024-04-06,Apr 2024,Cash - Payroll,Bank,Germany GmbH,Marketing,42818.65,0.0
TXN51437,2024-04-06,Apr 2024,Service Revenue,Income,Germany GmbH,Marketing,0.0,42818.65
TXN51438,2024-10-29,Oct 2024,Cost of Goods Sold - Services,COGS,Australia Pty Ltd,Marketing,6511.76,0.0
TXN51438,2024-10-29,Oct 2024,Accrued Expenses,AcctPay,Australia Pty Ltd,Marketing,0.0,6511.76
TXN51439,2024-05-10,May 2024,Allowance for Doubtful Accounts,AcctRec,Canada Inc,Finance,32523.47,0.0
TXN51439,2024-05-10,May 2024,Product Sales,Income,Canada Inc,Finance,0.0,32523.47
TXN51440,2024-05-10,May 2024,Inventory - Finished Goods,OthCurrAsset,Japan KK,,7247.87,0.0
TXN51440,2024-05-10,May 2024,Consulting Revenue,Income,Japan KK,,0.0,7247.87
TXN51441,2024-11-20,Nov 2024,Professional Fees,Expense,France SAS,,18669.9,0.0
TXN51441,2024-11-20,Nov 2024,Sales Tax Payable,OthCurrLiab,France SAS,,0.0,18669.9
TXN51442,2024-03-24,Mar 2024,Payroll Liabilities,OthCurrLiab,Japan KK,Sales,15886.38,0.0
TXN51442,2024-03-24,Mar 2024,Cash - Operating,Bank,Japan KK,Sales,0.0,15886.38
TXN51443,2024-11-05,Nov 2024,Interest Expense,OthExpense,France SAS,Engineering,13579.25,0.0
TXN51443,2024-11-05,Nov 2024,Accrued Expenses,AcctPay,France SAS,Engineering,0.0,13579.25
TXN51444,2024-07-27,Jul 2024,Office Supplies,Expense,UK Operations,Marketing,32044.86,0.0
TXN51444,2024-07-27,Jul 2024,Inventory - Raw Materials,OthCurrAsset,UK Operations,Marketing,0.0,32044.86
TXN51445,2024-03-15,Mar 2024,Rent Expense,Expense,France SAS,Marketing,592.18,0.0
TXN51445,2024-03-15,Mar 2024,Prepaid Expenses,OthCurrAsset,France SAS,Marketing,0.0,592.18
TXN51446,2024-02-23,Feb 2024,Inventory - Raw Materials,OthCurrAsset,UK Operations,Sales,26371.14,0.0
TXN51446,2024-02-23,Feb 2024,Prepaid Expenses,OthCurrAsset,UK Operations,Sales,0.0,26371.14
TXN51447,2024-09-07,Sep 2024,Utilities,Expense,UK Operations,Operations,17510.12,0.0
TXN51447,2024-09-07,Sep 2024,Accrued Expenses,AcctPay,UK Operations,Operations,0.0,17510.12
TXN51448,2024-05-18,May 2024,Allowance for Doubtful Accounts,AcctRec,UK Operations,Engineering,8620.3,0.0
TXN51448,2024-05-18,May 2024,Cash - Payroll,Bank,UK Operations,Engineering,0.0,8620.3
TXN51449,2024-06-25,Jun 2024,Inventory - Finished Goods,OthCurrAsset,Japan KK,Finance,29656.28,0.0
TXN51449,2024-06-25,Jun 2024,Service Revenue,Income,Japan KK,Finance,0.0,29656.28
TXN51450,2024-12-02,Dec 2024,Accounts Payable,AcctPay,Germany GmbH,Sales,19002.15,0.0
TXN51450,2024-12-02,Dec 2024,Inventory - Finished Goods,OthCurrAsset,Germany GmbH,Sales,0.0,19002.15
TXN51451,2024-11-23,Nov 2024,Marketing and Advertising,Expense,Australia Pty Ltd,,38898.66,0.0
TXN51451,2024-11-23,Nov 2024,Short-term Loans,OthCurrLiab,Australia Pty Ltd,,0.0,38898.66
TXN51452,2024-08-22,Aug 2024,Short-term Loans,OthCurrLiab,Germany GmbH,Finance,49313.69,0.0
TXN51452,2024-08-22,Aug 2024,Accounts Receivable,AcctRec,Germany GmbH,Finance,0.0,49313.69
TXN51453,2024-05-21,May 2024,Prepaid Expenses,OthCurrAsset,Japan KK,Operations,47089.68,0.0
TXN51453,2024-05-21,May 2024,Cash - Payroll,Bank,Japan KK,Operations,0.0,47089.68
TXN51454,2024-06-05,Jun 2024,Cash - Operating,Bank,UK Operations,Marketing,20385.09,0.0
TXN51454,2024-06-05,Jun 2024,Product Sales,Income,UK Operations,Marketing,0.0,20385.09
TXN51455,2024-02-09,Feb 2024,Inventory - Finished Goods,OthCurrAsset,France SAS,Engineering,8339.14,0.0
TXN51455,2024-02-09,Feb 2024,Consulting Revenue,Income,France SAS,Engineering,0.0,8339.14
TXN51456,2024-10-10,Oct 2024,Professional Fees,Expense,Singapore Pte Ltd,Engineering,48112.1,0.0
TXN51456,2024-10-10,Oct 2024,Short-term Loans,OthCurrLiab,Singapore Pte Ltd,Engineering,0.0,48112.1
TXN51457,2024-03-10,Mar 2024,Inventory - Raw Materials,OthCurrAsset,Singapore Pte Ltd,Finance,25799.07,0.0
TXN51457,2024-03-10,Mar 2024,Inventory - Finished Goods,OthCurrAsset,Singapore Pte Ltd,Finance,0.0,25799.07
TXN51458,2024-03-04,Mar 2024,Inventory - Finished Goods,OthCurrAsset,Japan KK,Engineering,30852.7,0.0
TXN51458,2024-03-04,Mar 2024,Cash - Operating,Bank,Japan KK,Engineering,0.0,30852.7
TXN51459,2024-12-31,Dec 2024,Inventory - Finished Goods,OthCurrAsset,Japan KK,,26762.81,0.0
TXN51459,2024-12-31,Dec 2024,Product Sales,Income,Japan KK,,0.0,26762.81
TXN51460,2024-11-06,Nov 2024,Inventory - Raw Materials,OthCurrAsset,Singapore Pte Ltd,Sales,33758.66,0.0
TXN51460,2024-11-06,Nov 2024,Cash - Payroll,Bank,Singapore Pte Ltd,Sales,0.0,33758.66
TXN51461,2024-03-30,Mar 2024,Cost of Goods Sold - Products,COGS,UK Operations,Marketing,41986.51,0.0
TXN51461,2024-03-30,Mar 2024,Prepaid Expenses,OthCurrAsset,UK Operations,Marketing,0.0,41986.51
TXN51462,2024-09-10,Sep 2024,Inventory - Finished Goods,OthCurrAsset,Japan KK,Sales,18726.86,0.0
TXN51462,2024-09-10,Sep 2024,Service Revenue,Income,Japan KK,Sales,0.0,18726.86
TXN51463,2024-10-03,Oct 2024,Cash - Payroll,Bank,UK Operations,Marketing,15028.98,0.0
TXN51463,2024-10-03,Oct 2024,Product Sales,Income,UK Operations,Marketing,0.0,15028.98
TXN51464,2024-11-19,Nov 2024,Inventory - Finished Goods,OthCurrAsset,Japan KK,Sales,46160.51,0.0
TXN51464,2024-11-19,Nov 2024,Inventory - Raw Materials,OthCurrAsset,Japan KK,Sales,0.0,46160.51
TXN51465,2024-01-19,Jan 2024,Cash - Operating,Bank,Singapore Pte Ltd,Operations,42432.75,0.0
TXN51465,2024-01-19,Jan 2024,Interest Income,OthIncome,Singapore Pte Ltd,Operations,0.0,42432.75
TXN51466,2024-06-17,Jun 2024,Inventory - Finished Goods,OthCurrAsset,Canada Inc,Marketing,5447.49,0.0
TXN51466,2024-06-17,Jun 2024,Service Revenue,Income,Canada Inc,Marketing,0.0,5447.49
TXN51467,2024-07-24,Jul 2024,Cost of Goods Sold - Services,COGS,Australia Pty Ltd,Engineering,5156.76,0.0
TXN51467,2024-07-24,Jul 2024,Accrued Expenses,AcctPay,Australia Pty Ltd,Engineering,0.0,5156.76
TXN51468,2024-09-20,Sep 2024,Salaries and Wages,Expense,Germany GmbH,Finance,6279.75,0.0
TXN51468,2024-09-20,Sep 2024,Payroll Liabilities,OthCurrLiab,Germany GmbH,Finance,0.0,6279.75
TXN51469,2024-05-08,May 2024,Allowance for Doubtful Accounts,AcctRec,France SAS,Finance,19828.41,0.0
TXN51469,2024-05-08,May 2024,Service Revenue,Income,France SAS,Finance,0.0,19828.41
TXN51470,2024-10-01,Oct 2024,Travel and Entertainment,Expense,Canada Inc,Engineering,49469.53,0.0
TXN51470,2024-10-01,Oct 2024,Accounts Receivable,AcctRec,Canada Inc,Engineering,0.0,49469.53
TXN51471,2024-03-12,Mar 2024,Rent Expense,Expense,Australia Pty Ltd,,21754.61,0.0
TXN51471,2024-03-12,Mar 2024,Cash - Payroll,Bank,Australia Pty Ltd,,0.0,21754.61
TXN51472,2024-04-07,Apr 2024,Office Supplies,Expense,Canada Inc,Engineering,6770.65,0.0
TXN51472,2024-04-07,Apr 2024,Cash - Operating,Bank,Canada Inc,Engineering,0.0,6770.65
TXN51473,2024-03-23,Mar 2024,Cash - Operating,Bank,France SAS,Finance,47988.97,0.0
TXN51473,2024-03-23,Mar 2024,Allowance for Doubtful Accounts,AcctRec,France SAS,Finance,0.0,47988.97
TXN51474,2024-09-07,Sep 2024,Prepaid Expenses,OthCurrAsset,Singapore Pte Ltd,,35744.62,0.0
TXN51474,2024-09-07,Sep 2024,Interest Income,OthIncome,Singapore Pte Ltd,,0.0,35744.62
TXN51475,2024-09-13,Sep 2024,Cash - Operating,Bank,Japan KK,Sales,5575.67,0.0
TXN51475,2024-09-13,Sep 2024,Service Revenue,Income,Japan KK,Sales,0.0,5575.67
TXN51476,2024-03-20,Mar 2024,Cost of Goods Sold - Products,COGS,Australia Pty Ltd,Operations,781.08,0.0
TXN51476,2024-03-20,Mar 2024,Payroll Liabilities,OthCurrLiab,Australia Pty Ltd,Operations,0.0,781.08
TXN51477,2024-06-24,Jun 2024,Utilities,Expense,Japan KK,Operations,36897.83,0.0
TXN51477,2024-06-24,Jun 2024,Inventory - Raw Materials,OthCurrAsset,Japan KK,Operations,0.0,36897.83
TXN51478,2024-09-05,Sep 2024,Inventory - Raw Materials,OthCurrAsset,UK Operations,Finance,12462.59,0.0
TXN51478,2024-09-05,Sep 2024,Service Revenue,Income,UK Operations,Finance,0.0,12462.59
TXN51479,2024-05-07,May 2024,Cash - Payroll,Bank,Canada Inc,Engineering,43221.92,0.0
TXN51479,2024-05-07,May 2024,Inventory - Finished Goods,OthCurrAsset,Canada Inc,Engineering,0.0,43221.92
TXN51480,2024-08-07,Aug 2024,Short-term Loans,OthCurrLiab,France SAS,Finance,35352.4,0.0
TXN51480,2024-08-07,Aug 2024,Inventory - Raw Materials,OthCurrAsset,France SAS,Finance,0.0,35352.4
TXN51481,2024-04-02,Apr 2024,Cash - Operating,Bank,France SAS,Operations,31482.5,0.0
TXN51481,2024-04-02,Apr 2024,Service Revenue,Income,France SAS,Operations,0.0,31482.5
TXN51482,2024-07-24,Jul 2024,Allowance for Doubtful Accounts,AcctRec,US Headquarters,Marketing,49520.9,0.0
TXN51482,2024-07-24,Jul 2024,Cash - Operating,Bank,US Headquarters,Marketing,0.0,49520.9
TXN51483,2024-11-11,Nov 2024,Professional Fees,Expense,France SAS,Engineering,43231.07,0.0
TXN51483,2024-11-11,Nov 2024,Inventory - Raw Materials,OthCurrAsset,France SAS,Engineering,0.0,43231.07
TXN51484,2024-12-24,Dec 2024,Professional Fees,Expense,France SAS,Sales,16875.27,0.0
TXN51484,2024-12-24,Dec 2024,Prepaid Expenses,OthCurrAsset,France SAS,Sales,0.0,16875.27
TXN51485,2024-11-25,Nov 2024,Office Supplies,Expense,US Headquarters,Marketing,5591.74,0.0
TXN51485,2024-11-25,Nov 2024,Short-term Loans,OthCurrLiab,US Headquarters,Marketing,0.0,5591.74
TXN51486,2024-08-02,Aug 2024,Cash - Operating,Bank,France SAS,Marketing,44765.8,0.0
TXN51486,2024-08-02,Aug 2024,Product Sales,Income,France SAS,Marketing,0.0,44765.8
TXN51487,2024-12-04,Dec 2024,Inventory - Raw Materials,OthCurrAsset,Australia Pty Ltd,Sales,14337.32,0.0
TXN51487,2024-12-04,Dec 2024,Product Sales,Income,Australia Pty Ltd,Sales,0.0,14337.32
TXN51488,2024-08-08,Aug 2024,Utilities,Expense,Germany GmbH,Marketing,47421.58,0.0
TXN51488,2024-08-08,Aug 2024,Cash - Payroll,Bank,Germany GmbH,Marketing,0.0,47421.58
TXN51489,2024-02-19,Feb 2024,Accounts Receivable,AcctRec,US Headquarters,,27633.23,0.0
TXN51489,2024-02-19,Feb 2024,Accounts Receivable,AcctRec,US Headquarters,,0.0,27633.23
TXN51490,2024-07-04,Jul 2024,Allowance for Doubtful Accounts,AcctRec,Australia Pty Ltd,Sales,32547.39,0.0
TXN51490,2024-07-04,Jul 2024,Product Sales,Income,Australia Pty Ltd,Sales,0.0,32547.39
TXN51491,2024-02-24,Feb 2024,Inventory - Raw Materials,OthCurrAsset,Germany GmbH,,37155.11,0.0
TXN51491,2024-02-24,Feb 2024,Service Revenue,Income,Germany GmbH,,0.0,37155.11
TXN51492,2024-04-08,Apr 2024,Office Supplies,Expense,Singapore Pte Ltd,Engineering,3836.49,0.0
TXN51492,2024-04-08,Apr 2024,Inventory - Raw Materials,OthCurrAsset,Singapore Pte Ltd,Engineering,0.0,3836.49
TXN51493,2024-08-30,Aug 2024,Cash - Payroll,Bank,France SAS,Operations,36066.4,0.0
TXN51493,2024-08-30,Aug 2024,Interest Income,OthIncome,France SAS,Operations,0.0,36066.4
TXN51494,2024-10-08,Oct 2024,Allowance for Doubtful Accounts,AcctRec,Canada Inc,Operations,48758.8,0.0
TXN51494,2024-10-08,Oct 2024,Inventory - Finished Goods,OthCurrAsset,Canada Inc,Operations,0.0,48758.8
TXN51495,2024-03-01,Mar 2024,Professional Fees,Expense,Japan KK,Engineering,24192.75,0.0
TXN51495,2024-03-01,Mar 2024,Cash - Operating,Bank,Japan KK,Engineering,0.0,24192.75
TXN51496,2024-03-26,Mar 2024,Inventory - Raw Materials,OthCurrAsset,Canada Inc,,48377.6,0.0
TXN51496,2024-03-26,Mar 2024,Product Sales,Income,Canada Inc,,0.0,48377.6
TXN51497,2024-12-21,Dec 2024,Professional Fees,Expense,France SAS,,40745.22,0.0
TXN51497,2024-12-21,Dec 2024,Accrued Expenses,AcctPay,France SAS,,0.0,40745.22
TXN51498,2024-02-08,Feb 2024,Marketing and Advertising,Expense,Germany GmbH,Finance,37561.32,0.0
TXN51498,2024-02-08,Feb 2024,Prepaid Expenses,OthCurrAsset,Germany GmbH,Finance,0.0,37561.32
TXN51499,2024-11-06,Nov 2024,Cash - Payroll,Bank,Canada Inc,Sales,9284.91,0.0
TXN51499,2024-11-06,Nov 2024,Product Sales,Income,Canada Inc,Sales,0.0,9284.91
TXN51500,2024-09-19,Sep 2024,Utilities,Expense,Singapore Pte Ltd,Operations,35416.93,0.0
TXN51500,2024-09-19,Sep 2024,Allowance for Doubtful Accounts,AcctRec,Singapore Pte Ltd,Operations,0.0,35416.93
TXN51501,2024-05-31,May 2024,Inventory - Raw Materials,OthCurrAsset,Canada Inc,Operations,6043.26,0.0
TXN51501,2024-05-31,May 2024,Service Revenue,Income,Canada Inc,Operations,0.0,6043.26
TXN51502,2024-05-29,May 2024,Cash - Payroll,Bank,US Headquarters,,7492.16,0.0
TXN51502,2024-05-29,May 2024,Accounts Receivable,AcctRec,US Headquarters,,0.0,7492.16
TXN51503,2024-01-27,Jan 2024,Accounts Receivable,AcctRec,France SAS,Sales,26776.29,0.0
TXN51503,2024-01-27,Jan 2024,Consulting Revenue,Income,France SAS,Sales,0.0,26776.29
TXN51504,2024-06-15,Jun 2024,Cash - Payroll,Bank,UK Operations,,44210.92,0.0
TXN51504,2024-06-15,Jun 2024,Interest Income,OthIncome,UK Operations,,0.0,44210.92
TXN51505,2024-11-09,Nov 2024,Cost of Goods Sold - Products,COGS,Canada Inc,Marketing,49264.54,0.0
TXN51505,2024-11-09,Nov 2024,Inventory - Finished Goods,OthCurrAsset,Canada Inc,Marketing,0.0,49264.54
TXN51506,2024-04-22,Apr 2024,Inventory - Finished Goods,OthCurrAsset,Canada Inc,Sales,12873.76,0.0
TXN51506,2024-04-22,Apr 2024,Product Sales,Income,Canada Inc,Sales,0.0,12873.76
TXN51507,2024-12-18,Dec 2024,IT and Software,Expense,Japan KK,,12941.52,0.0
TXN51507,2024-12-18,Dec 2024,Accrued Expenses,AcctPay,Japan KK,,0.0,12941.52
TXN51508,2024-04-15,Apr 2024,Inventory - Finished Goods,OthCurrAsset,Singapore Pte Ltd,Sales,16280.73,0.0
TXN51508,2024-04-15,Apr 2024,Interest Income,OthIncome,Singapore Pte Ltd,Sales,0.0,16280.73
TXN51509,2024-03-20,Mar 2024,Salaries and Wages,Expense,Singapore Pte Ltd,Sales,36517.61,0.0
TXN51509,2024-03-20,Mar 2024,Accounts Payable,AcctPay,Singapore Pte Ltd,Sales,0.0,36517.61
TXN51510,2024-02-17,Feb 2024,Accrued Expenses,AcctPay,Singapore Pte Ltd,Sales,23023.57,0.0
TXN51510,2024-02-17,Feb 2024,Cash - Payroll,Bank,Singapore Pte Ltd,Sales,0.0,23023.57
TXN51511,2024-10-18,Oct 2024,Accounts Receivable,AcctRec,Singapore Pte Ltd,,9102.29,0.0
TXN51511,2024-10-18,Oct 2024,Service Revenue,Income,Singapore Pte Ltd,,0.0,9102.29
TXN51512,2024-03-31,Mar 2024,Cash - Operating,Bank,Japan KK,,30430.32,0.0
TXN51512,2024-03-31,Mar 2024,Interest Income,OthIncome,Japan KK,,0.0,30430.32
TXN51513,2024-05-05,May 2024,Inventory - Raw Materials,OthCurrAsset,Singapore Pte Ltd,,48522.23,0.0
TXN51513,2024-05-05,May 2024,Service Revenue,Income,Singapore Pte Ltd,,0.0,48522.23
TXN51514,2024-01-07,Jan 2024,Cash - Operating,Bank,UK Operations,Finance,19261.13,0.0
TXN51514,2024-01-07,Jan 2024,Product Sales,Income,UK Operations,Finance,0.0,19261.13
TXN51515,2024-03-08,Mar 2024,Inventory - Raw Materials,OthCurrAsset,France SAS,Engineering,13456.06,0.0
TXN51515,2024-03-08,Mar 2024,Cash - Operating,Bank,France SAS,Engineering,0.0,13456.06
TXN51516,2024-01-05,Jan 2024,Inventory - Finished Goods,OthCurrAsset,UK Operations,Operations,36832.96,0.0
TXN51516,2024-01-05,Jan 2024,Product Sales,Income,UK Operations,Operations,0.0,36832.96
TXN51517,2024-04-13,Apr 2024,Prepaid Expenses,OthCurrAsset,Germany GmbH,Finance,38007.62,0.0
TXN51517,2024-04-13,Apr 2024,Cash - Payroll,Bank,Germany GmbH,Finance,0.0,38007.62
TXN51518,2024-06-06,Jun 2024,Inventory - Finished Goods,OthCurrAsset,Australia Pty Ltd,Finance,7810.21,0.0
TXN51518,2024-06-06,Jun 2024,Consulting Revenue,Income,Australia Pty Ltd,Finance,0.0,7810.21
TXN51519,2024-11-17,Nov 2024,Accounts Receivable,AcctRec,UK Operations,Engineering,41263.75,0.0
TXN51519,2024-11-17,Nov 2024,Product Sales,Income,UK Operations,Engineering,0.0,41263.75
TXN51520,2024-09-18,Sep 2024,Cash - Payroll,Bank,Japan KK,Sales,160.4,0.0
TXN51520,2024-09-18,Sep 2024,Interest Income,OthIncome,Japan KK,Sales,0.0,160.4
TXN51521,2024-07-16,Jul 2024,Inventory - Finished Goods,OthCurrAsset,Germany GmbH,Marketing,32802.69,0.0
TXN51521,2024-07-16,Jul 2024,Interest Income,OthIncome,Germany GmbH,Marketing,0.0,32802.69
TXN51522,2024-12-17,Dec 2024,Cash - Operating,Bank,UK Operations,Finance,8561.0,0.0
TXN51522,2024-12-17,Dec 2024,Consulting Revenue,Income,UK Operations,Finance,0.0,8561.0
TXN51523,2024-07-01,Jul 2024,Cost of Goods Sold - Services,COGS,UK Operations,Operations,16752.87,0.0
TXN51523,2024-07-01,Jul 2024,Cash - Operating,Bank,UK Operations,Operations,0.0,16752.87
TXN51524,2024-11-05,Nov 2024,Cash - Payroll,Bank,Germany GmbH,Sales,21488.56,0.0
TXN51524,2024-11-05,Nov 2024,Interest Income,OthIncome,Germany GmbH,Sales,0.0,21488.56
TXN51525,2024-03-17,Mar 2024,Cash - Operating,Bank,Canada Inc,Operations,40896.37,0.0
TXN51525,2024-03-17,Mar 2024,Consulting Revenue,Income,Canada Inc,Operations,0.0,40896.37
TXN51526,2024-09-12,Sep 2024,Accounts Payable,AcctPay,Australia Pty Ltd,Marketing,40554.9,0.0
TXN51526,2024-09-12,Sep 2024,Prepaid Expenses,OthCurrAsset,Australia Pty Ltd,Marketing,0.0,40554.9
TXN51527,2024-01-02,Jan 2024,Allowance for Doubtful Accounts,AcctRec,Germany GmbH,,7414.8,0.0
TXN51527,2024-01-02,Jan 2024,Interest Income,OthIncome,Germany GmbH,,0.0,7414.8
TXN51528,2024-02-04,Feb 2024,Accrued Expenses,AcctPay,UK Operations,Operations,21429.91,0.0
TXN51528,2024-02-04,Feb 2024,Cash - Operating,Bank,UK Operations,Operations,0.0,21429.91
TXN51529,2024-06-14,Jun 2024,Travel and Entertainment,Expense,Germany GmbH,Sales,38400.02,0.0
TXN51529,2024-06-14,Jun 2024,Prepaid Expenses,OthCurrAsset,Germany GmbH,Sales,0.0,38400.02
TXN51530,2024-09-03,Sep 2024,Prepaid Expenses,OthCurrAsset,Japan KK,Operations,39695.73,0.0
TXN51530,2024-09-03,Sep 2024,Service Revenue,Income,Japan KK,Operations,0.0,39695.73
TXN51531,2024-07-15,Jul 2024,Professional Fees,Expense,Japan KK,Operations,24905.4,0.0
TXN51531,2024-07-15,Jul 2024,Accrued Expenses,AcctPay,Japan KK,Operations,0.0,24905.4
TXN51532,2024-04-27,Apr 2024,IT and Software,Expense,Japan KK,Engineering,29090.1,0.0
TXN51532,2024-04-27,Apr 2024,Short-term Loans,OthCurrLiab,Japan KK,Engineering,0.0,29090.1
TXN51533,2024-04-22,Apr 2024,Prepaid Expenses,OthCurrAsset,UK Operations,Sales,18149.3,0.0
TXN51533,2024-04-22,Apr 2024,Product Sales,Income,UK Operations,Sales,0.0,18149.3
TXN51534,2024-07-04,Jul 2024,Accounts Receivable,AcctRec,Singapore Pte Ltd,Sales,46053.11,0.0
TXN51534,2024-07-04,Jul 2024,Consulting Revenue,Income,Singapore Pte Ltd,Sales,0.0,46053.11
TXN51535,2024-03-12,Mar 2024,Allowance for Doubtful Accounts,AcctRec,Canada Inc,Finance,7292.6,0.0
TXN51535,2024-03-12,Mar 2024,Cash - Payroll,Bank,Canada Inc,Finance,0.0,7292.6
TXN51536,2024-04-17,Apr 2024,Inventory - Finished Goods,OthCurrAsset,France SAS,Engineering,37375.07,0.0
TXN51536,2024-04-17,Apr 2024,Service Revenue,Income,France SAS,Engineering,0.0,37375.07
TXN51537,2024-07-12,Jul 2024,Cost of Goods Sold - Services,COGS,US Headquarters,,48249.17,0.0
TXN51537,2024-07-12,Jul 2024,Payroll Liabilities,OthCurrLiab,US Headquarters,,0.0,48249.17
TXN51538,2024-10-24,Oct 2024,Cash - Operating,Bank,UK Operations,Finance,41888.12,0.0
TXN51538,2024-10-24,Oct 2024,Cash - Payroll,Bank,UK Operations,Finance,0.0,41888.12
TXN51539,2024-07-06,Jul 2024,Prepaid Expenses,OthCurrAsset,Germany GmbH,Engineering,12327.79,0.0
TXN51539,2024-07-06,Jul 2024,Interest Income,OthIncome,Germany GmbH,Engineering,0.0,12327.79
TXN51540,2024-03-17,Mar 2024,Sales Tax Payable,OthCurrLiab,Germany GmbH,Finance,37203.54,0.0
TXN51540,2024-03-17,Mar 2024,Allowance for Doubtful Accounts,AcctRec,Germany GmbH,Finance,0.0,37203.54
TXN51541,2024-07-29,Jul 2024,Utilities,Expense,Australia Pty Ltd,Finance,39091.71,0.0
TXN51541,2024-07-29,Jul 2024,Cash - Payroll,Bank,Australia Pty Ltd,Finance,0.0,39091.71
TXN51542,2024-03-20,Mar 2024,Short-term Loans,OthCurrLiab,US Headquarters,,1702.74,0.0
TXN51542,2024-03-20,Mar 2024,Cash - Payroll,Bank,US Headquarters,,0.0,1702.74
TXN51543,2024-01-06,Jan 2024,Inventory - Raw Materials,OthCurrAsset,Japan KK,Finance,34027.19,0.0
TXN51543,2024-01-06,Jan 2024,Inventory - Finished Goods,OthCurrAsset,Japan KK,Finance,0.0,34027.19
TXN51544,2024-05-12,May 2024,Accounts Receivable,AcctRec,Canada Inc,,11443.01,0.0
TXN51544,2024-05-12,May 2024,Cash - Operating,Bank,Canada Inc,,0.0,11443.01
TXN51545,2024-09-24,Sep 2024,Cost of Goods Sold - Products,COGS,Japan KK,Sales,37182.42,0.0
TXN51545,2024-09-24,Sep 2024,Allowance for Doubtful Accounts,AcctRec,Japan KK,Sales,0.0,37182.42
TXN51546,2024-07-19,Jul 2024,Cost of Goods Sold - Services,COGS,Germany GmbH,,48801.77,0.0
TXN51546,2024-07-19,Jul 2024,Short-term Loans,OthCurrLiab,Germany GmbH,,0.0,48801.77
TXN51547,2024-08-27,Aug 2024,Marketing and Advertising,Expense,Singapore Pte Ltd,Marketing,32669.73,0.0
TXN51547,2024-08-27,Aug 2024,Accounts Receivable,AcctRec,Singapore Pte Ltd,Marketing,0.0,32669.73
TXN51548,2024-01-28,Jan 2024,Cash - Operating,Bank,Australia Pty Ltd,,21268.67,0.0
TXN51548,2024-01-28,Jan 2024,Product Sales,Income,Australia Pty Ltd,,0.0,21268.67
TXN51549,2024-07-04,Jul 2024,Cash - Operating,Bank,Australia Pty Ltd,Engineering,12052.54,0.0
TXN51549,2024-07-04,Jul 2024,Product Sales,Income,Australia Pty Ltd,Engineering,0.0,12052.54
TXN51550,2024-04-18,Apr 2024,Cash - Operating,Bank,US Headquarters,Marketing,9468.42,0.0
TXN51550,2024-04-18,Apr 2024,Service Revenue,Income,US Headquarters,Marketing,0.0,9468.42
TXN51551,2024-05-17,May 2024,Travel and Entertainment,Expense,UK Operations,Operations,28283.36,0.0
TXN51551,2024-05-17,May 2024,Cash - Operating,Bank,UK Operations,Operations,0.0,28283.36
TXN51552,2024-01-25,Jan 2024,Accounts Receivable,AcctRec,Australia Pty Ltd,Engineering,47181.11,0.0
TXN51552,2024-01-25,Jan 2024,Consulting Revenue,Income,Australia Pty Ltd,Engineering,0.0,47181.11
TXN51553,2024-07-22,Jul 2024,Accrued Expenses,AcctPay,France SAS,Marketing,37616.93,0.0
TXN51553,2024-07-22,Jul 2024,Inventory - Finished Goods,OthCurrAsset,France SAS,Marketing,0.0,37616.93
TXN51554,2024-12-11,Dec 2024,Accounts Payable,AcctPay,UK Operations,Marketing,20423.6,0.0
TXN51554,2024-12-11,Dec 2024,Inventory - Raw Materials,OthCurrAsset,UK Operations,Marketing,0.0,20423.6
TXN51555,2024-03-17,Mar 2024,Cost of Goods Sold - Products,COGS,US Headquarters,Operations,39823.86,0.0
TXN51555,2024-03-17,Mar 2024,Inventory - Raw Materials,OthCurrAsset,US Headquarters,Operations,0.0,39823.86
TXN51556,2024-03-23,Mar 2024,Cash - Operating,Bank,Germany GmbH,,23209.0,0.0
TXN51556,2024-03-23,Mar 2024,Inventory - Finished Goods,OthCurrAsset,Germany GmbH,,0.0,23209.0
TXN51557,2024-04-28,Apr 2024,Accrued Expenses,AcctPay,France SAS,,32745.59,0.0
TXN51557,2024-04-28,Apr 2024,Inventory - Raw Materials,OthCurrAsset,France SAS,,0.0,32745.59
TXN51558,2024-09-21,Sep 2024,Accounts Receivable,AcctRec,Australia Pty Ltd,Finance,39289.06,0.0
TXN51558,2024-09-21,Sep 2024,Interest Income,OthIncome,Australia Pty Ltd,Finance,0.0,39289.06
TXN51559,2024-01-21,Jan 2024,Cost of Goods Sold - Services,COGS,Japan KK,Sales,10520.15,0.0
TXN51559,2024-01-21,Jan 2024,Accounts Receivable,AcctRec,Japan KK,Sales,0.0,10520.15
TXN51560,2024-10-17,Oct 2024,Prepaid Expenses,OthCurrAsset,Singapore Pte Ltd,Engineering,40255.85,0.0
TXN51560,2024-10-17,Oct 2024,Consulting Revenue,Income,Singapore Pte Ltd,Engineering,0.0,40255.85
TXN51561,2024-10-07,Oct 2024,Accounts Receivable,AcctRec,UK Operations,Finance,4796.29,0.0
TXN51561,2024-10-07,Oct 2024,Service Revenue,Income,UK Operations,Finance,0.0,4796.29
TXN51562,2024-02-04,Feb 2024,Cash - Payroll,Bank,Canada Inc,Operations,18230.08,0.0
TXN51562,2024-02-04,Feb 2024,Interest Income,OthIncome,Canada Inc,Operations,0.0,18230.08
TXN51563,2024-05-12,May 2024,Salaries and Wages,Expense,Singapore Pte Ltd,Marketing,38181.0,0.0
TXN51563,2024-05-12,May 2024,Cash - Payroll,Bank,Singapore Pte Ltd,Marketing,0.0,38181.0
TXN51564,2024-10-18,Oct 2024,Allowance for Doubtful Accounts,AcctRec,Singapore Pte Ltd,Engineering,18237.26,0.0
TXN51564,2024-10-18,Oct 2024,Service Revenue,Income,Singapore Pte Ltd,Engineering,0.0,18237.26
TXN51565,2024-08-13,Aug 2024,Accounts Receivable,AcctRec,Australia Pty Ltd,Operations,42257.3,0.0
TXN51565,2024-08-13,Aug 2024,Cash - Operating,Bank,Australia Pty Ltd,Operations,0.0,42257.3
TXN51566,2024-12-15,Dec 2024,Inventory - Finished Goods,OthCurrAsset,Japan KK,Operations,22559.6,0.0
TXN51566,2024-12-15,Dec 2024,Cash - Operating,Bank,Japan KK,Operations,0.0,22559.6
TXN51567,2024-11-13,Nov 2024,Professional Fees,Expense,US Headquarters,,39550.47,0.0
TXN51567,2024-11-13,Nov 2024,Cash - Operating,Bank,US Headquarters,,0.0,39550.47
TXN51568,2024-03-20,Mar 2024,Cost of Goods Sold - Services,COGS,UK Operations,Marketing,18853.5,0.0
TXN51568,2024-03-20,Mar 2024,Allowance for Doubtful Accounts,AcctRec,UK Operations,Marketing,0.0,18853.5
TXN51569,2024-07-17,Jul 2024,Interest Expense,OthExpense,Singapore Pte Ltd,,4765.81,0.0
TXN51569,2024-07-17,Jul 2024,Accrued Expenses,AcctPay,Singapore Pte Ltd,,0.0,4765.81
TXN51570,2024-08-26,Aug 2024,Allowance for Doubtful Accounts,AcctRec,UK Operations,Engineering,9095.64,0.0
TXN51570,2024-08-26,Aug 2024,Interest Income,OthIncome,UK Operations,Engineering,0.0,9095.64
TXN51571,2024-04-12,Apr 2024,Inventory - Raw Materials,OthCurrAsset,Japan KK,Marketing,3317.13,0.0
TXN51571,2024-04-12,Apr 2024,Interest Income,OthIncome,Japan KK,Marketing,0.0,3317.13
TXN51572,2024-04-18,Apr 2024,Cash - Payroll,Bank,Singapore Pte Ltd,Engineering,13990.92,0.0
TXN51572,2024-04-18,Apr 2024,Interest Income,OthIncome,Singapore Pte Ltd,Engineering,0.0,13990.92
TXN51573,2024-03-15,Mar 2024,Prepaid Expenses,OthCurrAsset,France SAS,Marketing,28453.51,0.0
TXN51573,2024-03-15,Mar 2024,Allowance for Doubtful Accounts,AcctRec,France SAS,Marketing,0.0,28453.51
TXN51574,2024-02-01,Feb 2024,Cash - Payroll,Bank,Australia Pty Ltd,Finance,48930.19,0.0
TXN51574,2024-02-01,Feb 2024,Product Sales,Income,Australia Pty Ltd,Finance,0.0,48930.19
TXN51575,2024-12-16,Dec 2024,Cash - Payroll,Bank,Japan KK,Marketing,12678.36,0.0
TXN51575,2024-12-16,Dec 2024,Product Sales,Income,Japan KK,Marketing,0.0,12678.36
TXN51576,2024-05-20,May 2024,Payroll Liabilities,OthCurrLiab,Japan KK,Engineering,14987.01,0.0
TXN51576,2024-05-20,May 2024,Inventory - Raw Materials,OthCurrAsset,Japan KK,Engineering,0.0,14987.01
TXN51577,2024-04-19,Apr 2024,Allowance for Doubtful Accounts,AcctRec,Canada Inc,Sales,41544.4,0.0
TXN51577,2024-04-19,Apr 2024,Consulting Revenue,Income,Canada Inc,Sales,0.0,41544.4
TXN51578,2024-06-01,Jun 2024,Travel and Entertainment,Expense,Germany GmbH,Sales,17528.89,0.0
TXN51578,2024-06-01,Jun 2024,Accrued Expenses,AcctPay,Germany GmbH,Sales,0.0,17528.89
TXN51579,2024-12-18,Dec 2024,Inventory - Raw Materials,OthCurrAsset,Germany GmbH,,21895.52,0.0
TXN51579,2024-12-18,Dec 2024,Allowance for Doubtful Accounts,AcctRec,Germany GmbH,,0.0,21895.52
TXN51580,2024-01-06,Jan 2024,Salaries and Wages,Expense,France SAS,Engineering,36163.91,0.0
TXN51580,2024-01-06,Jan 2024,Inventory - Finished Goods,OthCurrAsset,France SAS,Engineering,0.0,36163.91
TXN51581,2024-12-06,Dec 2024,Salaries and Wages,Expense,Australia Pty Ltd,Engineering,7610.26,0.0
TXN51581,2024-12-06,Dec 2024,Accounts Payable,AcctPay,Australia Pty Ltd,Engineering,0.0,7610.26
TXN51582,2024-06-11,Jun 2024,Cost of Goods Sold - Products,COGS,UK Operations,,20378.69,0.0
TXN51582,2024-06-11,Jun 2024,Accounts Payable,AcctPay,UK Operations,,0.0,20378.69
TXN51583,2024-03-05,Mar 2024,Cash - Payroll,Bank,Singapore Pte Ltd,,48475.93,0.0
TXN51583,2024-03-05,Mar 2024,Service Revenue,Income,Singapore Pte Ltd,,0.0,48475.93
TXN51584,2024-08-03,Aug 2024,Cash - Payroll,Bank,Germany GmbH,Operations,18940.07,0.0
TXN51584,2024-08-03,Aug 2024,Product Sales,Income,Germany GmbH,Operations,0.0,18940.07
TXN51585,2024-07-08,Jul 2024,Prepaid Expenses,OthCurrAsset,Australia Pty Ltd,Engineering,15167.03,0.0
TXN51585,2024-07-08,Jul 2024,Product Sales,Income,Australia Pty Ltd,Engineering,0.0,15167.03
TXN51586,2024-12-24,Dec 2024,Office Supplies,Expense,Singapore Pte Ltd,,49952.5,0.0
TXN51586,2024-12-24,Dec 2024,Inventory - Finished Goods,OthCurrAsset,Singapore Pte Ltd,,0.0,49952.5
TXN51587,2024-10-04,Oct 2024,Cash - Payroll,Bank,Japan KK,Operations,48706.1,0.0
TXN51587,2024-10-04,Oct 2024,Interest Income,OthIncome,Japan KK,Operations,0.0,48706.1
TXN51588,2024-08-07,Aug 2024,Allowance for Doubtful Accounts,AcctRec,Australia Pty Ltd,Sales,27682.4,0.0
TXN51588,2024-08-07,Aug 2024,Interest Income,OthIncome,Australia Pty Ltd,Sales,0.0,27682.4
TXN51589,2024-05-25,May 2024,Cost of Goods Sold - Services,COGS,Japan KK,,14234.09,0.0
TXN51589,2024-05-25,May 2024,Cash - Payroll,Bank,Japan KK,,0.0,14234.09
TXN51590,2024-02-23,Feb 2024,Cash - Operating,Bank,UK Operations,,919.68,0.0
TXN51590,2024-02-23,Feb 2024,Allowance for Doubtful Accounts,AcctRec,UK Operations,,0.0,919.68
TXN51591,2024-11-15,Nov 2024,Cost of Goods Sold - Products,COGS,UK Operations,,22260.76,0.0
TXN51591,2024-11-15,Nov 2024,Payroll Liabilities,OthCurrLiab,UK Operations,,0.0,22260.76
TXN51592,2024-05-28,May 2024,Marketing and Advertising,Expense,Japan KK,Sales,11221.68,0.0
TXN51592,2024-05-28,May 2024,Cash - Payroll,Bank,Japan KK,Sales,0.0,11221.68
TXN51593,2024-04-10,Apr 2024,Payroll Liabilities,OthCurrLiab,Singapore Pte Ltd,Engineering,17595.62,0.0
TXN51593,2024-04-10,Apr 2024,Allowance for Doubtful Accounts,AcctRec,Singapore Pte Ltd,Engineering,0.0,17595.62
TXN51594,2024-11-26,Nov 2024,Short-term Loans,OthCurrLiab,Japan KK,Engineering,46986.88,0.0
TXN51594,2024-11-26,Nov 2024,Accounts Receivable,AcctRec,Japan KK,Engineering,0.0,46986.88
TXN51595,2024-05-17,May 2024,Payroll Liabilities,OthCurrLiab,Canada Inc,Marketing,41940.36,0.0
TXN51595,2024-05-17,May 2024,Inventory - Finished Goods,OthCurrAsset,Canada Inc,Marketing,0.0,41940.36
TXN51596,2024-05-03,May 2024,Prepaid Expenses,OthCurrAsset,US Headquarters,Finance,1730.46,0.0
TXN51596,2024-05-03,May 2024,Consulting Revenue,Income,US Headquarters,Finance,0.0,1730.46
TXN51597,2024-09-22,Sep 2024,Marketing and Advertising,Expense,Australia Pty Ltd,Marketing,8603.5,0.0
TXN51597,2024-09-22,Sep 2024,Allowance for Doubtful Accounts,AcctRec,Australia Pty Ltd,Marketing,0.0,8603.5
TXN51598,2024-10-11,Oct 2024,Cost of Goods Sold - Products,COGS,Japan KK,Sales,30851.77,0.0
TXN51598,2024-10-11,Oct 2024,Sales Tax Payable,OthCurrLiab,Japan KK,Sales,0.0,30851.77
TXN51599,2024-08-07,Aug 2024,Payroll Liabilities,OthCurrLiab,Germany GmbH,,19581.54,0.0
TXN51599,2024-08-07,Aug 2024,Accounts Receivable,AcctRec,Germany GmbH,,0.0,19581.54
TXN51600,2024-09-21,Sep 2024,Accrued Expenses,AcctPay,Germany GmbH,Finance,11625.38,0.0
TXN51600,2024-09-21,Sep 2024,Inventory - Raw Materials,OthCurrAsset,Germany GmbH,Finance,0.0,11625.38
TXN51601,2024-03-01,Mar 2024,Accrued Expenses,AcctPay,Japan KK,,45841.6,0.0
TXN51601,2024-03-01,Mar 2024,Accounts Receivable,AcctRec,Japan KK,,0.0,45841.6
TXN51602,2024-04-14,Apr 2024,Prepaid Expenses,OthCurrAsset,UK Operations,Engineering,1379.45,0.0
TXN51602,2024-04-14,Apr 2024,Service Revenue,Income,UK Operations,Engineering,0.0,1379.45
TXN51603,2024-01-15,Jan 2024,Accrued Expenses,AcctPay,UK Operations,Operations,19182.0,0.0
TXN51603,2024-01-15,Jan 2024,Allowance for Doubtful Accounts,AcctRec,UK Operations,Operations,0.0,19182.0
TXN51604,2024-11-20,Nov 2024,Accounts Receivable,AcctRec,Australia Pty Ltd,Sales,12062.12,0.0
TXN51604,2024-11-20,Nov 2024,Cash - Payroll,Bank,Australia Pty Ltd,Sales,0.0,12062.12
TXN51605,2024-10-01,Oct 2024,Sales Tax Payable,OthCurrLiab,France SAS,,39023.44,0.0
TXN51605,2024-10-01,Oct 2024,Inventory - Finished Goods,OthCurrAsset,France SAS,,0.0,39023.44
TXN51606,2024-01-27,Jan 2024,Interest Expense,OthExpense,Canada Inc,Engineering,46755.3,0.0
TXN51606,2024-01-27,Jan 2024,Sales Tax Payable,OthCurrLiab,Canada Inc,Engineering,0.0,46755.3
TXN51607,2024-02-22,Feb 2024,Cash - Payroll,Bank,UK Operations,Finance,46367.23,0.0
TXN51607,2024-02-22,Feb 2024,Consulting Revenue,Income,UK Operations,Finance,0.0,46367.23
TXN51608,2024-05-14,May 2024,Accrued Expenses,AcctPay,Germany GmbH,Engineering,3961.33,0.0
TXN51608,2024-05-14,May 2024,Allowance for Doubtful Accounts,AcctRec,Germany GmbH,Engineering,0.0,3961.33
TXN51609,2024-02-21,Feb 2024,Interest Expense,OthExpense,Singapore Pte Ltd,Engineering,20745.88,0.0
TXN51609,2024-02-21,Feb 2024,Cash - Payroll,Bank,Singapore Pte Ltd,Engineering,0.0,20745.88
TXN51610,2024-04-17,Apr 2024,Travel and Entertainment,Expense,Japan KK,Finance,44496.7,0.0
TXN51610,2024-04-17,Apr 2024,Accounts Receivable,AcctRec,Japan KK,Finance,0.0,44496.7
TXN51611,2024-04-02,Apr 2024,Interest Expense,OthExpense,Canada Inc,Engineering,45191.54,0.0
TXN51611,2024-04-02,Apr 2024,Sales Tax Payable,OthCurrLiab,Canada Inc,Engineering,0.0,45191.54
TXN51612,2024-01-17,Jan 2024,IT and Software,Expense,UK Operations,Marketing,49687.6,0.0
TXN51612,2024-01-17,Jan 2024,Sales Tax Payable,OthCurrLiab,UK Operations,Marketing,0.0,49687.6
TXN51613,2024-10-06,Oct 2024,Cash - Operating,Bank,US Headquarters,Sales,26135.25,0.0
TXN51613,2024-10-06,Oct 2024,Service Revenue,Income,US Headquarters,Sales,0.0,26135.25
TXN51614,2024-11-06,Nov 2024,Salaries and Wages,Expense,US Headquarters,Operations,1249.6,0.0
TXN51614,2024-11-06,Nov 2024,Allowance for Doubtful Accounts,AcctRec,US Headquarters,Operations,0.0,1249.6
TXN51615,2024-07-05,Jul 2024,Cash - Operating,Bank,UK Operations,Sales,1571.93,0.0
TXN51615,2024-07-05,Jul 2024,Service Revenue,Income,UK Operations,Sales,0.0,1571.93
TXN51616,2024-05-17,May 2024,Inventory - Finished Goods,OthCurrAsset,Canada Inc,Finance,10041.95,0.0
TXN51616,2024-05-17,May 2024,Consulting Revenue,Income,Canada Inc,Finance,0.0,10041.95
TXN51617,2024-08-27,Aug 2024,Rent Expense,Expense,Singapore Pte Ltd,Finance,25681.56,0.0
TXN51617,2024-08-27,Aug 2024,Inventory - Raw Materials,OthCurrAsset,Singapore Pte Ltd,Finance,0.0,25681.56
TXN51618,2024-03-29,Mar 2024,Payroll Liabilities,OthCurrLiab,France SAS,,42317.19,0.0
TXN51618,2024-03-29,Mar 2024,Cash - Operating,Bank,France SAS,,0.0,42317.19
TXN51619,2024-10-25,Oct 2024,Allowance for Doubtful Accounts,AcctRec,Canada Inc,Sales,39725.57,0.0
TXN51619,2024-10-25,Oct 2024,Allowance for Doubtful Accounts,AcctRec,Canada Inc,Sales,0.0,39725.57
TXN51620,2024-08-16,Aug 2024,Short-term Loans,OthCurrLiab,Japan KK,Operations,37379.26,0.0
TXN51620,2024-08-16,Aug 2024,Cash - Operating,Bank,Japan KK,Operations,0.0,37379.26
TXN51621,2024-11-06,Nov 2024,Interest Expense,OthExpense,Japan KK,Finance,10066.07,0.0
TXN51621,2024-11-06,Nov 2024,Cash - Payroll,Bank,Japan KK,Finance,0.0,10066.07
TXN51622,2024-08-18,Aug 2024,Allowance for Doubtful Accounts,AcctRec,Germany GmbH,Engineering,47909.06,0.0
TXN51622,2024-08-18,Aug 2024,Consulting Revenue,Income,Germany GmbH,Engineering,0.0,47909.06
TXN51623,2024-11-05,Nov 2024,Accounts Receivable,AcctRec,Australia Pty Ltd,Finance,1594.0,0.0
TXN51623,2024-11-05,Nov 2024,Interest Income,OthIncome,Australia Pty Ltd,Finance,0.0,1594.0
TXN51624,2024-04-05,Apr 2024,Office Supplies,Expense,Australia Pty Ltd,Sales,3724.75,0.0
TXN51624,2024-04-05,Apr 2024,Accounts Receivable,AcctRec,Australia Pty Ltd,Sales,0.0,3724.75
TXN51625,2024-06-09,Jun 2024,Accounts Receivable,AcctRec,UK Operations,Engineering,15997.6,0.0
TXN51625,2024-06-09,Jun 2024,Service Revenue,Income,UK Operations,Engineering,0.0,15997.6
TXN51626,2024-08-26,Aug 2024,IT and Software,Expense,Australia Pty Ltd,Sales,28125.87,0.0
TXN51626,2024-08-26,Aug 2024,Allowance for Doubtful Accounts,AcctRec,Australia Pty Ltd,Sales,0.0,28125.87
TXN51627,2024-09-26,Sep 2024,Accounts Payable,AcctPay,France SAS,Engineering,28091.84,0.0
TXN51627,2024-09-26,Sep 2024,Inventory - Raw Materials,OthCurrAsset,France SAS,Engineering,0.0,28091.84
TXN51628,2024-11-26,Nov 2024,Accounts Receivable,AcctRec,Japan KK,,37834.44,0.0
TXN51628,2024-11-26,Nov 2024,Service Revenue,Income,Japan KK,,0.0,37834.44
TXN51629,2024-04-10,Apr 2024,Allowance for Doubtful Accounts,AcctRec,US Headquarters,Finance,24982.68,0.0
TXN51629,2024-04-10,Apr 2024,Cash - Operating,Bank,US Headquarters,Finance,0.0,24982.68
TXN51630,2024-03-04,Mar 2024,Rent Expense,Expense,Singapore Pte Ltd,Sales,30111.39,0.0
TXN51630,2024-03-04,Mar 2024,Sales Tax Payable,OthCurrLiab,Singapore Pte Ltd,Sales,0.0,30111.39
TXN51631,2024-01-11,Jan 2024,Cash - Operating,Bank,Canada Inc,Engineering,32218.96,0.0
TXN51631,2024-01-11,Jan 2024,Allowance for Doubtful Accounts,AcctRec,Canada Inc,Engineering,0.0,32218.96
TXN51632,2024-05-25,May 2024,Professional Fees,Expense,Germany GmbH,Finance,1946.71,0.0
TXN51632,2024-05-25,May 2024,Cash - Operating,Bank,Germany GmbH,Finance,0.0,1946.71
TXN51633,2024-06-21,Jun 2024,Payroll Liabilities,OthCurrLiab,US Headquarters,Engineering,23547.68,0.0
TXN51633,2024-06-21,Jun 2024,Inventory - Finished Goods,OthCurrAsset,US Headquarters,Engineering,0.0,23547.68
TXN51634,2024-06-03,Jun 2024,Professional Fees,Expense,Canada Inc,Marketing,37709.24,0.0
TXN51634,2024-06-03,Jun 2024,Inventory - Finished Goods,OthCurrAsset,Canada Inc,Marketing,0.0,37709.24
TXN51635,2024-09-09,Sep 2024,Allowance for Doubtful Accounts,AcctRec,US Headquarters,Finance,14992.35,0.0
TXN51635,2024-09-09,Sep 2024,Prepaid Expenses,OthCurrAsset,US Headquarters,Finance,0.0,14992.35
TXN51636,2024-11-24,Nov 2024,Cash - Payroll,Bank,UK Operations,Marketing,46891.42,0.0
TXN51636,2024-11-24,Nov 2024,Product Sales,Income,UK Operations,Marketing,0.0,46891.42
TXN51637,2024-01-06,Jan 2024,Inventory - Finished Goods,OthCurrAsset,Germany GmbH,Engineering,49677.66,0.0
TXN51637,2024-01-06,Jan 2024,Allowance for Doubtful Accounts,AcctRec,Germany GmbH,Engineering,0.0,49677.66
TXN51638,2024-04-25,Apr 2024,Accounts Receivable,AcctRec,Germany GmbH,Engineering,9638.87,0.0
TXN51638,2024-04-25,Apr 2024,Prepaid Expenses,OthCurrAsset,Germany GmbH,Engineering,0.0,9638.87
TXN51639,2024-10-02,Oct 2024,Prepaid Expenses,OthCurrAsset,US Headquarters,,43413.94,0.0
TXN51639,2024-10-02,Oct 2024,Product Sales,Income,US Headquarters,,0.0,43413.94
TXN51640,2024-02-26,Feb 2024,Inventory - Raw Materials,OthCurrAsset,US Headquarters,Marketing,3844.6,0.0
TXN51640,2024-02-26,Feb 2024,Interest Income,OthIncome,US Headquarters,Marketing,0.0,3844.6
TXN51641,2024-05-18,May 2024,Accounts Receivable,AcctRec,Germany GmbH,Sales,29214.31,0.0
TXN51641,2024-05-18,May 2024,Service Revenue,Income,Germany GmbH,Sales,0.0,29214.31
TXN51642,2024-10-26,Oct 2024,Inventory - Raw Materials,OthCurrAsset,Japan KK,,22394.31,0.0
TXN51642,2024-10-26,Oct 2024,Service Revenue,Income,Japan KK,,0.0,22394.31
TXN51643,2024-10-22,Oct 2024,Prepaid Expenses,OthCurrAsset,Singapore Pte Ltd,,24556.18,0.0
TXN51643,2024-10-22,Oct 2024,Interest Income,OthIncome,Singapore Pte Ltd,,0.0,24556.18
TXN51644,2024-04-25,Apr 2024,Sales Tax Payable,OthCurrLiab,UK Operations,Marketing,38333.48,0.0
TXN51644,2024-04-25,Apr 2024,Inventory - Raw Materials,OthCurrAsset,UK Operations,Marketing,0.0,38333.48
TXN51645,2024-05-04,May 2024,Cash - Operating,Bank,France SAS,,3993.03,0.0
TXN51645,2024-05-04,May 2024,Cash - Payroll,Bank,France SAS,,0.0,3993.03
TXN51646,2024-01-07,Jan 2024,Cash - Operating,Bank,France SAS,Finance,40943.72,0.0
TXN51646,2024-01-07,Jan 2024,Consulting Revenue,Income,France SAS,Finance,0.0,40943.72
TXN51647,2024-04-16,Apr 2024,Professional Fees,Expense,Australia Pty Ltd,Marketing,35454.77,0.0
TXN51647,2024-04-16,Apr 2024,Cash - Payroll,Bank,Australia Pty Ltd,Marketing,0.0,35454.77
TXN51648,2024-03-07,Mar 2024,IT and Software,Expense,France SAS,Marketing,19340.23,0.0
TXN51648,2024-03-07,Mar 2024,Accrued Expenses,AcctPay,France SAS,Marketing,0.0,19340.23
TXN51649,2024-04-13,Apr 2024,Interest Expense,OthExpense,Japan KK,Sales,3525.1,0.0
TXN51649,2024-04-13,Apr 2024,Inventory - Raw Materials,OthCurrAsset,Japan KK,Sales,0.0,3525.1
TXN51650,2024-10-22,Oct 2024,Cash - Operating,Bank,UK Operations,Sales,23101.61,0.0
TXN51650,2024-10-22,Oct 2024,Service Revenue,Income,UK Operations,Sales,0.0,23101.61
TXN51651,2024-01-09,Jan 2024,Professional Fees,Expense,Singapore Pte Ltd,Sales,13411.16,0.0
TXN51651,2024-01-09,Jan 2024,Accounts Payable,AcctPay,Singapore Pte Ltd,Sales,0.0,13411.16
TXN51652,2024-06-29,Jun 2024,Allowance for Doubtful Accounts,AcctRec,Canada Inc,Engineering,46353.69,0.0
TXN51652,2024-06-29,Jun 2024,Service Revenue,Income,Canada Inc,Engineering,0.0,46353.69
TXN51653,2024-03-18,Mar 2024,Allowance for Doubtful Accounts,AcctRec,Japan KK,Operations,21599.34,0.0
TXN51653,2024-03-18,Mar 2024,Consulting Revenue,Income,Japan KK,Operations,0.0,21599.34
TXN51654,2024-07-08,Jul 2024,Payroll Liabilities,OthCurrLiab,UK Operations,Engineering,32466.23,0.0
TXN51654,2024-07-08,Jul 2024,Cash - Payroll,Bank,UK Operations,Engineering,0.0,32466.23
TXN51655,2024-05-30,May 2024,Inventory - Raw Materials,OthCurrAsset,France SAS,Finance,8914.59,0.0
TXN51655,2024-05-30,May 2024,Interest Income,OthIncome,France SAS,Finance,0.0,8914.59
TXN51656,2024-09-22,Sep 2024,Cost of Goods Sold - Services,COGS,Japan KK,Engineering,34089.91,0.0
TXN51656,2024-09-22,Sep 2024,Allowance for Doubtful Accounts,AcctRec,Japan KK,Engineering,0.0,34089.91
TXN51657,2024-02-28,Feb 2024,Inventory - Raw Materials,OthCurrAsset,US Headquarters,Engineering,28804.0,0.0
TXN51657,2024-02-28,Feb 2024,Product Sales,Income,US Headquarters,Engineering,0.0,28804.0
TXN51658,2024-05-21,May 2024,Marketing and Advertising,Expense,France SAS,Operations,35005.66,0.0
TXN51658,2024-05-21,May 2024,Cash - Payroll,Bank,France SAS,Operations,0.0,35005.66
TXN51659,2024-04-22,Apr 2024,Sales Tax Payable,OthCurrLiab,Canada Inc,Finance,10364.7,0.0
TXN51659,2024-04-22,Apr 2024,Inventory - Finished Goods,OthCurrAsset,Canada Inc,Finance,0.0,10364.7
TXN51660,2024-05-27,May 2024,Inventory - Finished Goods,OthCurrAsset,Canada Inc,,255.03,0.0
TXN51660,2024-05-27,May 2024,Interest Income,OthIncome,Canada Inc,,0.0,255.03
TXN51661,2024-06-05,Jun 2024,Cash - Payroll,Bank,France SAS,Sales,15824.11,0.0
TXN51661,2024-06-05,Jun 2024,Consulting Revenue,Income,France SAS,Sales,0.0,15824.11
TXN51662,2024-08-21,Aug 2024,Cost of Goods Sold - Products,COGS,Germany GmbH,Engineering,33334.97,0.0
TXN51662,2024-08-21,Aug 2024,Accounts Receivable,AcctRec,Germany GmbH,Engineering,0.0,33334.97
TXN51663,2024-05-15,May 2024,Inventory - Raw Materials,OthCurrAsset,UK Operations,Sales,33992.23,0.0
TXN51663,2024-05-15,May 2024,Accounts Receivable,AcctRec,UK Operations,Sales,0.0,33992.23
TXN51664,2024-08-30,Aug 2024,Cost of Goods Sold - Products,COGS,US Headquarters,Finance,43673.61,0.0
TXN51664,2024-08-30,Aug 2024,Cash - Operating,Bank,US Headquarters,Finance,0.0,43673.61
TXN51665,2024-10-17,Oct 2024,Cash - Payroll,Bank,Canada Inc,Sales,26310.93,0.0
TXN51665,2024-10-17,Oct 2024,Product Sales,Income,Canada Inc,Sales,0.0,26310.93
TXN51666,2024-02-21,Feb 2024,Office Supplies,Expense,Canada Inc,,16850.3,0.0
TXN51666,2024-02-21,Feb 2024,Accrued Expenses,AcctPay,Canada Inc,,0.0,16850.3
TXN51667,2024-05-11,May 2024,Accounts Receivable,AcctRec,Singapore Pte Ltd,Marketing,18278.04,0.0
TXN51667,2024-05-11,May 2024,Consulting Revenue,Income,Singapore Pte Ltd,Marketing,0.0,18278.04
TXN51668,2024-12-29,Dec 2024,Prepaid Expenses,OthCurrAsset,Australia Pty Ltd,Operations,38748.86,0.0
TXN51668,2024-12-29,Dec 2024,Inventory - Raw Materials,OthCurrAsset,Australia Pty Ltd,Operations,0.0,38748.86
TXN51669,2024-09-04,Sep 2024,Accounts Payable,AcctPay,UK Operations,Marketing,34320.63,0.0
TXN51669,2024-09-04,Sep 2024,Cash - Payroll,Bank,UK Operations,Marketing,0.0,34320.63
TXN51670,2024-07-29,Jul 2024,Cost of Goods Sold - Products,COGS,France SAS,,49704.94,0.0
TXN51670,2024-07-29,Jul 2024,Allowance for Doubtful Accounts,AcctRec,France SAS,,0.0,49704.94
TXN51671,2024-10-22,Oct 2024,Allowance for Doubtful Accounts,AcctRec,Japan KK,Marketing,10394.75,0.0
TXN51671,2024-10-22,Oct 2024,Product Sales,Income,Japan KK,Marketing,0.0,10394.75
TXN51672,2024-05-20,May 2024,Accounts Receivable,AcctRec,Singapore Pte Ltd,Operations,8830.12,0.0
TXN51672,2024-05-20,May 2024,Accounts Receivable,AcctRec,Singapore Pte Ltd,Operations,0.0,8830.12
TXN51673,2024-07-19,Jul 2024,Inventory - Raw Materials,OthCurrAsset,Japan KK,Marketing,15535.23,0.0
TXN51673,2024-07-19,Jul 2024,Consulting Revenue,Income,Japan KK,Marketing,0.0,15535.23
TXN51674,2024-11-09,Nov 2024,Office Supplies,Expense,UK Operations,Finance,39787.11,0.0
TXN51674,2024-11-09,Nov 2024,Inventory - Raw Materials,OthCurrAsset,UK Operations,Finance,0.0,39787.11
TXN51675,2024-02-26,Feb 2024,Inventory - Finished Goods,OthCurrAsset,US Headquarters,Finance,46368.93,0.0
TXN51675,2024-02-26,Feb 2024,Service Revenue,Income,US Headquarters,Finance,0.0,46368.93
TXN51676,2024-09-24,Sep 2024,Allowance for Doubtful Accounts,AcctRec,Canada Inc,Operations,27951.23,0.0
TXN51676,2024-09-24,Sep 2024,Consulting Revenue,Income,Canada Inc,Operations,0.0,27951.23
TXN51677,2024-02-03,Feb 2024,Prepaid Expenses,OthCurrAsset,Canada Inc,Engineering,22747.52,0.0
TXN51677,2024-02-03,Feb 2024,Product Sales,Income,Canada Inc,Engineering,0.0,22747.52
TXN51678,2024-01-28,Jan 2024,Cost of Goods Sold - Products,COGS,Singapore Pte Ltd,Marketing,354.0,0.0
TXN51678,2024-01-28,Jan 2024,Cash - Operating,Bank,Singapore Pte Ltd,Marketing,0.0,354.0
TXN51679,2024-05-08,May 2024,Short-term Loans,OthCurrLiab,Germany GmbH,Marketing,43948.23,0.0
TXN51679,2024-05-08,May 2024,Inventory - Finished Goods,OthCurrAsset,Germany GmbH,Marketing,0.0,43948.23
TXN51680,2024-10-14,Oct 2024,Inventory - Finished Goods,OthCurrAsset,Germany GmbH,Engineering,35688.54,0.0
TXN51680,2024-10-14,Oct 2024,Service Revenue,Income,Germany GmbH,Engineering,0.0,35688.54
TXN51681,2024-08-09,Aug 2024,Office Supplies,Expense,UK Operations,Marketing,11021.0,0.0
TXN51681,2024-08-09,Aug 2024,Allowance for Doubtful Accounts,AcctRec,UK Operations,Marketing,0.0,11021.0
TXN51682,2024-12-13,Dec 2024,Accounts Receivable,AcctRec,Japan KK,Finance,20015.77,0.0
TXN51682,2024-12-13,Dec 2024,Accounts Receivable,AcctRec,Japan KK,Finance,0.0,20015.77
TXN51683,2024-11-01,Nov 2024,Office Supplies,Expense,Canada Inc,Sales,28238.99,0.0
TXN51683,2024-11-01,Nov 2024,Sales Tax Payable,OthCurrLiab,Canada Inc,Sales,0.0,28238.99
TXN51684,2024-03-12,Mar 2024,Utilities,Expense,France SAS,Marketing,6870.97,0.0
TXN51684,2024-03-12,Mar 2024,Inventory - Raw Materials,OthCurrAsset,France SAS,Marketing,0.0,6870.97
TXN51685,2024-02-13,Feb 2024,Salaries and Wages,Expense,Canada Inc,Operations,46363.22,0.0
TXN51685,2024-02-13,Feb 2024,Prepaid Expenses,OthCurrAsset,Canada Inc,Operations,0.0,46363.22
TXN51686,2024-08-11,Aug 2024,Professional Fees,Expense,UK Operations,Sales,26375.91,0.0
TXN51686,2024-08-11,Aug 2024,Payroll Liabilities,OthCurrLiab,UK Operations,Sales,0.0,26375.91
TXN51687,2024-12-30,Dec 2024,Marketing and Advertising,Expense,Australia Pty Ltd,Finance,17774.27,0.0
TXN51687,2024-12-30,Dec 2024,Accounts Payable,AcctPay,Australia Pty Ltd,Finance,0.0,17774.27
TXN51688,2024-01-15,Jan 2024,Accounts Receivable,AcctRec,US Headquarters,Finance,4512.61,0.0
TXN51688,2024-01-15,Jan 2024,Service Revenue,Income,US Headquarters,Finance,0.0,4512.61
TXN51689,2024-10-24,Oct 2024,Accounts Receivable,AcctRec,Australia Pty Ltd,Sales,31082.4,0.0
TXN51689,2024-10-24,Oct 2024,Cash - Operating,Bank,Australia Pty Ltd,Sales,0.0,31082.4
TXN51690,2024-07-20,Jul 2024,Professional Fees,Expense,Germany GmbH,Finance,33536.95,0.0
TXN51690,2024-07-20,Jul 2024,Accounts Payable,AcctPay,Germany GmbH,Finance,0.0,33536.95
TXN51691,2024-01-28,Jan 2024,Cash - Operating,Bank,UK Operations,Engineering,13581.72,0.0
TXN51691,2024-01-28,Jan 2024,Accounts Receivable,AcctRec,UK Operations,Engineering,0.0,13581.72
TXN51692,2024-10-31,Oct 2024,Cost of Goods Sold - Products,COGS,UK Operations,Marketing,28315.63,0.0
TXN51692,2024-10-31,Oct 2024,Cash - Payroll,Bank,UK Operations,Marketing,0.0,28315.63
TXN51693,2024-10-26,Oct 2024,Inventory - Finished Goods,OthCurrAsset,US Headquarters,,10332.72,0.0
TXN51693,2024-10-26,Oct 2024,Interest Income,OthIncome,US Headquarters,,0.0,10332.72
TXN51694,2024-03-10,Mar 2024,Inventory - Finished Goods,OthCurrAsset,France SAS,,32019.44,0.0
TXN51694,2024-03-10,Mar 2024,Consulting Revenue,Income,France SAS,,0.0,32019.44
TXN51695,2024-01-04,Jan 2024,Cash - Operating,Bank,Singapore Pte Ltd,Operations,34419.96,0.0
TXN51695,2024-01-04,Jan 2024,Service Revenue,Income,Singapore Pte Ltd,Operations,0.0,34419.96
TXN51696,2024-11-05,Nov 2024,Allowance for Doubtful Accounts,AcctRec,UK Operations,Operations,4933.5,0.0
TXN51696,2024-11-05,Nov 2024,Product Sales,Income,UK Operations,Operations,0.0,4933.5
TXN51697,2024-09-15,Sep 2024,Allowance for Doubtful Accounts,AcctRec,Singapore Pte Ltd,Finance,2877.09,0.0
TXN51697,2024-09-15,Sep 2024,Interest Income,OthIncome,Singapore Pte Ltd,Finance,0.0,2877.09
TXN51698,2024-04-04,Apr 2024,Travel and Entertainment,Expense,France SAS,Operations,13087.55,0.0
TXN51698,2024-04-04,Apr 2024,Payroll Liabilities,OthCurrLiab,France SAS,Operations,0.0,13087.55
TXN51699,2024-11-11,Nov 2024,Cash - Payroll,Bank,UK Operations,Finance,7397.69,0.0
TXN51699,2024-11-11,Nov 2024,Service Revenue,Income,UK Operations,Finance,0.0,7397.69
TXN51700,2024-03-28,Mar 2024,Cash - Operating,Bank,France SAS,Finance,24075.28,0.0
TXN51700,2024-03-28,Mar 2024,Interest Income,OthIncome,France SAS,Finance,0.0,24075.28
TXN51701,2024-07-07,Jul 2024,Payroll Liabilities,OthCurrLiab,Canada Inc,Finance,19352.46,0.0
TXN51701,2024-07-07,Jul 2024,Allowance for Doubtful Accounts,AcctRec,Canada Inc,Finance,0.0,19352.46
TXN51702,2024-08-05,Aug 2024,Allowance for Doubtful Accounts,AcctRec,Germany GmbH,Engineering,14242.77,0.0
TXN51702,2024-08-05,Aug 2024,Product Sales,Income,Germany GmbH,Engineering,0.0,14242.77
TXN51703,2024-10-24,Oct 2024,Inventory - Raw Materials,OthCurrAsset,Canada Inc,Engineering,32290.94,0.0
TXN51703,2024-10-24,Oct 2024,Allowance for Doubtful Accounts,AcctRec,Canada Inc,Engineering,0.0,32290.94
TXN51704,2024-01-22,Jan 2024,Sales Tax Payable,OthCurrLiab,Australia Pty Ltd,Sales,23448.56,0.0
TXN51704,2024-01-22,Jan 2024,Cash - Operating,Bank,Australia Pty Ltd,Sales,0.0,23448.56
TXN51705,2024-03-22,Mar 2024,Office Supplies,Expense,Australia Pty Ltd,Operations,42806.39,0.0
TXN51705,2024-03-22,Mar 2024,Short-term Loans,OthCurrLiab,Australia Pty Ltd,Operations,0.0,42806.39
TXN51706,2024-09-25,Sep 2024,Office Supplies,Expense,Japan KK,Operations,3232.01,0.0
TXN51706,2024-09-25,Sep 2024,Payroll Liabilities,OthCurrLiab,Japan KK,Operations,0.0,3232.01
TXN51707,2024-10-15,Oct 2024,Sales Tax Payable,OthCurrLiab,Australia Pty Ltd,Finance,35787.6,0.0
TXN51707,2024-10-15,Oct 2024,Prepaid Expenses,OthCurrAsset,Australia Pty Ltd,Finance,0.0,35787.6
TXN51708,2024-12-03,Dec 2024,Payroll Liabilities,OthCurrLiab,Canada Inc,Finance,3503.68,0.0
TXN51708,2024-12-03,Dec 2024,Allowance for Doubtful Accounts,AcctRec,Canada Inc,Finance,0.0,3503.68
TXN51709,2024-08-29,Aug 2024,Interest Expense,OthExpense,Germany GmbH,Operations,35454.16,0.0
TXN51709,2024-08-29,Aug 2024,Accrued Expenses,AcctPay,Germany GmbH,Operations,0.0,35454.16
TXN51710,2024-05-12,May 2024,Accounts Receivable,AcctRec,Germany GmbH,,16271.42,0.0
TXN51710,2024-05-12,May 2024,Inventory - Raw Materials,OthCurrAsset,Germany GmbH,,0.0,16271.42
TXN51711,2024-11-12,Nov 2024,Cash - Payroll,Bank,Japan KK,Engineering,2341.96,0.0
TXN51711,2024-11-12,Nov 2024,Cash - Payroll,Bank,Japan KK,Engineering,0.0,2341.96
TXN51712,2024-02-19,Feb 2024,Rent Expense,Expense,UK Operations,Finance,46718.27,0.0
TXN51712,2024-02-19,Feb 2024,Short-term Loans,OthCurrLiab,UK Operations,Finance,0.0,46718.27
TXN51713,2024-05-01,May 2024,Marketing and Advertising,Expense,UK Operations,Sales,36435.34,0.0
TXN51713,2024-05-01,May 2024,Cash - Payroll,Bank,UK Operations,Sales,0.0,36435.34
TXN51714,2024-02-01,Feb 2024,Payroll Liabilities,OthCurrLiab,Canada Inc,Engineering,1967.17,0.0
TXN51714,2024-02-01,Feb 2024,Prepaid Expenses,OthCurrAsset,Canada Inc,Engineering,0.0,1967.17
TXN51715,2024-07-10,Jul 2024,Marketing and Advertising,Expense,US Headquarters,Sales,16125.84,0.0
TXN51715,2024-07-10,Jul 2024,Accounts Receivable,AcctRec,US Headquarters,Sales,0.0,16125.84
TXN51716,2024-11-22,Nov 2024,Utilities,Expense,France SAS,Sales,12699.5,0.0
TXN51716,2024-11-22,Nov 2024,Allowance for Doubtful Accounts,AcctRec,France SAS,Sales,0.0,12699.5
TXN51717,2024-04-13,Apr 2024,Accrued Expenses,AcctPay,Germany GmbH,Finance,40710.5,0.0
TXN51717,2024-04-13,Apr 2024,Cash - Operating,Bank,Germany GmbH,Finance,0.0,40710.5
TXN51718,2024-10-25,Oct 2024,Cash - Operating,Bank,US Headquarters,,47995.63,0.0
TXN51718,2024-10-25,Oct 2024,Service Revenue,Income,US Headquarters,,0.0,47995.63
TXN51719,2024-01-03,Jan 2024,Accounts Receivable,AcctRec,Australia Pty Ltd,Finance,28457.92,0.0
TXN51719,2024-01-03,Jan 2024,Cash - Payroll,Bank,Australia Pty Ltd,Finance,0.0,28457.92
TXN51720,2024-12-15,Dec 2024,Travel and Entertainment,Expense,Singapore Pte Ltd,Sales,41636.91,0.0
TXN51720,2024-12-15,Dec 2024,Accrued Expenses,AcctPay,Singapore Pte Ltd,Sales,0.0,41636.91
TXN51721,2024-06-29,Jun 2024,Prepaid Expenses,OthCurrAsset,Australia Pty Ltd,Operations,44997.81,0.0
TXN51721,2024-06-29,Jun 2024,Cash - Operating,Bank,Australia Pty Ltd,Operations,0.0,44997.81
TXN51722,2024-08-12,Aug 2024,Cash - Operating,Bank,Japan KK,,18868.3,0.0
TXN51722,2024-08-12,Aug 2024,Service Revenue,Income,Japan KK,,0.0,18868.3
TXN51723,2024-09-21,Sep 2024,Inventory - Raw Materials,OthCurrAsset,Canada Inc,Engineering,5984.58,0.0
TXN51723,2024-09-21,Sep 2024,Consulting Revenue,Income,Canada Inc,Engineering,0.0,5984.58
TXN51724,2024-01-12,Jan 2024,Inventory - Finished Goods,OthCurrAsset,France SAS,Marketing,46121.44,0.0
TXN51724,2024-01-12,Jan 2024,Consulting Revenue,Income,France SAS,Marketing,0.0,46121.44
TXN51725,2024-02-04,Feb 2024,Professional Fees,Expense,Germany GmbH,Marketing,3831.38,0.0
TXN51725,2024-02-04,Feb 2024,Sales Tax Payable,OthCurrLiab,Germany GmbH,Marketing,0.0,3831.38
TXN51726,2024-09-13,Sep 2024,Cost of Goods Sold - Services,COGS,Canada Inc,Finance,30970.38,0.0
TXN51726,2024-09-13,Sep 2024,Sales Tax Payable,OthCurrLiab,Canada Inc,Finance,0.0,30970.38
TXN51727,2024-08-29,Aug 2024,Accounts Receivable,AcctRec,Canada Inc,,1595.9,0.0
TXN51727,2024-08-29,Aug 2024,Service Revenue,Income,Canada Inc,,0.0,1595.9
TXN51728,2024-06-20,Jun 2024,Sales Tax Payable,OthCurrLiab,US Headquarters,Sales,10291.24,0.0
TXN51728,2024-06-20,Jun 2024,Prepaid Expenses,OthCurrAsset,US Headquarters,Sales,0.0,10291.24
TXN51729,2024-12-05,Dec 2024,Short-term Loans,OthCurrLiab,US Headquarters,Sales,24728.4,0.0
TXN51729,2024-12-05,Dec 2024,Inventory - Raw Materials,OthCurrAsset,US Headquarters,Sales,0.0,24728.4
TXN51730,2024-12-25,Dec 2024,Inventory - Raw Materials,OthCurrAsset,US Headquarters,Marketing,49054.7,0.0
TXN51730,2024-12-25,Dec 2024,Inventory - Finished Goods,OthCurrAsset,US Headquarters,Marketing,0.0,49054.7
TXN51731,2024-11-09,Nov 2024,Inventory - Finished Goods,OthCurrAsset,UK Operations,Operations,23990.7,0.0
TXN51731,2024-11-09,Nov 2024,Product Sales,Income,UK Operations,Operations,0.0,23990.7
TXN51732,2024-02-23,Feb 2024,Marketing and Advertising,Expense,US Headquarters,Finance,25429.45,0.0
TXN51732,2024-02-23,Feb 2024,Accounts Payable,AcctPay,US Headquarters,Finance,0.0,25429.45
TXN51733,2024-06-04,Jun 2024,Prepaid Expenses,OthCurrAsset,France SAS,Engineering,46569.2,0.0
TXN51733,2024-06-04,Jun 2024,Service Revenue,Income,France SAS,Engineering,0.0,46569.2
TXN51734,2024-09-30,Sep 2024,Allowance for Doubtful Accounts,AcctRec,Japan KK,,34211.39,0.0
TXN51734,2024-09-30,Sep 2024,Product Sales,Income,Japan KK,,0.0,34211.39
TXN51735,2024-07-17,Jul 2024,Short-term Loans,OthCurrLiab,Japan KK,,6349.35,0.0
TXN51735,2024-07-17,Jul 2024,Cash - Payroll,Bank,Japan KK,,0.0,6349.35
TXN51736,2024-02-29,Feb 2024,Accounts Receivable,AcctRec,Singapore Pte Ltd,Engineering,44867.62,0.0
TXN51736,2024-02-29,Feb 2024,Accounts Receivable,AcctRec,Singapore Pte Ltd,Engineering,0.0,44867.62
TXN51737,2024-04-09,Apr 2024,Cash - Operating,Bank,Australia Pty Ltd,Finance,45911.62,0.0
TXN51737,2024-04-09,Apr 2024,Product Sales,Income,Australia Pty Ltd,Finance,0.0,45911.62
TXN51738,2024-04-26,Apr 2024,Short-term Loans,OthCurrLiab,Japan KK,,37653.2,0.0
TXN51738,2024-04-26,Apr 2024,Inventory - Raw Materials,OthCurrAsset,Japan KK,,0.0,37653.2
TXN51739,2024-01-24,Jan 2024,Cash - Operating,Bank,US Headquarters,,12571.13,0.0
TXN51739,2024-01-24,Jan 2024,Service Revenue,Income,US Headquarters,,0.0,12571.13
TXN51740,2024-08-12,Aug 2024,Inventory - Finished Goods,OthCurrAsset,Germany GmbH,Marketing,2281.6,0.0
TXN51740,2024-08-12,Aug 2024,Service Revenue,Income,Germany GmbH,Marketing,0.0,2281.6
TXN51741,2024-05-29,May 2024,Interest Expense,OthExpense,Germany GmbH,Operations,19951.15,0.0
TXN51741,2024-05-29,May 2024,Cash - Payroll,Bank,Germany GmbH,Operations,0.0,19951.15
TXN51742,2024-02-09,Feb 2024,Sales Tax Payable,OthCurrLiab,Canada Inc,Operations,10372.46,0.0
TXN51742,2024-02-09,Feb 2024,Prepaid Expenses,OthCurrAsset,Canada Inc,Operations,0.0,10372.46
TXN51743,2024-04-22,Apr 2024,Professional Fees,Expense,Singapore Pte Ltd,,15205.67,0.0
TXN51743,2024-04-22,Apr 2024,Inventory - Raw Materials,OthCurrAsset,Singapore Pte Ltd,,0.0,15205.67
TXN51744,2024-11-30,Nov 2024,Inventory - Raw Materials,OthCurrAsset,France SAS,Operations,44659.63,0.0
TXN51744,2024-11-30,Nov 2024,Product Sales,Income,France SAS,Operations,0.0,44659.63
TXN51745,2024-01-28,Jan 2024,Utilities,Expense,Australia Pty Ltd,Finance,35304.53,0.0
TXN51745,2024-01-28,Jan 2024,Cash - Payroll,Bank,Australia Pty Ltd,Finance,0.0,35304.53
TXN51746,2024-04-14,Apr 2024,Accrued Expenses,AcctPay,Germany GmbH,Operations,11603.74,0.0
TXN51746,2024-04-14,Apr 2024,Cash - Operating,Bank,Germany GmbH,Operations,0.0,11603.74
TXN51747,2024-07-09,Jul 2024,Interest Expense,OthExpense,Germany GmbH,Engineering,48897.69,0.0
TXN51747,2024-07-09,Jul 2024,Accounts Payable,AcctPay,Germany GmbH,Engineering,0.0,48897.69
TXN51748,2024-02-28,Feb 2024,Inventory - Raw Materials,OthCurrAsset,US Headquarters,Finance,41832.63,0.0
TXN51748,2024-02-28,Feb 2024,Interest Income,OthIncome,US Headquarters,Finance,0.0,41832.63
TXN51749,2024-06-02,Jun 2024,Travel and Entertainment,Expense,UK Operations,Engineering,14026.71,0.0
TXN51749,2024-06-02,Jun 2024,Cash - Operating,Bank,UK Operations,Engineering,0.0,14026.71
TXN51750,2024-07-14,Jul 2024,Cash - Payroll,Bank,Japan KK,Finance,2316.34,0.0
TXN51750,2024-07-14,Jul 2024,Interest Income,OthIncome,Japan KK,Finance,0.0,2316.34
TXN51751,2024-09-29,Sep 2024,Office Supplies,Expense,US Headquarters,,15326.89,0.0
TXN51751,2024-09-29,Sep 2024,Cash - Operating,Bank,US Headquarters,,0.0,15326.89
TXN51752,2024-11-07,Nov 2024,Cost of Goods Sold - Products,COGS,Australia Pty Ltd,Marketing,40531.16,0.0
TXN51752,2024-11-07,Nov 2024,Inventory - Finished Goods,OthCurrAsset,Australia Pty Ltd,Marketing,0.0,40531.16
TXN51753,2024-11-14,Nov 2024,Prepaid Expenses,OthCurrAsset,Japan KK,Finance,39152.37,0.0
TXN51753,2024-11-14,Nov 2024,Cash - Operating,Bank,Japan KK,Finance,0.0,39152.37
TXN51754,2024-02-25,Feb 2024,Inventory - Raw Materials,OthCurrAsset,Japan KK,,46630.39,0.0
TXN51754,2024-02-25,Feb 2024,Interest Income,OthIncome,Japan KK,,0.0,46630.39
TXN51755,2024-08-05,Aug 2024,Rent Expense,Expense,Canada Inc,Sales,48019.22,0.0
TXN51755,2024-08-05,Aug 2024,Accounts Receivable,AcctRec,Canada Inc,Sales,0.0,48019.22
TXN51756,2024-01-08,Jan 2024,Cash - Payroll,Bank,Canada Inc,,47553.26,0.0
TXN51756,2024-01-08,Jan 2024,Consulting Revenue,Income,Canada Inc,,0.0,47553.26
TXN51757,2024-06-21,Jun 2024,Interest Expense,OthExpense,Japan KK,Engineering,30815.81,0.0
TXN51757,2024-06-21,Jun 2024,Inventory - Raw Materials,OthCurrAsset,Japan KK,Engineering,0.0,30815.81
TXN51758,2024-11-30,Nov 2024,Utilities,Expense,US Headquarters,Engineering,15414.07,0.0
TXN51758,2024-11-30,Nov 2024,Accounts Receivable,AcctRec,US Headquarters,Engineering,0.0,15414.07
TXN51759,2024-08-15,Aug 2024,Office Supplies,Expense,Singapore Pte Ltd,Engineering,22051.47,0.0
TXN51759,2024-08-15,Aug 2024,Accounts Payable,AcctPay,Singapore Pte Ltd,Engineering,0.0,22051.47
TXN51760,2024-11-22,Nov 2024,Accounts Receivable,AcctRec,France SAS,Finance,3023.38,0.0
TXN51760,2024-11-22,Nov 2024,Inventory - Raw Materials,OthCurrAsset,France SAS,Finance,0.0,3023.38
TXN51761,2024-10-09,Oct 2024,Prepaid Expenses,OthCurrAsset,Australia Pty Ltd,Engineering,22077.93,0.0
TXN51761,2024-10-09,Oct 2024,Consulting Revenue,Income,Australia Pty Ltd,Engineering,0.0,22077.93
TXN51762,2024-05-12,May 2024,Prepaid Expenses,OthCurrAsset,Singapore Pte Ltd,Sales,11448.2,0.0
TXN51762,2024-05-12,May 2024,Product Sales,Income,Singapore Pte Ltd,Sales,0.0,11448.2
TXN51763,2024-04-29,Apr 2024,Travel and Entertainment,Expense,UK Operations,,2021.24,0.0
TXN51763,2024-04-29,Apr 2024,Sales Tax Payable,OthCurrLiab,UK Operations,,0.0,2021.24
TXN51764,2024-06-11,Jun 2024,Inventory - Finished Goods,OthCurrAsset,US Headquarters,Operations,35896.15,0.0
TXN51764,2024-06-11,Jun 2024,Consulting Revenue,Income,US Headquarters,Operations,0.0,35896.15
TXN51765,2024-05-11,May 2024,Short-term Loans,OthCurrLiab,US Headquarters,,42262.05,0.0
TXN51765,2024-05-11,May 2024,Inventory - Finished Goods,OthCurrAsset,US Headquarters,,0.0,42262.05
TXN51766,2024-01-23,Jan 2024,Cost of Goods Sold - Services,COGS,France SAS,Marketing,5547.26,0.0
TXN51766,2024-01-23,Jan 2024,Accrued Expenses,AcctPay,France SAS,Marketing,0.0,5547.26
TXN51767,2024-02-09,Feb 2024,Interest Expense,OthExpense,France SAS,Sales,16356.87,0.0
TXN51767,2024-02-09,Feb 2024,Prepaid Expenses,OthCurrAsset,France SAS,Sales,0.0,16356.87
TXN51768,2024-02-06,Feb 2024,Prepaid Expenses,OthCurrAsset,Japan KK,Marketing,7239.67,0.0
TXN51768,2024-02-06,Feb 2024,Consulting Revenue,Income,Japan KK,Marketing,0.0,7239.67
TXN51769,2024-06-20,Jun 2024,Accounts Receivable,AcctRec,Japan KK,,18798.31,0.0
TXN51769,2024-06-20,Jun 2024,Inventory - Raw Materials,OthCurrAsset,Japan KK,,0.0,18798.31
TXN51770,2024-01-16,Jan 2024,Inventory - Raw Materials,OthCurrAsset,Germany GmbH,Marketing,2326.07,0.0
TXN51770,2024-01-16,Jan 2024,Cash - Operating,Bank,Germany GmbH,Marketing,0.0,2326.07
TXN51771,2024-02-24,Feb 2024,Short-term Loans,OthCurrLiab,France SAS,Marketing,25588.73,0.0
TXN51771,2024-02-24,Feb 2024,Prepaid Expenses,OthCurrAsset,France SAS,Marketing,0.0,25588.73
TXN51772,2024-10-24,Oct 2024,Interest Expense,OthExpense,Australia Pty Ltd,Sales,19004.1,0.0
TXN51772,2024-10-24,Oct 2024,Short-term Loans,OthCurrLiab,Australia Pty Ltd,Sales,0.0,19004.1
TXN51773,2024-03-17,Mar 2024,Cash - Payroll,Bank,Japan KK,,4014.4,0.0
TXN51773,2024-03-17,Mar 2024,Interest Income,OthIncome,Japan KK,,0.0,4014.4
TXN51774,2024-10-02,Oct 2024,Interest Expense,OthExpense,UK Operations,Operations,39930.46,0.0
TXN51774,2024-10-02,Oct 2024,Accrued Expenses,AcctPay,UK Operations,Operations,0.0,39930.46
TXN51775,2024-09-23,Sep 2024,Sales Tax Payable,OthCurrLiab,Singapore Pte Ltd,Marketing,13532.22,0.0
TXN51775,2024-09-23,Sep 2024,Cash - Payroll,Bank,Singapore Pte Ltd,Marketing,0.0,13532.22
TXN51776,2024-06-17,Jun 2024,Cash - Operating,Bank,France SAS,Marketing,11621.45,0.0
TXN51776,2024-06-17,Jun 2024,Service Revenue,Income,France SAS,Marketing,0.0,11621.45
TXN51777,2024-08-15,Aug 2024,Cost of Goods Sold - Services,COGS,Japan KK,Marketing,4076.53,0.0
TXN51777,2024-08-15,Aug 2024,Inventory - Finished Goods,OthCurrAsset,Japan KK,Marketing,0.0,4076.53
TXN51778,2024-11-30,Nov 2024,Accrued Expenses,AcctPay,Singapore Pte Ltd,Operations,11594.46,0.0
TXN51778,2024-11-30,Nov 2024,Inventory - Raw Materials,OthCurrAsset,Singapore Pte Ltd,Operations,0.0,11594.46
TXN51779,2024-03-05,Mar 2024,IT and Software,Expense,France SAS,Finance,33737.85,0.0
TXN51779,2024-03-05,Mar 2024,Inventory - Raw Materials,OthCurrAsset,France SAS,Finance,0.0,33737.85
TXN51780,2024-05-26,May 2024,Professional Fees,Expense,Australia Pty Ltd,Marketing,5986.4,0.0
TXN51780,2024-05-26,May 2024,Accounts Receivable,AcctRec,Australia Pty Ltd,Marketing,0.0,5986.4
TXN51781,2024-10-21,Oct 2024,Cash - Payroll,Bank,Singapore Pte Ltd,,44083.92,0.0
TXN51781,2024-10-21,Oct 2024,Interest Income,OthIncome,Singapore Pte Ltd,,0.0,44083.92
TXN51782,2024-01-08,Jan 2024,Payroll Liabilities,OthCurrLiab,Germany GmbH,Engineering,20989.42,0.0
TXN51782,2024-01-08,Jan 2024,Inventory - Finished Goods,OthCurrAsset,Germany GmbH,Engineering,0.0,20989.42
TXN51783,2024-02-21,Feb 2024,Cash - Payroll,Bank,Germany GmbH,Engineering,41709.54,0.0
TXN51783,2024-02-21,Feb 2024,Product Sales,Income,Germany GmbH,Engineering,0.0,41709.54
TXN51784,2024-03-08,Mar 2024,Professional Fees,Expense,Japan KK,Finance,17782.95,0.0
TXN51784,2024-03-08,Mar 2024,Allowance for Doubtful Accounts,AcctRec,Japan KK,Finance,0.0,17782.95
TXN51785,2024-12-30,Dec 2024,Sales Tax Payable,OthCurrLiab,Canada Inc,Engineering,16906.73,0.0
TXN51785,2024-12-30,Dec 2024,Inventory - Raw Materials,OthCurrAsset,Canada Inc,Engineering,0.0,16906.73
TXN51786,2024-11-07,Nov 2024,Sales Tax Payable,OthCurrLiab,UK Operations,,2357.36,0.0
TXN51786,2024-11-07,Nov 2024,Allowance for Doubtful Accounts,AcctRec,UK Operations,,0.0,2357.36
TXN51787,2024-07-28,Jul 2024,Allowance for Doubtful Accounts,AcctRec,Singapore Pte Ltd,,41756.75,0.0
TXN51787,2024-07-28,Jul 2024,Service Revenue,Income,Singapore Pte Ltd,,0.0,41756.75
TXN51788,2024-04-03,Apr 2024,Office Supplies,Expense,UK Operations,Sales,44790.4,0.0
TXN51788,2024-04-03,Apr 2024,Payroll Liabilities,OthCurrLiab,UK Operations,Sales,0.0,44790.4
TXN51789,2024-11-28,Nov 2024,Inventory - Finished Goods,OthCurrAsset,Singapore Pte Ltd,Finance,16089.8,0.0
TXN51789,2024-11-28,Nov 2024,Consulting Revenue,Income,Singapore Pte Ltd,Finance,0.0,16089.8
TXN51790,2024-02-19,Feb 2024,Inventory - Raw Materials,OthCurrAsset,France SAS,Marketing,24715.34,0.0
TXN51790,2024-02-19,Feb 2024,Interest Income,OthIncome,France SAS,Marketing,0.0,24715.34
TXN51791,2024-05-26,May 2024,Cash - Payroll,Bank,Australia Pty Ltd,Finance,15997.06,0.0
TXN51791,2024-05-26,May 2024,Product Sales,Income,Australia Pty Ltd,Finance,0.0,15997.06
TXN51792,2024-04-17,Apr 2024,Accounts Receivable,AcctRec,Japan KK,Operations,13984.99,0.0
TXN51792,2024-04-17,Apr 2024,Cash - Operating,Bank,Japan KK,Operations,0.0,13984.99
TXN51793,2024-06-26,Jun 2024,Allowance for Doubtful Accounts,AcctRec,Canada Inc,Sales,6015.7,0.0
TXN51793,2024-06-26,Jun 2024,Service Revenue,Income,Canada Inc,Sales,0.0,6015.7
TXN51794,2024-03-27,Mar 2024,Accrued Expenses,AcctPay,Canada Inc,Marketing,49441.4,0.0
TXN51794,2024-03-27,Mar 2024,Inventory - Finished Goods,OthCurrAsset,Canada Inc,Marketing,0.0,49441.4
TXN51795,2024-05-22,May 2024,Accrued Expenses,AcctPay,Germany GmbH,Engineering,10421.47,0.0
TXN51795,2024-05-22,May 2024,Cash - Operating,Bank,Germany GmbH,Engineering,0.0,10421.47
TXN51796,2024-11-02,Nov 2024,Allowance for Doubtful Accounts,AcctRec,US Headquarters,Operations,26942.0,0.0
TXN51796,2024-11-02,Nov 2024,Product Sales,Income,US Headquarters,Operations,0.0,26942.0
TXN51797,2024-07-08,Jul 2024,Travel and Entertainment,Expense,France SAS,Marketing,47096.12,0.0
TXN51797,2024-07-08,Jul 2024,Accrued Expenses,AcctPay,France SAS,Marketing,0.0,47096.12
TXN51798,2024-03-05,Mar 2024,Accounts Payable,AcctPay,Singapore Pte Ltd,Marketing,45907.96,0.0
TXN51798,2024-03-05,Mar 2024,Allowance for Doubtful Accounts,AcctRec,Singapore Pte Ltd,Marketing,0.0,45907.96
TXN51799,2024-08-09,Aug 2024,Accounts Receivable,AcctRec,Singapore Pte Ltd,Marketing,4434.51,0.0
TXN51799,2024-08-09,Aug 2024,Product Sales,Income,Singapore Pte Ltd,Marketing,0.0,4434.51
TXN51800,2024-06-30,Jun 2024,Sales Tax Payable,OthCurrLiab,UK Operations,,39686.68,0.0
TXN51800,2024-06-30,Jun 2024,Cash - Payroll,Bank,UK Operations,,0.0,39686.68
TXN51801,2024-09-16,Sep 2024,Accounts Payable,AcctPay,Australia Pty Ltd,Marketing,22727.86,0.0
TXN51801,2024-09-16,Sep 2024,Inventory - Finished Goods,OthCurrAsset,Australia Pty Ltd,Marketing,0.0,22727.86
TXN51802,2024-12-18,Dec 2024,Prepaid Expenses,OthCurrAsset,Australia Pty Ltd,Engineering,21725.54,0.0
TXN51802,2024-12-18,Dec 2024,Inventory - Raw Materials,OthCurrAsset,Australia Pty Ltd,Engineering,0.0,21725.54
TXN51803,2024-06-11,Jun 2024,Cash - Operating,Bank,France SAS,Operations,33090.41,0.0
TXN51803,2024-06-11,Jun 2024,Inventory - Finished Goods,OthCurrAsset,France SAS,Operations,0.0,33090.41
TXN51804,2024-11-17,Nov 2024,Rent Expense,Expense,US Headquarters,Sales,6930.05,0.0
TXN51804,2024-11-17,Nov 2024,Payroll Liabilities,OthCurrLiab,US Headquarters,Sales,0.0,6930.05
TXN51805,2024-04-10,Apr 2024,Payroll Liabilities,OthCurrLiab,Canada Inc,Finance,7656.51,0.0
TXN51805,2024-04-10,Apr 2024,Accounts Receivable,AcctRec,Canada Inc,Finance,0.0,7656.51
TXN51806,2024-03-08,Mar 2024,Prepaid Expenses,OthCurrAsset,France SAS,,43805.61,0.0
TXN51806,2024-03-08,Mar 2024,Inventory - Finished Goods,OthCurrAsset,France SAS,,0.0,43805.61
TXN51807,2024-04-19,Apr 2024,Rent Expense,Expense,US Headquarters,Finance,3456.34,0.0
TXN51807,2024-04-19,Apr 2024,Short-term Loans,OthCurrLiab,US Headquarters,Finance,0.0,3456.34
TXN51808,2024-04-01,Apr 2024,Interest Expense,OthExpense,US Headquarters,Finance,34430.28,0.0
TXN51808,2024-04-01,Apr 2024,Sales Tax Payable,OthCurrLiab,US Headquarters,Finance,0.0,34430.28
TXN51809,2024-04-30,Apr 2024,Accounts Receivable,AcctRec,Australia Pty Ltd,Finance,26570.01,0.0
TXN51809,2024-04-30,Apr 2024,Prepaid Expenses,OthCurrAsset,Australia Pty Ltd,Finance,0.0,26570.01
TXN51810,2024-04-28,Apr 2024,Payroll Liabilities,OthCurrLiab,Canada Inc,,24304.49,0.0
TXN51810,2024-04-28,Apr 2024,Inventory - Raw Materials,OthCurrAsset,Canada Inc,,0.0,24304.49
TXN51811,2024-07-01,Jul 2024,Prepaid Expenses,OthCurrAsset,Singapore Pte Ltd,Marketing,4917.01,0.0
TXN51811,2024-07-01,Jul 2024,Consulting Revenue,Income,Singapore Pte Ltd,Marketing,0.0,4917.01
TXN51812,2024-08-02,Aug 2024,Salaries and Wages,Expense,Singapore Pte Ltd,Marketing,12445.07,0.0
TXN51812,2024-08-02,Aug 2024,Accounts Payable,AcctPay,Singapore Pte Ltd,Marketing,0.0,12445.07
TXN51813,2024-06-12,Jun 2024,Payroll Liabilities,OthCurrLiab,UK Operations,Marketing,34878.73,0.0
TXN51813,2024-06-12,Jun 2024,Prepaid Expenses,OthCurrAsset,UK Operations,Marketing,0.0,34878.73
TXN51814,2024-09-07,Sep 2024,Inventory - Raw Materials,OthCurrAsset,Japan KK,,11819.52,0.0
TXN51814,2024-09-07,Sep 2024,Service Revenue,Income,Japan KK,,0.0,11819.52
TXN51815,2024-07-28,Jul 2024,Accounts Receivable,AcctRec,US Headquarters,Operations,38612.75,0.0
TXN51815,2024-07-28,Jul 2024,Interest Income,OthIncome,US Headquarters,Operations,0.0,38612.75
TXN51816,2024-07-19,Jul 2024,Accounts Receivable,AcctRec,Singapore Pte Ltd,Finance,19994.11,0.0
TXN51816,2024-07-19,Jul 2024,Allowance for Doubtful Accounts,AcctRec,Singapore Pte Ltd,Finance,0.0,19994.11
TXN51817,2024-04-22,Apr 2024,Allowance for Doubtful Accounts,AcctRec,Australia Pty Ltd,,40944.38,0.0
TXN51817,2024-04-22,Apr 2024,Service Revenue,Income,Australia Pty Ltd,,0.0,40944.38
TXN51818,2024-10-20,Oct 2024,IT and Software,Expense,Germany GmbH,Operations,10389.42,0.0
TXN51818,2024-10-20,Oct 2024,Sales Tax Payable,OthCurrLiab,Germany GmbH,Operations,0.0,10389.42
TXN51819,2024-06-17,Jun 2024,Cash - Operating,Bank,Germany GmbH,Operations,27034.39,0.0
TXN51819,2024-06-17,Jun 2024,Prepaid Expenses,OthCurrAsset,Germany GmbH,Operations,0.0,27034.39
TXN51820,2024-07-13,Jul 2024,Professional Fees,Expense,UK Operations,,16731.08,0.0
TXN51820,2024-07-13,Jul 2024,Cash - Payroll,Bank,UK Operations,,0.0,16731.08
TXN51821,2024-12-01,Dec 2024,Salaries and Wages,Expense,US Headquarters,Operations,10602.12,0.0
TXN51821,2024-12-01,Dec 2024,Accrued Expenses,AcctPay,US Headquarters,Operations,0.0,10602.12
TXN51822,2024-07-21,Jul 2024,Accounts Receivable,AcctRec,France SAS,Marketing,40084.14,0.0
TXN51822,2024-07-21,Jul 2024,Allowance for Doubtful Accounts,AcctRec,France SAS,Marketing,0.0,40084.14
TXN51823,2024-04-20,Apr 2024,Inventory - Raw Materials,OthCurrAsset,France SAS,Engineering,1900.14,0.0
TXN51823,2024-04-20,Apr 2024,Product Sales,Income,France SAS,Engineering,0.0,1900.14
TXN51824,2024-09-13,Sep 2024,Cash - Operating,Bank,Japan KK,Finance,2210.03,0.0
TXN51824,2024-09-13,Sep 2024,Service Revenue,Income,Japan KK,Finance,0.0,2210.03
TXN51825,2024-11-19,Nov 2024,Prepaid Expenses,OthCurrAsset,France SAS,Engineering,13695.67,0.0
TXN51825,2024-11-19,Nov 2024,Interest Income,OthIncome,France SAS,Engineering,0.0,13695.67
TXN51826,2024-12-01,Dec 2024,Prepaid Expenses,OthCurrAsset,Japan KK,Sales,40932.96,0.0
TXN51826,2024-12-01,Dec 2024,Cash - Operating,Bank,Japan KK,Sales,0.0,40932.96
TXN51827,2024-02-09,Feb 2024,Payroll Liabilities,OthCurrLiab,UK Operations,Operations,36133.43,0.0
TXN51827,2024-02-09,Feb 2024,Cash - Operating,Bank,UK Operations,Operations,0.0,36133.43
TXN51828,2024-01-08,Jan 2024,Accrued Expenses,AcctPay,Germany GmbH,Engineering,36820.08,0.0
TXN51828,2024-01-08,Jan 2024,Prepaid Expenses,OthCurrAsset,Germany GmbH,Engineering,0.0,36820.08
TXN51829,2024-11-06,Nov 2024,Sales Tax Payable,OthCurrLiab,Canada Inc,Marketing,21315.12,0.0
TXN51829,2024-11-06,Nov 2024,Accounts Receivable,AcctRec,Canada Inc,Marketing,0.0,21315.12
TXN51830,2024-08-22,Aug 2024,Travel and Entertainment,Expense,France SAS,Engineering,13287.07,0.0
TXN51830,2024-08-22,Aug 2024,Prepaid Expenses,OthCurrAsset,France SAS,Engineering,0.0,13287.07
TXN51831,2024-05-29,May 2024,Utilities,Expense,Japan KK,Engineering,11190.42,0.0
TXN51831,2024-05-29,May 2024,Accounts Payable,AcctPay,Japan KK,Engineering,0.0,11190.42
TXN51832,2024-05-25,May 2024,Marketing and Advertising,Expense,France SAS,Finance,958.91,0.0
TXN51832,2024-05-25,May 2024,Inventory - Finished Goods,OthCurrAsset,France SAS,Finance,0.0,958.91
TXN51833,2024-10-06,Oct 2024,Allowance for Doubtful Accounts,AcctRec,UK Operations,Finance,11280.64,0.0
TXN51833,2024-10-06,Oct 2024,Prepaid Expenses,OthCurrAsset,UK Operations,Finance,0.0,11280.64
TXN51834,2024-04-28,Apr 2024,Accounts Receivable,AcctRec,Singapore Pte Ltd,Marketing,23892.64,0.0
TXN51834,2024-04-28,Apr 2024,Consulting Revenue,Income,Singapore Pte Ltd,Marketing,0.0,23892.64
TXN51835,2024-03-14,Mar 2024,Allowance for Doubtful Accounts,AcctRec,UK Operations,Engineering,28088.18,0.0
TXN51835,2024-03-14,Mar 2024,Service Revenue,Income,UK Operations,Engineering,0.0,28088.18
TXN51836,2024-02-12,Feb 2024,IT and Software,Expense,Germany GmbH,Finance,30862.77,0.0
TXN51836,2024-02-12,Feb 2024,Allowance for Doubtful Accounts,AcctRec,Germany GmbH,Finance,0.0,30862.77
TXN51837,2024-01-31,Jan 2024,Accrued Expenses,AcctPay,Singapore Pte Ltd,Marketing,20651.74,0.0
TXN51837,2024-01-31,Jan 2024,Cash - Operating,Bank,Singapore Pte Ltd,Marketing,0.0,20651.74
TXN51838,2024-06-13,Jun 2024,Inventory - Raw Materials,OthCurrAsset,Japan KK,Engineering,13480.43,0.0
TXN51838,2024-06-13,Jun 2024,Interest Income,OthIncome,Japan KK,Engineering,0.0,13480.43
TXN51839,2024-10-06,Oct 2024,Allowance for Doubtful Accounts,AcctRec,Singapore Pte Ltd,Marketing,47977.82,0.0
TXN51839,2024-10-06,Oct 2024,Interest Income,OthIncome,Singapore Pte Ltd,Marketing,0.0,47977.82
TXN51840,2024-09-20,Sep 2024,Cash - Payroll,Bank,UK Operations,Engineering,21342.53,0.0
TXN51840,2024-09-20,Sep 2024,Product Sales,Income,UK Operations,Engineering,0.0,21342.53
TXN51841,2024-03-23,Mar 2024,Cash - Operating,Bank,UK Operations,Sales,9948.64,0.0
TXN51841,2024-03-23,Mar 2024,Cash - Operating,Bank,UK Operations,Sales,0.0,9948.64
TXN51842,2024-08-05,Aug 2024,Salaries and Wages,Expense,Singapore Pte Ltd,Sales,31345.63,0.0
TXN51842,2024-08-05,Aug 2024,Short-term Loans,OthCurrLiab,Singapore Pte Ltd,Sales,0.0,31345.63
TXN51843,2024-10-07,Oct 2024,Accounts Receivable,AcctRec,Japan KK,Finance,562.0,0.0
TXN51843,2024-10-07,Oct 2024,Consulting Revenue,Income,Japan KK,Finance,0.0,562.0
TXN51844,2024-09-24,Sep 2024,Salaries and Wages,Expense,Australia Pty Ltd,Operations,44488.3,0.0
TXN51844,2024-09-24,Sep 2024,Accounts Receivable,AcctRec,Australia Pty Ltd,Operations,0.0,44488.3
TXN51845,2024-05-28,May 2024,IT and Software,Expense,France SAS,Operations,47604.57,0.0
TXN51845,2024-05-28,May 2024,Inventory - Raw Materials,OthCurrAsset,France SAS,Operations,0.0,47604.57
TXN51846,2024-08-29,Aug 2024,Inventory - Finished Goods,OthCurrAsset,Singapore Pte Ltd,Sales,46816.5,0.0
TXN51846,2024-08-29,Aug 2024,Prepaid Expenses,OthCurrAsset,Singapore Pte Ltd,Sales,0.0,46816.5
TXN51847,2024-03-10,Mar 2024,Office Supplies,Expense,Germany GmbH,Operations,35782.56,0.0
TXN51847,2024-03-10,Mar 2024,Prepaid Expenses,OthCurrAsset,Germany GmbH,Operations,0.0,35782.56
TXN51848,2024-04-01,Apr 2024,Accounts Receivable,AcctRec,Germany GmbH,Finance,3445.7,0.0
TXN51848,2024-04-01,Apr 2024,Inventory - Finished Goods,OthCurrAsset,Germany GmbH,Finance,0.0,3445.7
TXN51849,2024-04-06,Apr 2024,Cost of Goods Sold - Services,COGS,France SAS,,4783.01,0.0
TXN51849,2024-04-06,Apr 2024,Cash - Operating,Bank,France SAS,,0.0,4783.01
TXN51850,2024-11-15,Nov 2024,Professional Fees,Expense,Singapore Pte Ltd,Operations,7907.01,0.0
TXN51850,2024-11-15,Nov 2024,Allowance for Doubtful Accounts,AcctRec,Singapore Pte Ltd,Operations,0.0,7907.01
TXN51851,2024-06-25,Jun 2024,Payroll Liabilities,OthCurrLiab,US Headquarters,Sales,13801.57,0.0
TXN51851,2024-06-25,Jun 2024,Inventory - Raw Materials,OthCurrAsset,US Headquarters,Sales,0.0,13801.57
TXN51852,2024-06-05,Jun 2024,Inventory - Raw Materials,OthCurrAsset,Australia Pty Ltd,Operations,38372.74,0.0
TXN51852,2024-06-05,Jun 2024,Inventory - Raw Materials,OthCurrAsset,Australia Pty Ltd,Operations,0.0,38372.74
TXN51853,2024-11-24,Nov 2024,Cash - Payroll,Bank,France SAS,Engineering,29672.69,0.0
TXN51853,2024-11-24,Nov 2024,Consulting Revenue,Income,France SAS,Engineering,0.0,29672.69
TXN51854,2024-04-01,Apr 2024,Short-term Loans,OthCurrLiab,Canada Inc,Operations,5205.87,0.0
TXN51854,2024-04-01,Apr 2024,Inventory - Finished Goods,OthCurrAsset,Canada Inc,Operations,0.0,5205.87
TXN51855,2024-07-15,Jul 2024,Utilities,Expense,Australia Pty Ltd,Operations,38621.74,0.0
TXN51855,2024-07-15,Jul 2024,Short-term Loans,OthCurrLiab,Australia Pty Ltd,Operations,0.0,38621.74
TXN51856,2024-11-11,Nov 2024,Accrued Expenses,AcctPay,Singapore Pte Ltd,Sales,8488.16,0.0
TXN51856,2024-11-11,Nov 2024,Cash - Operating,Bank,Singapore Pte Ltd,Sales,0.0,8488.16
TXN51857,2024-11-10,Nov 2024,Accounts Receivable,AcctRec,Germany GmbH,Sales,8324.44,0.0
TXN51857,2024-11-10,Nov 2024,Cash - Operating,Bank,Germany GmbH,Sales,0.0,8324.44
TXN51858,2024-01-27,Jan 2024,Travel and Entertainment,Expense,Germany GmbH,Operations,40381.0,0.0
TXN51858,2024-01-27,Jan 2024,Inventory - Finished Goods,OthCurrAsset,Germany GmbH,Operations,0.0,40381.0
TXN51859,2024-06-03,Jun 2024,Marketing and Advertising,Expense,UK Operations,Sales,28051.24,0.0
TXN51859,2024-06-03,Jun 2024,Short-term Loans,OthCurrLiab,UK Operations,Sales,0.0,28051.24
TXN51860,2024-08-30,Aug 2024,Cash - Operating,Bank,Australia Pty Ltd,Marketing,41948.61,0.0
TXN51860,2024-08-30,Aug 2024,Service Revenue,Income,Australia Pty Ltd,Marketing,0.0,41948.61
TXN51861,2024-03-26,Mar 2024,Travel and Entertainment,Expense,Canada Inc,,7229.91,0.0
TXN51861,2024-03-26,Mar 2024,Accounts Payable,AcctPay,Canada Inc,,0.0,7229.91
TXN51862,2024-12-21,Dec 2024,Inventory - Finished Goods,OthCurrAsset,Canada Inc,,6099.97,0.0
TXN51862,2024-12-21,Dec 2024,Accounts Receivable,AcctRec,Canada Inc,,0.0,6099.97
TXN51863,2024-04-01,Apr 2024,Sales Tax Payable,OthCurrLiab,US Headquarters,Marketing,42783.08,0.0
TXN51863,2024-04-01,Apr 2024,Inventory - Finished Goods,OthCurrAsset,US Headquarters,Marketing,0.0,42783.08
TXN51864,2024-08-05,Aug 2024,Cash - Payroll,Bank,France SAS,Operations,28033.72,0.0
TXN51864,2024-08-05,Aug 2024,Allowance for Doubtful Accounts,AcctRec,France SAS,Operations,0.0,28033.72
TXN51865,2024-07-10,Jul 2024,Accounts Receivable,AcctRec,Germany GmbH,,49772.38,0.0
TXN51865,2024-07-10,Jul 2024,Service Revenue,Income,Germany GmbH,,0.0,49772.38
TXN51866,2024-01-03,Jan 2024,Utilities,Expense,Canada Inc,Marketing,4796.01,0.0
TXN51866,2024-01-03,Jan 2024,Accrued Expenses,AcctPay,Canada Inc,Marketing,0.0,4796.01
TXN51867,2024-01-07,Jan 2024,Marketing and Advertising,Expense,Canada Inc,Engineering,32396.18,0.0
TXN51867,2024-01-07,Jan 2024,Cash - Operating,Bank,Canada Inc,Engineering,0.0,32396.18
TXN51868,2024-12-22,Dec 2024,Prepaid Expenses,OthCurrAsset,Canada Inc,Marketing,31300.99,0.0
TXN51868,2024-12-22,Dec 2024,Cash - Operating,Bank,Canada Inc,Marketing,0.0,31300.99
TXN51869,2024-08-29,Aug 2024,Short-term Loans,OthCurrLiab,Singapore Pte Ltd,Finance,8771.17,0.0
TXN51869,2024-08-29,Aug 2024,Prepaid Expenses,OthCurrAsset,Singapore Pte Ltd,Finance,0.0,8771.17
TXN51870,2024-02-23,Feb 2024,Cash - Payroll,Bank,US Headquarters,Marketing,1538.96,0.0
TXN51870,2024-02-23,Feb 2024,Inventory - Finished Goods,OthCurrAsset,US Headquarters,Marketing,0.0,1538.96
TXN51871,2024-03-31,Mar 2024,Accounts Payable,AcctPay,Germany GmbH,Engineering,21036.67,0.0
TXN51871,2024-03-31,Mar 2024,Allowance for Doubtful Accounts,AcctRec,Germany GmbH,Engineering,0.0,21036.67
TXN51872,2024-11-22,Nov 2024,Rent Expense,Expense,US Headquarters,Marketing,4964.03,0.0
TXN51872,2024-11-22,Nov 2024,Payroll Liabilities,OthCurrLiab,US Headquarters,Marketing,0.0,4964.03
TXN51873,2024-11-10,Nov 2024,Sales Tax Payable,OthCurrLiab,US Headquarters,Marketing,41879.95,0.0
TXN51873,2024-11-10,Nov 2024,Inventory - Finished Goods,OthCurrAsset,US Headquarters,Marketing,0.0,41879.95
TXN51874,2024-03-27,Mar 2024,Marketing and Advertising,Expense,Australia Pty Ltd,Operations,807.14,0.0
TXN51874,2024-03-27,Mar 2024,Payroll Liabilities,OthCurrLiab,Australia Pty Ltd,Operations,0.0,807.14
TXN51875,2024-12-08,Dec 2024,Accrued Expenses,AcctPay,US Headquarters,Engineering,9727.7,0.0
TXN51875,2024-12-08,Dec 2024,Inventory - Finished Goods,OthCurrAsset,US Headquarters,Engineering,0.0,9727.7
TXN51876,2024-05-16,May 2024,Cash - Payroll,Bank,UK Operations,Sales,22225.6,0.0
TXN51876,2024-05-16,May 2024,Interest Income,OthIncome,UK Operations,Sales,0.0,22225.6
TXN51877,2024-03-29,Mar 2024,Office Supplies,Expense,US Headquarters,Marketing,13760.78,0.0
TXN51877,2024-03-29,Mar 2024,Accounts Payable,AcctPay,US Headquarters,Marketing,0.0,13760.78
TXN51878,2024-10-17,Oct 2024,Cash - Operating,Bank,UK Operations,Operations,46520.62,0.0
TXN51878,2024-10-17,Oct 2024,Service Revenue,Income,UK Operations,Operations,0.0,46520.62
TXN51879,2024-02-14,Feb 2024,Prepaid Expenses,OthCurrAsset,Germany GmbH,Marketing,29598.31,0.0
TXN51879,2024-02-14,Feb 2024,Cash - Payroll,Bank,Germany GmbH,Marketing,0.0,29598.31
TXN51880,2024-01-06,Jan 2024,Inventory - Finished Goods,OthCurrAsset,France SAS,,18789.02,0.0
TXN51880,2024-01-06,Jan 2024,Service Revenue,Income,France SAS,,0.0,18789.02
TXN51881,2024-06-06,Jun 2024,Cash - Operating,Bank,France SAS,,37816.04,0.0
TXN51881,2024-06-06,Jun 2024,Interest Income,OthIncome,France SAS,,0.0,37816.04
TXN51882,2024-12-27,Dec 2024,Marketing and Advertising,Expense,Canada Inc,Sales,14020.27,0.0
TXN51882,2024-12-27,Dec 2024,Allowance for Doubtful Accounts,AcctRec,Canada Inc,Sales,0.0,14020.27
TXN51883,2024-04-06,Apr 2024,Inventory - Finished Goods,OthCurrAsset,Canada Inc,Sales,8937.89,0.0
TXN51883,2024-04-06,Apr 2024,Interest Income,OthIncome,Canada Inc,Sales,0.0,8937.89
TXN51884,2024-05-15,May 2024,Interest Expense,OthExpense,UK Operations,Finance,17822.14,0.0
TXN51884,2024-05-15,May 2024,Accrued Expenses,AcctPay,UK Operations,Finance,0.0,17822.14
TXN51885,2024-08-18,Aug 2024,Salaries and Wages,Expense,Germany GmbH,Engineering,47488.29,0.0
TXN51885,2024-08-18,Aug 2024,Accrued Expenses,AcctPay,Germany GmbH,Engineering,0.0,47488.29
TXN51886,2024-10-18,Oct 2024,Interest Expense,OthExpense,France SAS,,21749.28,0.0
TXN51886,2024-10-18,Oct 2024,Inventory - Raw Materials,OthCurrAsset,France SAS,,0.0,21749.28
TXN51887,2024-04-16,Apr 2024,Utilities,Expense,Australia Pty Ltd,,48427.67,0.0
TXN51887,2024-04-16,Apr 2024,Cash - Payroll,Bank,Australia Pty Ltd,,0.0,48427.67
TXN51888,2024-09-19,Sep 2024,Cash - Operating,Bank,France SAS,Marketing,10990.92,0.0
TXN51888,2024-09-19,Sep 2024,Service Revenue,Income,France SAS,Marketing,0.0,10990.92
TXN51889,2024-08-31,Aug 2024,Marketing and Advertising,Expense,Germany GmbH,Finance,29382.36,0.0
TXN51889,2024-08-31,Aug 2024,Payroll Liabilities,OthCurrLiab,Germany GmbH,Finance,0.0,29382.36
TXN51890,2024-10-28,Oct 2024,Cost of Goods Sold - Products,COGS,US Headquarters,Marketing,35094.29,0.0
TXN51890,2024-10-28,Oct 2024,Accounts Receivable,AcctRec,US Headquarters,Marketing,0.0,35094.29
TXN51891,2024-08-03,Aug 2024,Cash - Payroll,Bank,Singapore Pte Ltd,Marketing,16899.92,0.0
TXN51891,2024-08-03,Aug 2024,Accounts Receivable,AcctRec,Singapore Pte Ltd,Marketing,0.0,16899.92
TXN51892,2024-06-05,Jun 2024,Payroll Liabilities,OthCurrLiab,Germany GmbH,Finance,27384.23,0.0
TXN51892,2024-06-05,Jun 2024,Prepaid Expenses,OthCurrAsset,Germany GmbH,Finance,0.0,27384.23
TXN51893,2024-11-11,Nov 2024,Marketing and Advertising,Expense,Singapore Pte Ltd,Operations,28840.66,0.0
TXN51893,2024-11-11,Nov 2024,Accounts Payable,AcctPay,Singapore Pte Ltd,Operations,0.0,28840.66
TXN51894,2024-05-04,May 2024,Inventory - Finished Goods,OthCurrAsset,Canada Inc,,18723.42,0.0
TXN51894,2024-05-04,May 2024,Interest Income,OthIncome,Canada Inc,,0.0,18723.42
TXN51895,2024-06-02,Jun 2024,Inventory - Raw Materials,OthCurrAsset,US Headquarters,Sales,38182.33,0.0
TXN51895,2024-06-02,Jun 2024,Cash - Operating,Bank,US Headquarters,Sales,0.0,38182.33
TXN51896,2024-08-03,Aug 2024,Cost of Goods Sold - Products,COGS,Japan KK,Marketing,47703.7,0.0
TXN51896,2024-08-03,Aug 2024,Accounts Receivable,AcctRec,Japan KK,Marketing,0.0,47703.7
TXN51897,2024-09-19,Sep 2024,Inventory - Raw Materials,OthCurrAsset,Germany GmbH,Marketing,44341.1,0.0
TXN51897,2024-09-19,Sep 2024,Cash - Payroll,Bank,Germany GmbH,Marketing,0.0,44341.1
TXN51898,2024-10-17,Oct 2024,Accounts Payable,AcctPay,Germany GmbH,Sales,33203.98,0.0
TXN51898,2024-10-17,Oct 2024,Cash - Operating,Bank,Germany GmbH,Sales,0.0,33203.98
TXN51899,2024-06-07,Jun 2024,Cash - Operating,Bank,Germany GmbH,Marketing,22989.8,0.0
TXN51899,2024-06-07,Jun 2024,Service Revenue,Income,Germany GmbH,Marketing,0.0,22989.8
TXN51900,2024-04-12,Apr 2024,Prepaid Expenses,OthCurrAsset,Germany GmbH,Marketing,15445.58,0.0
TXN51900,2024-04-12,Apr 2024,Service Revenue,Income,Germany GmbH,Marketing,0.0,15445.58
TXN51901,2024-08-11,Aug 2024,Office Supplies,Expense,UK Operations,,12312.15,0.0
TXN51901,2024-08-11,Aug 2024,Cash - Operating,Bank,UK Operations,,0.0,12312.15
TXN51902,2024-09-01,Sep 2024,Marketing and Advertising,Expense,Germany GmbH,Marketing,5085.68,0.0
TXN51902,2024-09-01,Sep 2024,Short-term Loans,OthCurrLiab,Germany GmbH,Marketing,0.0,5085.68
TXN51903,2024-04-18,Apr 2024,Rent Expense,Expense,Singapore Pte Ltd,,18876.95,0.0
TXN51903,2024-04-18,Apr 2024,Cash - Payroll,Bank,Singapore Pte Ltd,,0.0,18876.95
TXN51904,2024-07-17,Jul 2024,Prepaid Expenses,OthCurrAsset,Germany GmbH,Marketing,38175.91,0.0
TXN51904,2024-07-17,Jul 2024,Consulting Revenue,Income,Germany GmbH,Marketing,0.0,38175.91
TXN51905,2024-05-24,May 2024,Allowance for Doubtful Accounts,AcctRec,Japan KK,Operations,19753.13,0.0
TXN51905,2024-05-24,May 2024,Product Sales,Income,Japan KK,Operations,0.0,19753.13
TXN51906,2024-04-23,Apr 2024,Prepaid Expenses,OthCurrAsset,Germany GmbH,Sales,18519.72,0.0
TXN51906,2024-04-23,Apr 2024,Product Sales,Income,Germany GmbH,Sales,0.0,18519.72
TXN51907,2024-11-08,Nov 2024,Cash - Payroll,Bank,Japan KK,Engineering,32314.31,0.0
TXN51907,2024-11-08,Nov 2024,Product Sales,Income,Japan KK,Engineering,0.0,32314.31
TXN51908,2024-04-18,Apr 2024,Salaries and Wages,Expense,Canada Inc,Finance,4733.23,0.0
TXN51908,2024-04-18,Apr 2024,Prepaid Expenses,OthCurrAsset,Canada Inc,Finance,0.0,4733.23
TXN51909,2024-03-18,Mar 2024,Accounts Payable,AcctPay,Canada Inc,Marketing,19402.09,0.0
TXN51909,2024-03-18,Mar 2024,Accounts Receivable,AcctRec,Canada Inc,Marketing,0.0,19402.09
TXN51910,2024-08-03,Aug 2024,Cost of Goods Sold - Services,COGS,Germany GmbH,Sales,19970.99,0.0
TXN51910,2024-08-03,Aug 2024,Accounts Payable,AcctPay,Germany GmbH,Sales,0.0,19970.99
TXN51911,2024-02-12,Feb 2024,Marketing and Advertising,Expense,Australia Pty Ltd,,36660.27,0.0
TXN51911,2024-02-12,Feb 2024,Cash - Operating,Bank,Australia Pty Ltd,,0.0,36660.27
TXN51912,2024-03-23,Mar 2024,Travel and Entertainment,Expense,Australia Pty Ltd,Sales,28776.64,0.0
TXN51912,2024-03-23,Mar 2024,Cash - Operating,Bank,Australia Pty Ltd,Sales,0.0,28776.64
TXN51913,2024-09-05,Sep 2024,Accounts Receivable,AcctRec,Japan KK,Finance,38590.85,0.0
TXN51913,2024-09-05,Sep 2024,Product Sales,Income,Japan KK,Finance,0.0,38590.85
TXN51914,2024-11-05,Nov 2024,Office Supplies,Expense,Singapore Pte Ltd,Operations,18703.98,0.0
TXN51914,2024-11-05,Nov 2024,Accrued Expenses,AcctPay,Singapore Pte Ltd,Operations,0.0,18703.98
TXN51915,2024-07-05,Jul 2024,Marketing and Advertising,Expense,UK Operations,Sales,49038.65,0.0
TXN51915,2024-07-05,Jul 2024,Payroll Liabilities,OthCurrLiab,UK Operations,Sales,0.0,49038.65
TXN51916,2024-02-10,Feb 2024,Inventory - Raw Materials,OthCurrAsset,Germany GmbH,Engineering,16922.07,0.0
TXN51916,2024-02-10,Feb 2024,Accounts Receivable,AcctRec,Germany GmbH,Engineering,0.0,16922.07
TXN51917,2024-04-11,Apr 2024,Cash - Operating,Bank,Singapore Pte Ltd,Finance,2522.33,0.0
TXN51917,2024-04-11,Apr 2024,Interest Income,OthIncome,Singapore Pte Ltd,Finance,0.0,2522.33
TXN51918,2024-08-23,Aug 2024,Utilities,Expense,Australia Pty Ltd,Engineering,44469.38,0.0
TXN51918,2024-08-23,Aug 2024,Prepaid Expenses,OthCurrAsset,Australia Pty Ltd,Engineering,0.0,44469.38
TXN51919,2024-06-21,Jun 2024,Accounts Receivable,AcctRec,Canada Inc,Engineering,27183.15,0.0
TXN51919,2024-06-21,Jun 2024,Interest Income,OthIncome,Canada Inc,Engineering,0.0,27183.15
TXN51920,2024-01-09,Jan 2024,Cash - Operating,Bank,Singapore Pte Ltd,Marketing,14954.4,0.0
TXN51920,2024-01-09,Jan 2024,Consulting Revenue,Income,Singapore Pte Ltd,Marketing,0.0,14954.4
TXN51921,2024-01-19,Jan 2024,Salaries and Wages,Expense,Japan KK,Sales,8844.16,0.0
TXN51921,2024-01-19,Jan 2024,Short-term Loans,OthCurrLiab,Japan KK,Sales,0.0,8844.16
TXN51922,2024-03-15,Mar 2024,Allowance for Doubtful Accounts,AcctRec,Singapore Pte Ltd,Finance,44646.56,0.0
TXN51922,2024-03-15,Mar 2024,Service Revenue,Income,Singapore Pte Ltd,Finance,0.0,44646.56
TXN51923,2024-09-25,Sep 2024,Salaries and Wages,Expense,Singapore Pte Ltd,Engineering,3919.15,0.0
TXN51923,2024-09-25,Sep 2024,Sales Tax Payable,OthCurrLiab,Singapore Pte Ltd,Engineering,0.0,3919.15
TXN51924,2024-11-22,Nov 2024,Sales Tax Payable,OthCurrLiab,UK Operations,Finance,25680.35,0.0
TXN51924,2024-11-22,Nov 2024,Inventory - Finished Goods,OthCurrAsset,UK Operations,Finance,0.0,25680.35
TXN51925,2024-06-03,Jun 2024,Accounts Receivable,AcctRec,Japan KK,Finance,1216.94,0.0
TXN51925,2024-06-03,Jun 2024,Inventory - Finished Goods,OthCurrAsset,Japan KK,Finance,0.0,1216.94
TXN51926,2024-11-30,Nov 2024,Short-term Loans,OthCurrLiab,UK Operations,Finance,48261.49,0.0
TXN51926,2024-11-30,Nov 2024,Accounts Receivable,AcctRec,UK Operations,Finance,0.0,48261.49
TXN51927,2024-06-04,Jun 2024,Travel and Entertainment,Expense,France SAS,,39967.81,0.0
TXN51927,2024-06-04,Jun 2024,Allowance for Doubtful Accounts,AcctRec,France SAS,,0.0,39967.81
TXN51928,2024-08-11,Aug 2024,Inventory - Raw Materials,OthCurrAsset,Canada Inc,,34474.28,0.0
TXN51928,2024-08-11,Aug 2024,Product Sales,Income,Canada Inc,,0.0,34474.28
TXN51929,2024-11-05,Nov 2024,Allowance for Doubtful Accounts,AcctRec,Japan KK,Sales,33942.59,0.0
TXN51929,2024-11-05,Nov 2024,Service Revenue,Income,Japan KK,Sales,0.0,33942.59
TXN51930,2024-01-10,Jan 2024,Inventory - Raw Materials,OthCurrAsset,Japan KK,,6575.37,0.0
TXN51930,2024-01-10,Jan 2024,Consulting Revenue,Income,Japan KK,,0.0,6575.37
TXN51931,2024-02-19,Feb 2024,Cash - Operating,Bank,France SAS,Sales,1001.84,0.0
TXN51931,2024-02-19,Feb 2024,Consulting Revenue,Income,France SAS,Sales,0.0,1001.84
TXN51932,2024-12-30,Dec 2024,Professional Fees,Expense,Singapore Pte Ltd,Operations,21096.16,0.0
TXN51932,2024-12-30,Dec 2024,Prepaid Expenses,OthCurrAsset,Singapore Pte Ltd,Operations,0.0,21096.16
TXN51933,2024-08-31,Aug 2024,Allowance for Doubtful Accounts,AcctRec,US Headquarters,Marketing,17095.74,0.0
TXN51933,2024-08-31,Aug 2024,Service Revenue,Income,US Headquarters,Marketing,0.0,17095.74
TXN51934,2024-08-24,Aug 2024,Allowance for Doubtful Accounts,AcctRec,Singapore Pte Ltd,Sales,26658.79,0.0
TXN51934,2024-08-24,Aug 2024,Consulting Revenue,Income,Singapore Pte Ltd,Sales,0.0,26658.79
TXN51935,2024-07-25,Jul 2024,Inventory - Finished Goods,OthCurrAsset,US Headquarters,,42629.35,0.0
TXN51935,2024-07-25,Jul 2024,Allowance for Doubtful Accounts,AcctRec,US Headquarters,,0.0,42629.35
TXN51936,2024-10-14,Oct 2024,Accounts Receivable,AcctRec,Australia Pty Ltd,Engineering,10456.8,0.0
TXN51936,2024-10-14,Oct 2024,Accounts Receivable,AcctRec,Australia Pty Ltd,Engineering,0.0,10456.8
TXN51937,2024-05-29,May 2024,Inventory - Raw Materials,OthCurrAsset,Australia Pty Ltd,Finance,33757.62,0.0
TXN51937,2024-05-29,May 2024,Service Revenue,Income,Australia Pty Ltd,Finance,0.0,33757.62
TXN51938,2024-11-15,Nov 2024,Cash - Operating,Bank,Australia Pty Ltd,Operations,21633.39,0.0
TXN51938,2024-11-15,Nov 2024,Prepaid Expenses,OthCurrAsset,Australia Pty Ltd,Operations,0.0,21633.39
TXN51939,2024-05-25,May 2024,Marketing and Advertising,Expense,Singapore Pte Ltd,Sales,18826.69,0.0
TXN51939,2024-05-25,May 2024,Sales Tax Payable,OthCurrLiab,Singapore Pte Ltd,Sales,0.0,18826.69
TXN51940,2024-03-04,Mar 2024,Inventory - Raw Materials,OthCurrAsset,UK Operations,Finance,10993.44,0.0
TXN51940,2024-03-04,Mar 2024,Accounts Receivable,AcctRec,UK Operations,Finance,0.0,10993.44
TXN51941,2024-04-01,Apr 2024,Office Supplies,Expense,Germany GmbH,,48946.94,0.0
TXN51941,2024-04-01,Apr 2024,Allowance for Doubtful Accounts,AcctRec,Germany GmbH,,0.0,48946.94
TXN51942,2024-08-02,Aug 2024,Interest Expense,OthExpense,Canada Inc,Marketing,38547.93,0.0
TXN51942,2024-08-02,Aug 2024,Payroll Liabilities,OthCurrLiab,Canada Inc,Marketing,0.0,38547.93
TXN51943,2024-11-20,Nov 2024,Marketing and Advertising,Expense,Australia Pty Ltd,Operations,26827.79,0.0
TXN51943,2024-11-20,Nov 2024,Accounts Payable,AcctPay,Australia Pty Ltd,Operations,0.0,26827.79
TXN51944,2024-08-25,Aug 2024,Allowance for Doubtful Accounts,AcctRec,Canada Inc,Finance,7932.69,0.0
TXN51944,2024-08-25,Aug 2024,Accounts Receivable,AcctRec,Canada Inc,Finance,0.0,7932.69
TXN51945,2024-01-02,Jan 2024,Cost of Goods Sold - Services,COGS,Australia Pty Ltd,Finance,32843.91,0.0
TXN51945,2024-01-02,Jan 2024,Prepaid Expenses,OthCurrAsset,Australia Pty Ltd,Finance,0.0,32843.91
TXN51946,2024-10-24,Oct 2024,IT and Software,Expense,Japan KK,Finance,20573.66,0.0
TXN51946,2024-10-24,Oct 2024,Allowance for Doubtful Accounts,AcctRec,Japan KK,Finance,0.0,20573.66
TXN51947,2024-03-11,Mar 2024,Cost of Goods Sold - Products,COGS,UK Operations,Operations,28572.18,0.0
TXN51947,2024-03-11,Mar 2024,Inventory - Finished Goods,OthCurrAsset,UK Operations,Operations,0.0,28572.18
TXN51948,2024-11-08,Nov 2024,Cost of Goods Sold - Services,COGS,France SAS,Sales,28508.38,0.0
TXN51948,2024-11-08,Nov 2024,Inventory - Finished Goods,OthCurrAsset,France SAS,Sales,0.0,28508.38
TXN51949,2024-01-12,Jan 2024,Cash - Payroll,Bank,Japan KK,Operations,25615.64,0.0
TXN51949,2024-01-12,Jan 2024,Interest Income,OthIncome,Japan KK,Operations,0.0,25615.64
TXN51950,2024-07-07,Jul 2024,Accrued Expenses,AcctPay,France SAS,Sales,23661.23,0.0
TXN51950,2024-07-07,Jul 2024,Accounts Receivable,AcctRec,France SAS,Sales,0.0,23661.23
TXN51951,2024-03-08,Mar 2024,Allowance for Doubtful Accounts,AcctRec,Canada Inc,Engineering,44732.84,0.0
TXN51951,2024-03-08,Mar 2024,Interest Income,OthIncome,Canada Inc,Engineering,0.0,44732.84
TXN51952,2024-05-05,May 2024,Inventory - Raw Materials,OthCurrAsset,Singapore Pte Ltd,Sales,39858.0,0.0
TXN51952,2024-05-05,May 2024,Inventory - Finished Goods,OthCurrAsset,Singapore Pte Ltd,Sales,0.0,39858.0
TXN51953,2024-02-26,Feb 2024,Accounts Payable,AcctPay,Australia Pty Ltd,Sales,12318.69,0.0
TXN51953,2024-02-26,Feb 2024,Cash - Operating,Bank,Australia Pty Ltd,Sales,0.0,12318.69
TXN51954,2024-01-17,Jan 2024,Cash - Operating,Bank,Japan KK,Operations,49777.17,0.0
TXN51954,2024-01-17,Jan 2024,Prepaid Expenses,OthCurrAsset,Japan KK,Operations,0.0,49777.17
TXN51955,2024-08-01,Aug 2024,Short-term Loans,OthCurrLiab,Canada Inc,,26913.34,0.0
TXN51955,2024-08-01,Aug 2024,Inventory - Finished Goods,OthCurrAsset,Canada Inc,,0.0,26913.34
TXN51956,2024-09-30,Sep 2024,Sales Tax Payable,OthCurrLiab,US Headquarters,Finance,24092.3,0.0
TXN51956,2024-09-30,Sep 2024,Prepaid Expenses,OthCurrAsset,US Headquarters,Finance,0.0,24092.3
TXN51957,2024-07-22,Jul 2024,Inventory - Finished Goods,OthCurrAsset,US Headquarters,Marketing,20031.53,0.0
TXN51957,2024-07-22,Jul 2024,Inventory - Finished Goods,OthCurrAsset,US Headquarters,Marketing,0.0,20031.53
TXN51958,2024-08-13,Aug 2024,Short-term Loans,OthCurrLiab,Japan KK,Engineering,5270.79,0.0
TXN51958,2024-08-13,Aug 2024,Prepaid Expenses,OthCurrAsset,Japan KK,Engineering,0.0,5270.79
TXN51959,2024-02-27,Feb 2024,Cash - Payroll,Bank,Germany GmbH,Marketing,20703.36,0.0
TXN51959,2024-02-27,Feb 2024,Interest Income,OthIncome,Germany GmbH,Marketing,0.0,20703.36
TXN51960,2024-04-17,Apr 2024,Travel and Entertainment,Expense,Canada Inc,Engineering,16568.28,0.0
TXN51960,2024-04-17,Apr 2024,Short-term Loans,OthCurrLiab,Canada Inc,Engineering,0.0,16568.28
TXN51961,2024-09-08,Sep 2024,Office Supplies,Expense,France SAS,Marketing,17187.9,0.0
TXN51961,2024-09-08,Sep 2024,Accounts Payable,AcctPay,France SAS,Marketing,0.0,17187.9
TXN51962,2024-12-24,Dec 2024,Cash - Payroll,Bank,Canada Inc,Operations,13837.42,0.0
TXN51962,2024-12-24,Dec 2024,Service Revenue,Income,Canada Inc,Operations,0.0,13837.42
TXN51963,2024-09-24,Sep 2024,Office Supplies,Expense,Canada Inc,Engineering,11128.97,0.0
TXN51963,2024-09-24,Sep 2024,Short-term Loans,OthCurrLiab,Canada Inc,Engineering,0.0,11128.97
TXN51964,2024-05-29,May 2024,Travel and Entertainment,Expense,Canada Inc,,7999.29,0.0
TXN51964,2024-05-29,May 2024,Short-term Loans,OthCurrLiab,Canada Inc,,0.0,7999.29
TXN51965,2024-08-13,Aug 2024,Salaries and Wages,Expense,Canada Inc,Sales,37212.28,0.0
TXN51965,2024-08-13,Aug 2024,Sales Tax Payable,OthCurrLiab,Canada Inc,Sales,0.0,37212.28
TXN51966,2024-05-29,May 2024,Cash - Payroll,Bank,Japan KK,Marketing,31874.44,0.0
TXN51966,2024-05-29,May 2024,Consulting Revenue,Income,Japan KK,Marketing,0.0,31874.44
TXN51967,2024-03-16,Mar 2024,Professional Fees,Expense,US Headquarters,Marketing,18271.67,0.0
TXN51967,2024-03-16,Mar 2024,Prepaid Expenses,OthCurrAsset,US Headquarters,Marketing,0.0,18271.67
TXN51968,2024-09-01,Sep 2024,Professional Fees,Expense,Germany GmbH,Marketing,32228.19,0.0
TXN51968,2024-09-01,Sep 2024,Inventory - Finished Goods,OthCurrAsset,Germany GmbH,Marketing,0.0,32228.19
TXN51969,2024-09-24,Sep 2024,Salaries and Wages,Expense,Australia Pty Ltd,Finance,43283.89,0.0
TXN51969,2024-09-24,Sep 2024,Accrued Expenses,AcctPay,Australia Pty Ltd,Finance,0.0,43283.89
TXN51970,2024-09-03,Sep 2024,Cash - Operating,Bank,Germany GmbH,Finance,44866.97,0.0
TXN51970,2024-09-03,Sep 2024,Consulting Revenue,Income,Germany GmbH,Finance,0.0,44866.97
TXN51971,2024-04-25,Apr 2024,Prepaid Expenses,OthCurrAsset,Canada Inc,Sales,11293.07,0.0
TXN51971,2024-04-25,Apr 2024,Product Sales,Income,Canada Inc,Sales,0.0,11293.07
TXN51972,2024-11-28,Nov 2024,Interest Expense,OthExpense,France SAS,Marketing,24989.63,0.0
TXN51972,2024-11-28,Nov 2024,Cash - Operating,Bank,France SAS,Marketing,0.0,24989.63
TXN51973,2024-09-25,Sep 2024,Marketing and Advertising,Expense,France SAS,,10206.25,0.0
TXN51973,2024-09-25,Sep 2024,Payroll Liabilities,OthCurrLiab,France SAS,,0.0,10206.25
TXN51974,2024-02-20,Feb 2024,Professional Fees,Expense,Australia Pty Ltd,Operations,3453.17,0.0
TXN51974,2024-02-20,Feb 2024,Short-term Loans,OthCurrLiab,Australia Pty Ltd,Operations,0.0,3453.17
TXN51975,2024-10-02,Oct 2024,Rent Expense,Expense,UK Operations,Engineering,22386.98,0.0
TXN51975,2024-10-02,Oct 2024,Inventory - Raw Materials,OthCurrAsset,UK Operations,Engineering,0.0,22386.98
TXN51976,2024-04-03,Apr 2024,Cost of Goods Sold - Products,COGS,France SAS,Sales,34512.91,0.0
TXN51976,2024-04-03,Apr 2024,Sales Tax Payable,OthCurrLiab,France SAS,Sales,0.0,34512.91
TXN51977,2024-05-16,May 2024,Accounts Payable,AcctPay,Canada Inc,Engineering,37181.21,0.0
TXN51977,2024-05-16,May 2024,Cash - Payroll,Bank,Canada Inc,Engineering,0.0,37181.21
TXN51978,2024-09-24,Sep 2024,Prepaid Expenses,OthCurrAsset,Canada Inc,Engineering,10465.83,0.0
TXN51978,2024-09-24,Sep 2024,Interest Income,OthIncome,Canada Inc,Engineering,0.0,10465.83
TXN51979,2024-08-25,Aug 2024,Prepaid Expenses,OthCurrAsset,UK Operations,Operations,44093.87,0.0
TXN51979,2024-08-25,Aug 2024,Product Sales,Income,UK Operations,Operations,0.0,44093.87
TXN51980,2024-04-10,Apr 2024,Cost of Goods Sold - Services,COGS,Singapore Pte Ltd,Engineering,22150.71,0.0
TXN51980,2024-04-10,Apr 2024,Accrued Expenses,AcctPay,Singapore Pte Ltd,Engineering,0.0,22150.71
TXN51981,2024-10-28,Oct 2024,IT and Software,Expense,France SAS,Operations,24412.81,0.0
TXN51981,2024-10-28,Oct 2024,Prepaid Expenses,OthCurrAsset,France SAS,Operations,0.0,24412.81
TXN51982,2024-02-27,Feb 2024,Short-term Loans,OthCurrLiab,Singapore Pte Ltd,,9820.46,0.0
TXN51982,2024-02-27,Feb 2024,Prepaid Expenses,OthCurrAsset,Singapore Pte Ltd,,0.0,9820.46
TXN51983,2024-08-21,Aug 2024,Travel and Entertainment,Expense,US Headquarters,Marketing,37752.56,0.0
TXN51983,2024-08-21,Aug 2024,Payroll Liabilities,OthCurrLiab,US Headquarters,Marketing,0.0,37752.56
TXN51984,2024-03-31,Mar 2024,Inventory - Finished Goods,OthCurrAsset,Australia Pty Ltd,Operations,24215.65,0.0
TXN51984,2024-03-31,Mar 2024,Consulting Revenue,Income,Australia Pty Ltd,Operations,0.0,24215.65
TXN51985,2024-05-15,May 2024,Utilities,Expense,France SAS,Marketing,13836.89,0.0
TXN51985,2024-05-15,May 2024,Payroll Liabilities,OthCurrLiab,France SAS,Marketing,0.0,13836.89
TXN51986,2024-08-13,Aug 2024,Inventory - Raw Materials,OthCurrAsset,UK Operations,Sales,24430.26,0.0
TXN51986,2024-08-13,Aug 2024,Interest Income,OthIncome,UK Operations,Sales,0.0,24430.26
TXN51987,2024-09-10,Sep 2024,Utilities,Expense,Germany GmbH,Sales,3371.42,0.0
TXN51987,2024-09-10,Sep 2024,Cash - Payroll,Bank,Germany GmbH,Sales,0.0,3371.42
TXN51988,2024-08-14,Aug 2024,Accrued Expenses,AcctPay,Australia Pty Ltd,,34379.25,0.0
TXN51988,2024-08-14,Aug 2024,Prepaid Expenses,OthCurrAsset,Australia Pty Ltd,,0.0,34379.25
TXN51989,2024-02-25,Feb 2024,Prepaid Expenses,OthCurrAsset,France SAS,Sales,15429.3,0.0
TXN51989,2024-02-25,Feb 2024,Interest Income,OthIncome,France SAS,Sales,0.0,15429.3
TXN51990,2024-02-22,Feb 2024,Office Supplies,Expense,Canada Inc,Operations,10593.57,0.0
TXN51990,2024-02-22,Feb 2024,Accounts Receivable,AcctRec,Canada Inc,Operations,0.0,10593.57
TXN51991,2024-04-08,Apr 2024,Salaries and Wages,Expense,Japan KK,Sales,42632.63,0.0
TXN51991,2024-04-08,Apr 2024,Inventory - Finished Goods,OthCurrAsset,Japan KK,Sales,0.0,42632.63
TXN51992,2024-09-21,Sep 2024,Utilities,Expense,Singapore Pte Ltd,,29801.96,0.0
TXN51992,2024-09-21,Sep 2024,Allowance for Doubtful Accounts,AcctRec,Singapore Pte Ltd,,0.0,29801.96
TXN51993,2024-05-14,May 2024,Inventory - Finished Goods,OthCurrAsset,Singapore Pte Ltd,Marketing,18602.48,0.0
TXN51993,2024-05-14,May 2024,Consulting Revenue,Income,Singapore Pte Ltd,Marketing,0.0,18602.48
TXN51994,2024-06-10,Jun 2024,Marketing and Advertising,Expense,Singapore Pte Ltd,Marketing,21322.37,0.0
TXN51994,2024-06-10,Jun 2024,Cash - Operating,Bank,Singapore Pte Ltd,Marketing,0.0,21322.37
TXN51995,2024-07-25,Jul 2024,Payroll Liabilities,OthCurrLiab,US Headquarters,Finance,17745.24,0.0
TXN51995,2024-07-25,Jul 2024,Prepaid Expenses,OthCurrAsset,US Headquarters,Finance,0.0,17745.24
TXN51996,2024-05-20,May 2024,Utilities,Expense,US Headquarters,,10190.43,0.0
TXN51996,2024-05-20,May 2024,Inventory - Raw Materials,OthCurrAsset,US Headquarters,,0.0,10190.43
TXN51997,2024-07-10,Jul 2024,Professional Fees,Expense,US Headquarters,Marketing,21432.17,0.0
TXN51997,2024-07-10,Jul 2024,Accrued Expenses,AcctPay,US Headquarters,Marketing,0.0,21432.17
TXN51998,2024-04-12,Apr 2024,Cash - Operating,Bank,France SAS,Operations,25196.88,0.0
TXN51998,2024-04-12,Apr 2024,Cash - Operating,Bank,France SAS,Operations,0.0,25196.88
TXN51999,2024-05-04,May 2024,Inventory - Raw Materials,OthCurrAsset,Germany GmbH,Marketing,36170.17,0.0
TXN51999,2024-05-04,May 2024,Allowance for Doubtful Accounts,AcctRec,Germany GmbH,Marketing,0.0,36170.17
